site,impl,n,procs,threads,dist,chunk,run,rank,compute,count
caas-2node,mpi,1000000,8,1,block,1024,1,0,0.008656,11734
caas-2node,mpi,1000000,8,1,block,1024,1,1,0.007214,10310
caas-2node,mpi,1000000,8,1,block,1024,1,2,0.008747,9860
caas-2node,mpi,1000000,8,1,block,1024,1,3,0.009985,9634
caas-2node,mpi,1000000,8,1,block,1024,1,4,0.020314,9448
caas-2node,mpi,1000000,8,1,block,1024,1,5,0.012224,9252
caas-2node,mpi,1000000,8,1,block,1024,1,6,0.012821,9210
caas-2node,mpi,1000000,8,1,block,1024,1,7,0.013480,9050
caas-2node,mpi,1000000,8,1,block,1024,2,0,0.004490,11734
caas-2node,mpi,1000000,8,1,block,1024,2,1,0.007152,10310
caas-2node,mpi,1000000,8,1,block,1024,2,2,0.008922,9860
caas-2node,mpi,1000000,8,1,block,1024,2,3,0.010152,9634
caas-2node,mpi,1000000,8,1,block,1024,2,4,0.011120,9448
caas-2node,mpi,1000000,8,1,block,1024,2,5,0.011995,9252
caas-2node,mpi,1000000,8,1,block,1024,2,6,0.013110,9210
caas-2node,mpi,1000000,8,1,block,1024,2,7,0.013551,9050
caas-2node,mpi,1000000,8,1,block,1024,3,0,0.004576,11734
caas-2node,mpi,1000000,8,1,block,1024,3,1,0.010580,10310
caas-2node,mpi,1000000,8,1,block,1024,3,2,0.008722,9860
caas-2node,mpi,1000000,8,1,block,1024,3,3,0.009995,9634
caas-2node,mpi,1000000,8,1,block,1024,3,4,0.011014,9448
caas-2node,mpi,1000000,8,1,block,1024,3,5,0.011966,9252
caas-2node,mpi,1000000,8,1,block,1024,3,6,0.012781,9210
caas-2node,mpi,1000000,8,1,block,1024,3,7,0.025962,9050
caas-2node,mpi,1000000,8,1,cyclic,1024,1,0,0.010002,9839
caas-2node,mpi,1000000,8,1,cyclic,1024,1,1,0.019127,9816
caas-2node,mpi,1000000,8,1,cyclic,1024,1,2,0.009979,9832
caas-2node,mpi,1000000,8,1,cyclic,1024,1,3,0.019172,9791
caas-2node,mpi,1000000,8,1,cyclic,1024,1,4,0.010229,9815
caas-2node,mpi,1000000,8,1,cyclic,1024,1,5,0.009975,9807
caas-2node,mpi,1000000,8,1,cyclic,1024,1,6,0.010311,9837
caas-2node,mpi,1000000,8,1,cyclic,1024,1,7,0.010226,9761
caas-2node,mpi,1000000,8,1,cyclic,1024,2,0,0.009974,9839
caas-2node,mpi,1000000,8,1,cyclic,1024,2,1,0.010117,9816
caas-2node,mpi,1000000,8,1,cyclic,1024,2,2,0.010126,9832
caas-2node,mpi,1000000,8,1,cyclic,1024,2,3,0.010054,9791
caas-2node,mpi,1000000,8,1,cyclic,1024,2,4,0.010037,9815
caas-2node,mpi,1000000,8,1,cyclic,1024,2,5,0.010088,9807
caas-2node,mpi,1000000,8,1,cyclic,1024,2,6,0.010037,9837
caas-2node,mpi,1000000,8,1,cyclic,1024,2,7,0.017559,9761
caas-2node,mpi,1000000,8,1,cyclic,1024,3,0,0.019649,9839
caas-2node,mpi,1000000,8,1,cyclic,1024,3,1,0.009943,9816
caas-2node,mpi,1000000,8,1,cyclic,1024,3,2,0.010138,9832
caas-2node,mpi,1000000,8,1,cyclic,1024,3,3,0.013078,9791
caas-2node,mpi,1000000,8,1,cyclic,1024,3,4,0.019281,9815
caas-2node,mpi,1000000,8,1,cyclic,1024,3,5,0.010054,9807
caas-2node,mpi,1000000,8,1,cyclic,1024,3,6,0.010003,9837
caas-2node,mpi,1000000,8,1,cyclic,1024,3,7,0.009984,9761
caas-2node,mpi,1000000,8,1,blockcyclic,1024,1,0,0.010038,9994
caas-2node,mpi,1000000,8,1,blockcyclic,1024,1,1,0.010956,9809
caas-2node,mpi,1000000,8,1,blockcyclic,1024,1,2,0.009937,9844
caas-2node,mpi,1000000,8,1,blockcyclic,1024,1,3,0.010006,9839
caas-2node,mpi,1000000,8,1,blockcyclic,1024,1,4,0.010024,9822
caas-2node,mpi,1000000,8,1,blockcyclic,1024,1,5,0.010030,9690
caas-2node,mpi,1000000,8,1,blockcyclic,1024,1,6,0.010139,9784
caas-2node,mpi,1000000,8,1,blockcyclic,1024,1,7,0.010007,9716
caas-2node,mpi,1000000,8,1,blockcyclic,1024,2,0,0.010195,9994
caas-2node,mpi,1000000,8,1,blockcyclic,1024,2,1,0.009947,9809
caas-2node,mpi,1000000,8,1,blockcyclic,1024,2,2,0.010213,9844
caas-2node,mpi,1000000,8,1,blockcyclic,1024,2,3,0.010011,9839
caas-2node,mpi,1000000,8,1,blockcyclic,1024,2,4,0.009971,9822
caas-2node,mpi,1000000,8,1,blockcyclic,1024,2,5,0.010042,9690
caas-2node,mpi,1000000,8,1,blockcyclic,1024,2,6,0.018498,9784
caas-2node,mpi,1000000,8,1,blockcyclic,1024,2,7,0.010061,9716
caas-2node,mpi,1000000,8,1,blockcyclic,1024,3,0,0.009948,9994
caas-2node,mpi,1000000,8,1,blockcyclic,1024,3,1,0.009857,9809
caas-2node,mpi,1000000,8,1,blockcyclic,1024,3,2,0.009877,9844
caas-2node,mpi,1000000,8,1,blockcyclic,1024,3,3,0.009996,9839
caas-2node,mpi,1000000,8,1,blockcyclic,1024,3,4,0.009941,9822
caas-2node,mpi,1000000,8,1,blockcyclic,1024,3,5,0.009947,9690
caas-2node,mpi,1000000,8,1,blockcyclic,1024,3,6,0.010042,9784
caas-2node,mpi,1000000,8,1,blockcyclic,1024,3,7,0.019546,9716
caas-2node,mpi,1000000,8,1,wblock,1024,1,0,0.011693,22044
caas-2node,mpi,1000000,8,1,wblock,1024,1,1,0.010552,11565
caas-2node,mpi,1000000,8,1,wblock,1024,1,2,0.010020,9453
caas-2node,mpi,1000000,8,1,wblock,1024,1,3,0.009832,8275
caas-2node,mpi,1000000,8,1,wblock,1024,1,4,0.009616,7521
caas-2node,mpi,1000000,8,1,wblock,1024,1,5,0.009495,6980
caas-2node,mpi,1000000,8,1,wblock,1024,1,6,0.009405,6516
caas-2node,mpi,1000000,8,1,wblock,1024,1,7,0.009292,6144
caas-2node,mpi,1000000,8,1,wblock,1024,2,0,0.011700,22044
caas-2node,mpi,1000000,8,1,wblock,1024,2,1,0.010586,11565
caas-2node,mpi,1000000,8,1,wblock,1024,2,2,0.010110,9453
caas-2node,mpi,1000000,8,1,wblock,1024,2,3,0.009767,8275
caas-2node,mpi,1000000,8,1,wblock,1024,2,4,0.009865,7521
caas-2node,mpi,1000000,8,1,wblock,1024,2,5,0.009593,6980
caas-2node,mpi,1000000,8,1,wblock,1024,2,6,0.009416,6516
caas-2node,mpi,1000000,8,1,wblock,1024,2,7,0.009609,6144
caas-2node,mpi,1000000,8,1,wblock,1024,3,0,0.011720,22044
caas-2node,mpi,1000000,8,1,wblock,1024,3,1,0.010406,11565
caas-2node,mpi,1000000,8,1,wblock,1024,3,2,0.010123,9453
caas-2node,mpi,1000000,8,1,wblock,1024,3,3,0.009809,8275
caas-2node,mpi,1000000,8,1,wblock,1024,3,4,0.021170,7521
caas-2node,mpi,1000000,8,1,wblock,1024,3,5,0.009521,6980
caas-2node,mpi,1000000,8,1,wblock,1024,3,6,0.009358,6516
caas-2node,mpi,1000000,8,1,wblock,1024,3,7,0.017139,6144
caas-2node,mpi,2000000,8,1,block,1024,1,0,0.011681,22044
caas-2node,mpi,2000000,8,1,block,1024,1,1,0.018667,19494
caas-2node,mpi,2000000,8,1,block,1024,1,2,0.022838,18700
caas-2node,mpi,2000000,8,1,block,1024,1,3,0.026188,18260
caas-2node,mpi,2000000,8,1,block,1024,1,4,0.029303,17971
caas-2node,mpi,2000000,8,1,block,1024,1,5,0.031534,17686
caas-2node,mpi,2000000,8,1,block,1024,1,6,0.033697,17453
caas-2node,mpi,2000000,8,1,block,1024,1,7,0.035717,17325
caas-2node,mpi,2000000,8,1,block,1024,2,0,0.011666,22044
caas-2node,mpi,2000000,8,1,block,1024,2,1,0.018713,19494
caas-2node,mpi,2000000,8,1,block,1024,2,2,0.022895,18700
caas-2node,mpi,2000000,8,1,block,1024,2,3,0.026200,18260
caas-2node,mpi,2000000,8,1,block,1024,2,4,0.029095,17971
caas-2node,mpi,2000000,8,1,block,1024,2,5,0.032004,17686
caas-2node,mpi,2000000,8,1,block,1024,2,6,0.033623,17453
caas-2node,mpi,2000000,8,1,block,1024,2,7,0.035650,17325
caas-2node,mpi,2000000,8,1,block,1024,3,0,0.024685,22044
caas-2node,mpi,2000000,8,1,block,1024,3,1,0.031687,19494
caas-2node,mpi,2000000,8,1,block,1024,3,2,0.022864,18700
caas-2node,mpi,2000000,8,1,block,1024,3,3,0.026170,18260
caas-2node,mpi,2000000,8,1,block,1024,3,4,0.029033,17971
caas-2node,mpi,2000000,8,1,block,1024,3,5,0.031437,17686
caas-2node,mpi,2000000,8,1,block,1024,3,6,0.065852,17453
caas-2node,mpi,2000000,8,1,block,1024,3,7,0.035676,17325
caas-2node,mpi,2000000,8,1,cyclic,1024,1,0,0.026184,18650
caas-2node,mpi,2000000,8,1,cyclic,1024,1,1,0.026126,18640
caas-2node,mpi,2000000,8,1,cyclic,1024,1,2,0.026185,18674
caas-2node,mpi,2000000,8,1,cyclic,1024,1,3,0.026123,18519
caas-2node,mpi,2000000,8,1,cyclic,1024,1,4,0.026220,18612
caas-2node,mpi,2000000,8,1,cyclic,1024,1,5,0.039389,18660
caas-2node,mpi,2000000,8,1,cyclic,1024,1,6,0.026126,18581
caas-2node,mpi,2000000,8,1,cyclic,1024,1,7,0.040078,18597
caas-2node,mpi,2000000,8,1,cyclic,1024,2,0,0.026336,18650
caas-2node,mpi,2000000,8,1,cyclic,1024,2,1,0.026342,18640
caas-2node,mpi,2000000,8,1,cyclic,1024,2,2,0.026440,18674
caas-2node,mpi,2000000,8,1,cyclic,1024,2,3,0.026254,18519
caas-2node,mpi,2000000,8,1,cyclic,1024,2,4,0.026673,18612
caas-2node,mpi,2000000,8,1,cyclic,1024,2,5,0.026908,18660
caas-2node,mpi,2000000,8,1,cyclic,1024,2,6,0.026683,18581
caas-2node,mpi,2000000,8,1,cyclic,1024,2,7,0.026713,18597
caas-2node,mpi,2000000,8,1,cyclic,1024,3,0,0.026191,18650
caas-2node,mpi,2000000,8,1,cyclic,1024,3,1,0.026159,18640
caas-2node,mpi,2000000,8,1,cyclic,1024,3,2,0.026212,18674
caas-2node,mpi,2000000,8,1,cyclic,1024,3,3,0.026160,18519
caas-2node,mpi,2000000,8,1,cyclic,1024,3,4,0.026333,18612
caas-2node,mpi,2000000,8,1,cyclic,1024,3,5,0.026368,18660
caas-2node,mpi,2000000,8,1,cyclic,1024,3,6,0.051295,18581
caas-2node,mpi,2000000,8,1,cyclic,1024,3,7,0.026278,18597
caas-2node,mpi,2000000,8,1,blockcyclic,1024,1,0,0.026166,18771
caas-2node,mpi,2000000,8,1,blockcyclic,1024,1,1,0.026012,18557
caas-2node,mpi,2000000,8,1,blockcyclic,1024,1,2,0.026291,18669
caas-2node,mpi,2000000,8,1,blockcyclic,1024,1,3,0.026390,18541
caas-2node,mpi,2000000,8,1,blockcyclic,1024,1,4,0.026499,18652
caas-2node,mpi,2000000,8,1,blockcyclic,1024,1,5,0.026758,18504
caas-2node,mpi,2000000,8,1,blockcyclic,1024,1,6,0.026327,18646
caas-2node,mpi,2000000,8,1,blockcyclic,1024,1,7,0.026882,18593
caas-2node,mpi,2000000,8,1,blockcyclic,1024,2,0,0.026754,18771
caas-2node,mpi,2000000,8,1,blockcyclic,1024,2,1,0.026603,18557
caas-2node,mpi,2000000,8,1,blockcyclic,1024,2,2,0.026289,18669
caas-2node,mpi,2000000,8,1,blockcyclic,1024,2,3,0.026226,18541
caas-2node,mpi,2000000,8,1,blockcyclic,1024,2,4,0.027465,18652
caas-2node,mpi,2000000,8,1,blockcyclic,1024,2,5,0.027400,18504
caas-2node,mpi,2000000,8,1,blockcyclic,1024,2,6,0.027469,18646
caas-2node,mpi,2000000,8,1,blockcyclic,1024,2,7,0.027460,18593
caas-2node,mpi,2000000,8,1,blockcyclic,1024,3,0,0.026468,18771
caas-2node,mpi,2000000,8,1,blockcyclic,1024,3,1,0.026121,18557
caas-2node,mpi,2000000,8,1,blockcyclic,1024,3,2,0.026112,18669
caas-2node,mpi,2000000,8,1,blockcyclic,1024,3,3,0.026096,18541
caas-2node,mpi,2000000,8,1,blockcyclic,1024,3,4,0.026188,18652
caas-2node,mpi,2000000,8,1,blockcyclic,1024,3,5,0.026207,18504
caas-2node,mpi,2000000,8,1,blockcyclic,1024,3,6,0.052041,18646
caas-2node,mpi,2000000,8,1,blockcyclic,1024,3,7,0.026239,18593
caas-2node,mpi,2000000,8,1,wblock,1024,1,0,0.030346,41538
caas-2node,mpi,2000000,8,1,wblock,1024,1,1,0.027986,21945
caas-2node,mpi,2000000,8,1,wblock,1024,1,2,0.026950,17922
caas-2node,mpi,2000000,8,1,wblock,1024,1,3,0.026188,15772
caas-2node,mpi,2000000,8,1,wblock,1024,1,4,0.025650,14307
caas-2node,mpi,2000000,8,1,wblock,1024,1,5,0.025909,13223
caas-2node,mpi,2000000,8,1,wblock,1024,1,6,0.025449,12436
caas-2node,mpi,2000000,8,1,wblock,1024,1,7,0.025628,11790
caas-2node,mpi,2000000,8,1,wblock,1024,2,0,0.030279,41538
caas-2node,mpi,2000000,8,1,wblock,1024,2,1,0.027395,21945
caas-2node,mpi,2000000,8,1,wblock,1024,2,2,0.026305,17922
caas-2node,mpi,2000000,8,1,wblock,1024,2,3,0.025733,15772
caas-2node,mpi,2000000,8,1,wblock,1024,2,4,0.025828,14307
caas-2node,mpi,2000000,8,1,wblock,1024,2,5,0.025348,13223
caas-2node,mpi,2000000,8,1,wblock,1024,2,6,0.024837,12436
caas-2node,mpi,2000000,8,1,wblock,1024,2,7,0.031155,11790
caas-2node,mpi,2000000,8,1,wblock,1024,3,0,0.030326,41538
caas-2node,mpi,2000000,8,1,wblock,1024,3,1,0.027228,21945
caas-2node,mpi,2000000,8,1,wblock,1024,3,2,0.026286,17922
caas-2node,mpi,2000000,8,1,wblock,1024,3,3,0.025747,15772
caas-2node,mpi,2000000,8,1,wblock,1024,3,4,0.025353,14307
caas-2node,mpi,2000000,8,1,wblock,1024,3,5,0.025090,13223
caas-2node,mpi,2000000,8,1,wblock,1024,3,6,0.024740,12436
caas-2node,mpi,2000000,8,1,wblock,1024,3,7,0.024578,11790
caas-2node,mpi,4000000,8,1,block,1024,1,0,0.030280,41538
caas-2node,mpi,4000000,8,1,block,1024,1,1,0.048970,36960
caas-2node,mpi,4000000,8,1,block,1024,1,2,0.060353,35657
caas-2node,mpi,4000000,8,1,block,1024,1,3,0.069220,34778
caas-2node,mpi,4000000,8,1,block,1024,1,4,0.076779,34139
caas-2node,mpi,4000000,8,1,block,1024,1,5,0.083349,33744
caas-2node,mpi,4000000,8,1,block,1024,1,6,0.089185,33334
caas-2node,mpi,4000000,8,1,block,1024,1,7,0.094634,32996
caas-2node,mpi,4000000,8,1,block,1024,2,0,0.030267,41538
caas-2node,mpi,4000000,8,1,block,1024,2,1,0.049050,36960
caas-2node,mpi,4000000,8,1,block,1024,2,2,0.060356,35657
caas-2node,mpi,4000000,8,1,block,1024,2,3,0.069193,34778
caas-2node,mpi,4000000,8,1,block,1024,2,4,0.076892,34139
caas-2node,mpi,4000000,8,1,block,1024,2,5,0.083469,33744
caas-2node,mpi,4000000,8,1,block,1024,2,6,0.089238,33334
caas-2node,mpi,4000000,8,1,block,1024,2,7,0.094687,32996
caas-2node,mpi,4000000,8,1,block,1024,3,0,0.030240,41538
caas-2node,mpi,4000000,8,1,block,1024,3,1,0.049001,36960
caas-2node,mpi,4000000,8,1,block,1024,3,2,0.060387,35657
caas-2node,mpi,4000000,8,1,block,1024,3,3,0.069234,34778
caas-2node,mpi,4000000,8,1,block,1024,3,4,0.076894,34139
caas-2node,mpi,4000000,8,1,block,1024,3,5,0.083372,33744
caas-2node,mpi,4000000,8,1,block,1024,3,6,0.089269,33334
caas-2node,mpi,4000000,8,1,block,1024,3,7,0.095205,32996
caas-2node,mpi,4000000,8,1,cyclic,1024,1,0,0.069149,35406
caas-2node,mpi,4000000,8,1,cyclic,1024,1,1,0.069050,35375
caas-2node,mpi,4000000,8,1,cyclic,1024,1,2,0.069144,35437
caas-2node,mpi,4000000,8,1,cyclic,1024,1,3,0.069290,35352
caas-2node,mpi,4000000,8,1,cyclic,1024,1,4,0.069293,35418
caas-2node,mpi,4000000,8,1,cyclic,1024,1,5,0.069450,35432
caas-2node,mpi,4000000,8,1,cyclic,1024,1,6,0.069306,35383
caas-2node,mpi,4000000,8,1,cyclic,1024,1,7,0.069183,35343
caas-2node,mpi,4000000,8,1,cyclic,1024,2,0,0.080298,35406
caas-2node,mpi,4000000,8,1,cyclic,1024,2,1,0.069083,35375
caas-2node,mpi,4000000,8,1,cyclic,1024,2,2,0.069158,35437
caas-2node,mpi,4000000,8,1,cyclic,1024,2,3,0.069180,35352
caas-2node,mpi,4000000,8,1,cyclic,1024,2,4,0.119634,35418
caas-2node,mpi,4000000,8,1,cyclic,1024,2,5,0.069234,35432
caas-2node,mpi,4000000,8,1,cyclic,1024,2,6,0.069141,35383
caas-2node,mpi,4000000,8,1,cyclic,1024,2,7,0.069221,35343
caas-2node,mpi,4000000,8,1,cyclic,1024,3,0,0.069141,35406
caas-2node,mpi,4000000,8,1,cyclic,1024,3,1,0.069325,35375
caas-2node,mpi,4000000,8,1,cyclic,1024,3,2,0.069298,35437
caas-2node,mpi,4000000,8,1,cyclic,1024,3,3,0.069637,35352
caas-2node,mpi,4000000,8,1,cyclic,1024,3,4,0.070727,35418
caas-2node,mpi,4000000,8,1,cyclic,1024,3,5,0.070384,35432
caas-2node,mpi,4000000,8,1,cyclic,1024,3,6,0.072698,35383
caas-2node,mpi,4000000,8,1,cyclic,1024,3,7,0.071156,35343
caas-2node,mpi,4000000,8,1,blockcyclic,1024,1,0,0.069569,35436
caas-2node,mpi,4000000,8,1,blockcyclic,1024,1,1,0.069375,35262
caas-2node,mpi,4000000,8,1,blockcyclic,1024,1,2,0.069003,35470
caas-2node,mpi,4000000,8,1,blockcyclic,1024,1,3,0.069200,35335
caas-2node,mpi,4000000,8,1,blockcyclic,1024,1,4,0.070446,35465
caas-2node,mpi,4000000,8,1,blockcyclic,1024,1,5,0.076191,35327
caas-2node,mpi,4000000,8,1,blockcyclic,1024,1,6,0.070477,35440
caas-2node,mpi,4000000,8,1,blockcyclic,1024,1,7,0.108070,35411
caas-2node,mpi,4000000,8,1,blockcyclic,1024,2,0,0.069550,35436
caas-2node,mpi,4000000,8,1,blockcyclic,1024,2,1,0.069077,35262
caas-2node,mpi,4000000,8,1,blockcyclic,1024,2,2,0.069334,35470
caas-2node,mpi,4000000,8,1,blockcyclic,1024,2,3,0.069126,35335
caas-2node,mpi,4000000,8,1,blockcyclic,1024,2,4,0.069985,35465
caas-2node,mpi,4000000,8,1,blockcyclic,1024,2,5,0.069590,35327
caas-2node,mpi,4000000,8,1,blockcyclic,1024,2,6,0.069974,35440
caas-2node,mpi,4000000,8,1,blockcyclic,1024,2,7,0.069860,35411
caas-2node,mpi,4000000,8,1,blockcyclic,1024,3,0,0.069818,35436
caas-2node,mpi,4000000,8,1,blockcyclic,1024,3,1,0.069365,35262
caas-2node,mpi,4000000,8,1,blockcyclic,1024,3,2,0.069348,35470
caas-2node,mpi,4000000,8,1,blockcyclic,1024,3,3,0.069082,35335
caas-2node,mpi,4000000,8,1,blockcyclic,1024,3,4,0.070255,35465
caas-2node,mpi,4000000,8,1,blockcyclic,1024,3,5,0.069326,35327
caas-2node,mpi,4000000,8,1,blockcyclic,1024,3,6,0.070429,35440
caas-2node,mpi,4000000,8,1,blockcyclic,1024,3,7,0.070119,35411
caas-2node,mpi,4000000,8,1,wblock,1024,1,0,0.156587,78498
caas-2node,mpi,4000000,8,1,wblock,1024,1,1,0.073184,41757
caas-2node,mpi,4000000,8,1,wblock,1024,1,2,0.070760,34196
caas-2node,mpi,4000000,8,1,wblock,1024,1,3,0.069016,29959
caas-2node,mpi,4000000,8,1,wblock,1024,1,4,0.068186,27315
caas-2node,mpi,4000000,8,1,wblock,1024,1,5,0.067469,25294
caas-2node,mpi,4000000,8,1,wblock,1024,1,6,0.066090,23649
caas-2node,mpi,4000000,8,1,wblock,1024,1,7,0.076850,22478
caas-2node,mpi,4000000,8,1,wblock,1024,2,0,0.080130,78498
caas-2node,mpi,4000000,8,1,wblock,1024,2,1,0.071943,41757
caas-2node,mpi,4000000,8,1,wblock,1024,2,2,0.070542,34196
caas-2node,mpi,4000000,8,1,wblock,1024,2,3,0.068721,29959
caas-2node,mpi,4000000,8,1,wblock,1024,2,4,0.067843,27315
caas-2node,mpi,4000000,8,1,wblock,1024,2,5,0.066890,25294
caas-2node,mpi,4000000,8,1,wblock,1024,2,6,0.066708,23649
caas-2node,mpi,4000000,8,1,wblock,1024,2,7,0.066075,22478
caas-2node,mpi,4000000,8,1,wblock,1024,3,0,0.116405,78498
caas-2node,mpi,4000000,8,1,wblock,1024,3,1,0.073448,41757
caas-2node,mpi,4000000,8,1,wblock,1024,3,2,0.070828,34196
caas-2node,mpi,4000000,8,1,wblock,1024,3,3,0.069081,29959
caas-2node,mpi,4000000,8,1,wblock,1024,3,4,0.068158,27315
caas-2node,mpi,4000000,8,1,wblock,1024,3,5,0.067692,25294
caas-2node,mpi,4000000,8,1,wblock,1024,3,6,0.066482,23649
caas-2node,mpi,4000000,8,1,wblock,1024,3,7,0.067986,22478
caas-2node,mpi,6000000,8,1,block,1024,1,0,0.053093,60238
caas-2node,mpi,6000000,8,1,block,1024,1,1,0.086505,53917
caas-2node,mpi,6000000,8,1,block,1024,1,2,0.106788,51926
caas-2node,mpi,6000000,8,1,block,1024,1,3,0.122542,50735
caas-2node,mpi,6000000,8,1,block,1024,1,4,0.135975,49901
caas-2node,mpi,6000000,8,1,block,1024,1,5,0.148063,49231
caas-2node,mpi,6000000,8,1,block,1024,1,6,0.158271,48737
caas-2node,mpi,6000000,8,1,block,1024,1,7,0.170938,48164
caas-2node,mpi,6000000,8,1,block,1024,2,0,0.053161,60238
caas-2node,mpi,6000000,8,1,block,1024,2,1,0.086534,53917
caas-2node,mpi,6000000,8,1,block,1024,2,2,0.106646,51926
caas-2node,mpi,6000000,8,1,block,1024,2,3,0.122398,50735
caas-2node,mpi,6000000,8,1,block,1024,2,4,0.136071,49901
caas-2node,mpi,6000000,8,1,block,1024,2,5,0.147646,49231
caas-2node,mpi,6000000,8,1,block,1024,2,6,0.158352,48737
caas-2node,mpi,6000000,8,1,block,1024,2,7,0.167814,48164
caas-2node,mpi,6000000,8,1,block,1024,3,0,0.053048,60238
caas-2node,mpi,6000000,8,1,block,1024,3,1,0.086483,53917
caas-2node,mpi,6000000,8,1,block,1024,3,2,0.106663,51926
caas-2node,mpi,6000000,8,1,block,1024,3,3,0.122464,50735
caas-2node,mpi,6000000,8,1,block,1024,3,4,0.135991,49901
caas-2node,mpi,6000000,8,1,block,1024,3,5,0.147543,49231
caas-2node,mpi,6000000,8,1,block,1024,3,6,0.158552,48737
caas-2node,mpi,6000000,8,1,block,1024,3,7,0.172681,48164
caas-2node,mpi,6000000,8,1,cyclic,1024,1,0,0.122257,51583
caas-2node,mpi,6000000,8,1,cyclic,1024,1,1,0.122266,51603
caas-2node,mpi,6000000,8,1,cyclic,1024,1,2,0.122264,51596
caas-2node,mpi,6000000,8,1,cyclic,1024,1,3,0.122434,51551
caas-2node,mpi,6000000,8,1,cyclic,1024,1,4,0.123173,51689
caas-2node,mpi,6000000,8,1,cyclic,1024,1,5,0.122839,51639
caas-2node,mpi,6000000,8,1,cyclic,1024,1,6,0.122917,51649
caas-2node,mpi,6000000,8,1,cyclic,1024,1,7,0.122766,51539
caas-2node,mpi,6000000,8,1,cyclic,1024,2,0,0.122234,51583
caas-2node,mpi,6000000,8,1,cyclic,1024,2,1,0.122259,51603
caas-2node,mpi,6000000,8,1,cyclic,1024,2,2,0.122254,51596
caas-2node,mpi,6000000,8,1,cyclic,1024,2,3,0.122527,51551
caas-2node,mpi,6000000,8,1,cyclic,1024,2,4,0.122663,51689
caas-2node,mpi,6000000,8,1,cyclic,1024,2,5,0.122895,51639
caas-2node,mpi,6000000,8,1,cyclic,1024,2,6,0.122702,51649
caas-2node,mpi,6000000,8,1,cyclic,1024,2,7,0.122668,51539
caas-2node,mpi,6000000,8,1,cyclic,1024,3,0,0.122806,51583
caas-2node,mpi,6000000,8,1,cyclic,1024,3,1,0.122270,51603
caas-2node,mpi,6000000,8,1,cyclic,1024,3,2,0.122382,51596
caas-2node,mpi,6000000,8,1,cyclic,1024,3,3,0.122462,51551
caas-2node,mpi,6000000,8,1,cyclic,1024,3,4,0.123228,51689
caas-2node,mpi,6000000,8,1,cyclic,1024,3,5,0.122735,51639
caas-2node,mpi,6000000,8,1,cyclic,1024,3,6,0.124461,51649
caas-2node,mpi,6000000,8,1,cyclic,1024,3,7,0.122426,51539
caas-2node,mpi,6000000,8,1,blockcyclic,1024,1,0,0.122371,51533
caas-2node,mpi,6000000,8,1,blockcyclic,1024,1,1,0.124046,51513
caas-2node,mpi,6000000,8,1,blockcyclic,1024,1,2,0.122340,51653
caas-2node,mpi,6000000,8,1,blockcyclic,1024,1,3,0.122604,51529
caas-2node,mpi,6000000,8,1,blockcyclic,1024,1,4,0.122562,51578
caas-2node,mpi,6000000,8,1,blockcyclic,1024,1,5,0.192962,51636
caas-2node,mpi,6000000,8,1,blockcyclic,1024,1,6,0.132966,51714
caas-2node,mpi,6000000,8,1,blockcyclic,1024,1,7,0.123234,51693
caas-2node,mpi,6000000,8,1,blockcyclic,1024,2,0,0.122657,51533
caas-2node,mpi,6000000,8,1,blockcyclic,1024,2,1,0.122857,51513
caas-2node,mpi,6000000,8,1,blockcyclic,1024,2,2,0.122874,51653
caas-2node,mpi,6000000,8,1,blockcyclic,1024,2,3,0.122655,51529
caas-2node,mpi,6000000,8,1,blockcyclic,1024,2,4,0.122935,51578
caas-2node,mpi,6000000,8,1,blockcyclic,1024,2,5,0.123466,51636
caas-2node,mpi,6000000,8,1,blockcyclic,1024,2,6,0.123385,51714
caas-2node,mpi,6000000,8,1,blockcyclic,1024,2,7,0.123516,51693
caas-2node,mpi,6000000,8,1,blockcyclic,1024,3,0,0.123561,51533
caas-2node,mpi,6000000,8,1,blockcyclic,1024,3,1,0.124220,51513
caas-2node,mpi,6000000,8,1,blockcyclic,1024,3,2,0.124224,51653
caas-2node,mpi,6000000,8,1,blockcyclic,1024,3,3,0.124650,51529
caas-2node,mpi,6000000,8,1,blockcyclic,1024,3,4,0.122629,51578
caas-2node,mpi,6000000,8,1,blockcyclic,1024,3,5,0.123275,51636
caas-2node,mpi,6000000,8,1,blockcyclic,1024,3,6,0.123111,51714
caas-2node,mpi,6000000,8,1,blockcyclic,1024,3,7,0.122517,51693
caas-2node,mpi,6000000,8,1,wblock,1024,1,0,0.141023,114155
caas-2node,mpi,6000000,8,1,wblock,1024,1,1,0.127645,60841
caas-2node,mpi,6000000,8,1,wblock,1024,1,2,0.123476,49857
caas-2node,mpi,6000000,8,1,wblock,1024,1,3,0.120776,43805
caas-2node,mpi,6000000,8,1,wblock,1024,1,4,0.119341,39784
caas-2node,mpi,6000000,8,1,wblock,1024,1,5,0.118101,36982
caas-2node,mpi,6000000,8,1,wblock,1024,1,6,0.116747,34659
caas-2node,mpi,6000000,8,1,wblock,1024,1,7,0.115722,32766
caas-2node,mpi,6000000,8,1,wblock,1024,2,0,0.145811,114155
caas-2node,mpi,6000000,8,1,wblock,1024,2,1,0.128989,60841
caas-2node,mpi,6000000,8,1,wblock,1024,2,2,0.124874,49857
caas-2node,mpi,6000000,8,1,wblock,1024,2,3,0.162447,43805
caas-2node,mpi,6000000,8,1,wblock,1024,2,4,0.119036,39784
caas-2node,mpi,6000000,8,1,wblock,1024,2,5,0.117754,36982
caas-2node,mpi,6000000,8,1,wblock,1024,2,6,0.116516,34659
caas-2node,mpi,6000000,8,1,wblock,1024,2,7,0.115525,32766
caas-2node,mpi,6000000,8,1,wblock,1024,3,0,0.169753,114155
caas-2node,mpi,6000000,8,1,wblock,1024,3,1,0.181418,60841
caas-2node,mpi,6000000,8,1,wblock,1024,3,2,0.173350,49857
caas-2node,mpi,6000000,8,1,wblock,1024,3,3,0.181553,43805
caas-2node,mpi,6000000,8,1,wblock,1024,3,4,0.119061,39784
caas-2node,mpi,6000000,8,1,wblock,1024,3,5,0.117755,36982
caas-2node,mpi,6000000,8,1,wblock,1024,3,6,0.116652,34659
caas-2node,mpi,6000000,8,1,wblock,1024,3,7,0.115414,32766
caas-2node,mpi,8000000,8,1,block,1024,1,0,0.158094,78498
caas-2node,mpi,8000000,8,1,block,1024,1,1,0.160566,70435
caas-2node,mpi,8000000,8,1,block,1024,1,2,0.190793,67883
caas-2node,mpi,8000000,8,1,block,1024,1,3,0.211201,66330
caas-2node,mpi,8000000,8,1,block,1024,1,4,0.207237,65367
caas-2node,mpi,8000000,8,1,block,1024,1,5,0.224339,64336
caas-2node,mpi,8000000,8,1,block,1024,1,6,0.295526,63799
caas-2node,mpi,8000000,8,1,block,1024,1,7,0.262771,63129
caas-2node,mpi,8000000,8,1,block,1024,2,0,0.079428,78498
caas-2node,mpi,8000000,8,1,block,1024,2,1,0.129528,70435
caas-2node,mpi,8000000,8,1,block,1024,2,2,0.160070,67883
caas-2node,mpi,8000000,8,1,block,1024,2,3,0.183843,66330
caas-2node,mpi,8000000,8,1,block,1024,2,4,0.205222,65367
caas-2node,mpi,8000000,8,1,block,1024,2,5,0.222883,64336
caas-2node,mpi,8000000,8,1,block,1024,2,6,0.239245,63799
caas-2node,mpi,8000000,8,1,block,1024,2,7,0.255908,63129
caas-2node,mpi,8000000,8,1,block,1024,3,0,0.079293,78498
caas-2node,mpi,8000000,8,1,block,1024,3,1,0.129931,70435
caas-2node,mpi,8000000,8,1,block,1024,3,2,0.160086,67883
caas-2node,mpi,8000000,8,1,block,1024,3,3,0.183773,66330
caas-2node,mpi,8000000,8,1,block,1024,3,4,0.207524,65367
caas-2node,mpi,8000000,8,1,block,1024,3,5,0.225332,64336
caas-2node,mpi,8000000,8,1,block,1024,3,6,0.240593,63799
caas-2node,mpi,8000000,8,1,block,1024,3,7,0.256293,63129
caas-2node,mpi,8000000,8,1,cyclic,1024,1,0,0.183796,67478
caas-2node,mpi,8000000,8,1,cyclic,1024,1,1,0.183814,67524
caas-2node,mpi,8000000,8,1,cyclic,1024,1,2,0.183834,67517
caas-2node,mpi,8000000,8,1,cyclic,1024,1,3,0.183989,67370
caas-2node,mpi,8000000,8,1,cyclic,1024,1,4,0.185333,67560
caas-2node,mpi,8000000,8,1,cyclic,1024,1,5,0.184862,67497
caas-2node,mpi,8000000,8,1,cyclic,1024,1,6,0.184895,67463
caas-2node,mpi,8000000,8,1,cyclic,1024,1,7,0.184903,67368
caas-2node,mpi,8000000,8,1,cyclic,1024,2,0,0.183757,67478
caas-2node,mpi,8000000,8,1,cyclic,1024,2,1,0.183661,67524
caas-2node,mpi,8000000,8,1,cyclic,1024,2,2,0.183711,67517
caas-2node,mpi,8000000,8,1,cyclic,1024,2,3,0.183611,67370
caas-2node,mpi,8000000,8,1,cyclic,1024,2,4,0.184068,67560
caas-2node,mpi,8000000,8,1,cyclic,1024,2,5,0.183878,67497
caas-2node,mpi,8000000,8,1,cyclic,1024,2,6,0.183734,67463
caas-2node,mpi,8000000,8,1,cyclic,1024,2,7,0.183686,67368
caas-2node,mpi,8000000,8,1,cyclic,1024,3,0,0.183603,67478
caas-2node,mpi,8000000,8,1,cyclic,1024,3,1,0.183681,67524
caas-2node,mpi,8000000,8,1,cyclic,1024,3,2,0.183757,67517
caas-2node,mpi,8000000,8,1,cyclic,1024,3,3,0.183741,67370
caas-2node,mpi,8000000,8,1,cyclic,1024,3,4,0.183852,67560
caas-2node,mpi,8000000,8,1,cyclic,1024,3,5,0.183810,67497
caas-2node,mpi,8000000,8,1,cyclic,1024,3,6,0.183859,67463
caas-2node,mpi,8000000,8,1,cyclic,1024,3,7,0.183868,67368
caas-2node,mpi,8000000,8,1,blockcyclic,1024,1,0,0.182953,67322
caas-2node,mpi,8000000,8,1,blockcyclic,1024,1,1,0.183475,67270
caas-2node,mpi,8000000,8,1,blockcyclic,1024,1,2,0.183534,67600
caas-2node,mpi,8000000,8,1,blockcyclic,1024,1,3,0.183333,67420
caas-2node,mpi,8000000,8,1,blockcyclic,1024,1,4,0.183790,67523
caas-2node,mpi,8000000,8,1,blockcyclic,1024,1,5,0.184151,67572
caas-2node,mpi,8000000,8,1,blockcyclic,1024,1,6,0.184386,67626
caas-2node,mpi,8000000,8,1,blockcyclic,1024,1,7,0.183564,67444
caas-2node,mpi,8000000,8,1,blockcyclic,1024,2,0,0.182968,67322
caas-2node,mpi,8000000,8,1,blockcyclic,1024,2,1,0.183451,67270
caas-2node,mpi,8000000,8,1,blockcyclic,1024,2,2,0.183595,67600
caas-2node,mpi,8000000,8,1,blockcyclic,1024,2,3,0.183475,67420
caas-2node,mpi,8000000,8,1,blockcyclic,1024,2,4,0.183812,67523
caas-2node,mpi,8000000,8,1,blockcyclic,1024,2,5,0.184155,67572
caas-2node,mpi,8000000,8,1,blockcyclic,1024,2,6,0.184277,67626
caas-2node,mpi,8000000,8,1,blockcyclic,1024,2,7,0.183810,67444
caas-2node,mpi,8000000,8,1,blockcyclic,1024,3,0,0.184207,67322
caas-2node,mpi,8000000,8,1,blockcyclic,1024,3,1,0.183433,67270
caas-2node,mpi,8000000,8,1,blockcyclic,1024,3,2,0.184189,67600
caas-2node,mpi,8000000,8,1,blockcyclic,1024,3,3,0.183722,67420
caas-2node,mpi,8000000,8,1,blockcyclic,1024,3,4,0.184141,67523
caas-2node,mpi,8000000,8,1,blockcyclic,1024,3,5,0.184704,67572
caas-2node,mpi,8000000,8,1,blockcyclic,1024,3,6,0.184560,67626
caas-2node,mpi,8000000,8,1,blockcyclic,1024,3,7,0.184068,67444
caas-2node,mpi,8000000,8,1,wblock,1024,1,0,0.208600,148933
caas-2node,mpi,8000000,8,1,wblock,1024,1,1,0.190543,79579
caas-2node,mpi,8000000,8,1,wblock,1024,1,2,0.184540,65172
caas-2node,mpi,8000000,8,1,wblock,1024,1,3,0.181344,57383
caas-2node,mpi,8000000,8,1,wblock,1024,1,4,0.192638,52013
caas-2node,mpi,8000000,8,1,wblock,1024,1,5,0.176943,48324
caas-2node,mpi,8000000,8,1,wblock,1024,1,6,0.175861,45435
caas-2node,mpi,8000000,8,1,wblock,1024,1,7,0.178296,42938
caas-2node,mpi,8000000,8,1,wblock,1024,2,0,0.208725,148933
caas-2node,mpi,8000000,8,1,wblock,1024,2,1,0.190612,79579
caas-2node,mpi,8000000,8,1,wblock,1024,2,2,0.184719,65172
caas-2node,mpi,8000000,8,1,wblock,1024,2,3,0.181153,57383
caas-2node,mpi,8000000,8,1,wblock,1024,2,4,0.178402,52013
caas-2node,mpi,8000000,8,1,wblock,1024,2,5,0.176521,48324
caas-2node,mpi,8000000,8,1,wblock,1024,2,6,0.175095,45435
caas-2node,mpi,8000000,8,1,wblock,1024,2,7,0.173387,42938
caas-2node,mpi,8000000,8,1,wblock,1024,3,0,0.208689,148933
caas-2node,mpi,8000000,8,1,wblock,1024,3,1,0.190805,79579
caas-2node,mpi,8000000,8,1,wblock,1024,3,2,0.184756,65172
caas-2node,mpi,8000000,8,1,wblock,1024,3,3,0.181310,57383
caas-2node,mpi,8000000,8,1,wblock,1024,3,4,0.178360,52013
caas-2node,mpi,8000000,8,1,wblock,1024,3,5,0.176732,48324
caas-2node,mpi,8000000,8,1,wblock,1024,3,6,0.175071,45435
caas-2node,mpi,8000000,8,1,wblock,1024,3,7,0.173541,42938
caas-2node,mpi,10000000,8,1,block,1024,1,0,0.109223,96469
caas-2node,mpi,10000000,8,1,block,1024,1,1,0.177857,86603
caas-2node,mpi,10000000,8,1,block,1024,1,2,0.219635,83645
caas-2node,mpi,10000000,8,1,block,1024,1,3,0.253088,81796
caas-2node,mpi,10000000,8,1,block,1024,1,4,0.279928,80303
caas-2node,mpi,10000000,8,1,block,1024,1,5,0.304448,79445
caas-2node,mpi,10000000,8,1,block,1024,1,6,0.326439,78589
caas-2node,mpi,10000000,8,1,block,1024,1,7,0.346310,77729
caas-2node,mpi,10000000,8,1,block,1024,2,0,0.108353,96469
caas-2node,mpi,10000000,8,1,block,1024,2,1,0.177109,86603
caas-2node,mpi,10000000,8,1,block,1024,2,2,0.218944,83645
caas-2node,mpi,10000000,8,1,block,1024,2,3,0.251856,81796
caas-2node,mpi,10000000,8,1,block,1024,2,4,0.283104,80303
caas-2node,mpi,10000000,8,1,block,1024,2,5,0.304494,79445
caas-2node,mpi,10000000,8,1,block,1024,2,6,0.327511,78589
caas-2node,mpi,10000000,8,1,block,1024,2,7,0.346612,77729
caas-2node,mpi,10000000,8,1,block,1024,3,0,0.118131,96469
caas-2node,mpi,10000000,8,1,block,1024,3,1,0.177185,86603
caas-2node,mpi,10000000,8,1,block,1024,3,2,0.218996,83645
caas-2node,mpi,10000000,8,1,block,1024,3,3,0.252047,81796
caas-2node,mpi,10000000,8,1,block,1024,3,4,0.279547,80303
caas-2node,mpi,10000000,8,1,block,1024,3,5,0.313951,79445
caas-2node,mpi,10000000,8,1,block,1024,3,6,0.326403,78589
caas-2node,mpi,10000000,8,1,block,1024,3,7,0.349104,77729
caas-2node,mpi,10000000,8,1,cyclic,1024,1,0,0.253035,83040
caas-2node,mpi,10000000,8,1,cyclic,1024,1,1,0.252341,83065
caas-2node,mpi,10000000,8,1,cyclic,1024,1,2,0.251853,83117
caas-2node,mpi,10000000,8,1,cyclic,1024,1,3,0.252071,83009
caas-2node,mpi,10000000,8,1,cyclic,1024,1,4,0.252519,83122
caas-2node,mpi,10000000,8,1,cyclic,1024,1,5,0.252306,83139
caas-2node,mpi,10000000,8,1,cyclic,1024,1,6,0.252323,83120
caas-2node,mpi,10000000,8,1,cyclic,1024,1,7,0.252321,82967
caas-2node,mpi,10000000,8,1,cyclic,1024,2,0,0.251825,83040
caas-2node,mpi,10000000,8,1,cyclic,1024,2,1,0.251614,83065
caas-2node,mpi,10000000,8,1,cyclic,1024,2,2,0.251970,83117
caas-2node,mpi,10000000,8,1,cyclic,1024,2,3,0.252002,83009
caas-2node,mpi,10000000,8,1,cyclic,1024,2,4,0.251964,83122
caas-2node,mpi,10000000,8,1,cyclic,1024,2,5,0.251999,83139
caas-2node,mpi,10000000,8,1,cyclic,1024,2,6,0.252002,83120
caas-2node,mpi,10000000,8,1,cyclic,1024,2,7,0.251693,82967
caas-2node,mpi,10000000,8,1,cyclic,1024,3,0,0.251598,83040
caas-2node,mpi,10000000,8,1,cyclic,1024,3,1,0.251622,83065
caas-2node,mpi,10000000,8,1,cyclic,1024,3,2,0.251844,83117
caas-2node,mpi,10000000,8,1,cyclic,1024,3,3,0.252183,83009
caas-2node,mpi,10000000,8,1,cyclic,1024,3,4,0.251812,83122
caas-2node,mpi,10000000,8,1,cyclic,1024,3,5,0.252110,83139
caas-2node,mpi,10000000,8,1,cyclic,1024,3,6,0.252151,83120
caas-2node,mpi,10000000,8,1,cyclic,1024,3,7,0.252228,82967
caas-2node,mpi,10000000,8,1,blockcyclic,1024,1,0,0.251172,82992
caas-2node,mpi,10000000,8,1,blockcyclic,1024,1,1,0.251488,82829
caas-2node,mpi,10000000,8,1,blockcyclic,1024,1,2,0.251786,83245
caas-2node,mpi,10000000,8,1,blockcyclic,1024,1,3,0.252127,83065
caas-2node,mpi,10000000,8,1,blockcyclic,1024,1,4,0.273813,83091
caas-2node,mpi,10000000,8,1,blockcyclic,1024,1,5,0.252361,83183
caas-2node,mpi,10000000,8,1,blockcyclic,1024,1,6,0.252042,83121
caas-2node,mpi,10000000,8,1,blockcyclic,1024,1,7,0.259821,83053
caas-2node,mpi,10000000,8,1,blockcyclic,1024,2,0,0.251311,82992
caas-2node,mpi,10000000,8,1,blockcyclic,1024,2,1,0.252033,82829
caas-2node,mpi,10000000,8,1,blockcyclic,1024,2,2,0.252979,83245
caas-2node,mpi,10000000,8,1,blockcyclic,1024,2,3,0.251785,83065
caas-2node,mpi,10000000,8,1,blockcyclic,1024,2,4,0.252066,83091
caas-2node,mpi,10000000,8,1,blockcyclic,1024,2,5,0.252210,83183
caas-2node,mpi,10000000,8,1,blockcyclic,1024,2,6,0.252067,83121
caas-2node,mpi,10000000,8,1,blockcyclic,1024,2,7,0.251826,83053
caas-2node,mpi,10000000,8,1,blockcyclic,1024,3,0,0.251606,82992
caas-2node,mpi,10000000,8,1,blockcyclic,1024,3,1,0.251551,82829
caas-2node,mpi,10000000,8,1,blockcyclic,1024,3,2,0.251826,83245
caas-2node,mpi,10000000,8,1,blockcyclic,1024,3,3,0.251963,83065
caas-2node,mpi,10000000,8,1,blockcyclic,1024,3,4,0.259741,83091
caas-2node,mpi,10000000,8,1,blockcyclic,1024,3,5,0.251948,83183
caas-2node,mpi,10000000,8,1,blockcyclic,1024,3,6,0.251756,83121
caas-2node,mpi,10000000,8,1,blockcyclic,1024,3,7,0.251826,83053
caas-2node,mpi,10000000,8,1,wblock,1024,1,0,0.323316,183072
caas-2node,mpi,10000000,8,1,wblock,1024,1,1,0.260892,98027
caas-2node,mpi,10000000,8,1,wblock,1024,1,2,0.286240,80323
caas-2node,mpi,10000000,8,1,wblock,1024,1,3,0.266286,70624
caas-2node,mpi,10000000,8,1,wblock,1024,1,4,0.245172,64252
caas-2node,mpi,10000000,8,1,wblock,1024,1,5,0.242072,59480
caas-2node,mpi,10000000,8,1,wblock,1024,1,6,0.239975,55905
caas-2node,mpi,10000000,8,1,wblock,1024,1,7,0.237966,52896
caas-2node,mpi,10000000,8,1,wblock,1024,2,0,0.285101,183072
caas-2node,mpi,10000000,8,1,wblock,1024,2,1,0.260835,98027
caas-2node,mpi,10000000,8,1,wblock,1024,2,2,0.253110,80323
caas-2node,mpi,10000000,8,1,wblock,1024,2,3,0.248481,70624
caas-2node,mpi,10000000,8,1,wblock,1024,2,4,0.245034,64252
caas-2node,mpi,10000000,8,1,wblock,1024,2,5,0.242157,59480
caas-2node,mpi,10000000,8,1,wblock,1024,2,6,0.239888,55905
caas-2node,mpi,10000000,8,1,wblock,1024,2,7,0.238087,52896
caas-2node,mpi,10000000,8,1,wblock,1024,3,0,0.285180,183072
caas-2node,mpi,10000000,8,1,wblock,1024,3,1,0.260792,98027
caas-2node,mpi,10000000,8,1,wblock,1024,3,2,0.253314,80323
caas-2node,mpi,10000000,8,1,wblock,1024,3,3,0.248321,70624
caas-2node,mpi,10000000,8,1,wblock,1024,3,4,0.244938,64252
caas-2node,mpi,10000000,8,1,wblock,1024,3,5,0.242189,59480
caas-2node,mpi,10000000,8,1,wblock,1024,3,6,0.240034,55905
caas-2node,mpi,10000000,8,1,wblock,1024,3,7,0.238040,52896
caas-2node,mpi,14000000,8,1,block,1024,1,0,0.173045,131608
caas-2node,mpi,14000000,8,1,block,1024,1,1,0.284467,118542
caas-2node,mpi,14000000,8,1,block,1024,1,2,0.352433,114535
caas-2node,mpi,14000000,8,1,block,1024,1,3,0.405303,111963
caas-2node,mpi,14000000,8,1,block,1024,1,4,0.450681,110202
caas-2node,mpi,14000000,8,1,block,1024,1,5,0.489746,108759
caas-2node,mpi,14000000,8,1,block,1024,1,6,0.526357,107749
caas-2node,mpi,14000000,8,1,block,1024,1,7,0.558714,106719
caas-2node,mpi,14000000,8,1,block,1024,2,0,0.172956,131608
caas-2node,mpi,14000000,8,1,block,1024,2,1,0.284621,118542
caas-2node,mpi,14000000,8,1,block,1024,2,2,0.352456,114535
caas-2node,mpi,14000000,8,1,block,1024,2,3,0.405259,111963
caas-2node,mpi,14000000,8,1,block,1024,2,4,0.450761,110202
caas-2node,mpi,14000000,8,1,block,1024,2,5,0.490776,108759
caas-2node,mpi,14000000,8,1,block,1024,2,6,0.526231,107749
caas-2node,mpi,14000000,8,1,block,1024,2,7,0.559142,106719
caas-2node,mpi,14000000,8,1,block,1024,3,0,0.172957,131608
caas-2node,mpi,14000000,8,1,block,1024,3,1,0.284567,118542
caas-2node,mpi,14000000,8,1,block,1024,3,2,0.352298,114535
caas-2node,mpi,14000000,8,1,block,1024,3,3,0.405505,111963
caas-2node,mpi,14000000,8,1,block,1024,3,4,0.450535,110202
caas-2node,mpi,14000000,8,1,block,1024,3,5,0.490216,108759
caas-2node,mpi,14000000,8,1,block,1024,3,6,0.526176,107749
caas-2node,mpi,14000000,8,1,block,1024,3,7,0.558418,106719
caas-2node,mpi,14000000,8,1,cyclic,1024,1,0,0.458417,113781
caas-2node,mpi,14000000,8,1,cyclic,1024,1,1,0.439389,113773
caas-2node,mpi,14000000,8,1,cyclic,1024,1,2,0.405137,113780
caas-2node,mpi,14000000,8,1,cyclic,1024,1,3,0.465856,113723
caas-2node,mpi,14000000,8,1,cyclic,1024,1,4,0.405358,113745
caas-2node,mpi,14000000,8,1,cyclic,1024,1,5,0.405662,113847
caas-2node,mpi,14000000,8,1,cyclic,1024,1,6,0.405681,113798
caas-2node,mpi,14000000,8,1,cyclic,1024,1,7,0.405454,113630
caas-2node,mpi,14000000,8,1,cyclic,1024,2,0,0.405248,113781
caas-2node,mpi,14000000,8,1,cyclic,1024,2,1,0.405107,113773
caas-2node,mpi,14000000,8,1,cyclic,1024,2,2,0.405021,113780
caas-2node,mpi,14000000,8,1,cyclic,1024,2,3,0.405584,113723
caas-2node,mpi,14000000,8,1,cyclic,1024,2,4,0.405434,113745
caas-2node,mpi,14000000,8,1,cyclic,1024,2,5,0.405950,113847
caas-2node,mpi,14000000,8,1,cyclic,1024,2,6,0.407017,113798
caas-2node,mpi,14000000,8,1,cyclic,1024,2,7,0.405496,113630
caas-2node,mpi,14000000,8,1,cyclic,1024,3,0,0.405247,113781
caas-2node,mpi,14000000,8,1,cyclic,1024,3,1,0.405235,113773
caas-2node,mpi,14000000,8,1,cyclic,1024,3,2,0.405395,113780
caas-2node,mpi,14000000,8,1,cyclic,1024,3,3,0.405591,113723
caas-2node,mpi,14000000,8,1,cyclic,1024,3,4,0.414120,113745
caas-2node,mpi,14000000,8,1,cyclic,1024,3,5,0.405995,113847
caas-2node,mpi,14000000,8,1,cyclic,1024,3,6,0.406120,113798
caas-2node,mpi,14000000,8,1,cyclic,1024,3,7,0.405910,113630
caas-2node,mpi,14000000,8,1,blockcyclic,1024,1,0,0.404626,113714
caas-2node,mpi,14000000,8,1,blockcyclic,1024,1,1,0.405391,113623
caas-2node,mpi,14000000,8,1,blockcyclic,1024,1,2,0.405416,113826
caas-2node,mpi,14000000,8,1,blockcyclic,1024,1,3,0.405655,113796
caas-2node,mpi,14000000,8,1,blockcyclic,1024,1,4,0.405870,113908
caas-2node,mpi,14000000,8,1,blockcyclic,1024,1,5,0.405554,113701
caas-2node,mpi,14000000,8,1,blockcyclic,1024,1,6,0.405230,113680
caas-2node,mpi,14000000,8,1,blockcyclic,1024,1,7,0.406538,113829
caas-2node,mpi,14000000,8,1,blockcyclic,1024,2,0,0.404482,113714
caas-2node,mpi,14000000,8,1,blockcyclic,1024,2,1,0.405354,113623
caas-2node,mpi,14000000,8,1,blockcyclic,1024,2,2,0.405299,113826
caas-2node,mpi,14000000,8,1,blockcyclic,1024,2,3,0.405537,113796
caas-2node,mpi,14000000,8,1,blockcyclic,1024,2,4,0.405994,113908
caas-2node,mpi,14000000,8,1,blockcyclic,1024,2,5,0.405717,113701
caas-2node,mpi,14000000,8,1,blockcyclic,1024,2,6,0.405423,113680
caas-2node,mpi,14000000,8,1,blockcyclic,1024,2,7,0.406344,113829
caas-2node,mpi,14000000,8,1,blockcyclic,1024,3,0,0.404320,113714
caas-2node,mpi,14000000,8,1,blockcyclic,1024,3,1,0.405261,113623
caas-2node,mpi,14000000,8,1,blockcyclic,1024,3,2,0.405165,113826
caas-2node,mpi,14000000,8,1,blockcyclic,1024,3,3,0.405603,113796
caas-2node,mpi,14000000,8,1,blockcyclic,1024,3,4,0.405948,113908
caas-2node,mpi,14000000,8,1,blockcyclic,1024,3,5,0.405541,113701
caas-2node,mpi,14000000,8,1,blockcyclic,1024,3,6,0.405331,113680
caas-2node,mpi,14000000,8,1,blockcyclic,1024,3,7,0.406127,113829
caas-2node,mpi,14000000,8,1,wblock,1024,1,0,0.457523,250150
caas-2node,mpi,14000000,8,1,wblock,1024,1,1,0.419979,134200
caas-2node,mpi,14000000,8,1,wblock,1024,1,2,0.407717,110066
caas-2node,mpi,14000000,8,1,wblock,1024,1,3,0.400139,96787
caas-2node,mpi,14000000,8,1,wblock,1024,1,4,0.394443,87885
caas-2node,mpi,14000000,8,1,wblock,1024,1,5,0.391216,81710
caas-2node,mpi,14000000,8,1,wblock,1024,1,6,0.387687,76765
caas-2node,mpi,14000000,8,1,wblock,1024,1,7,0.384966,72514
caas-2node,mpi,14000000,8,1,wblock,1024,2,0,0.457391,250150
caas-2node,mpi,14000000,8,1,wblock,1024,2,1,0.419816,134200
caas-2node,mpi,14000000,8,1,wblock,1024,2,2,0.407737,110066
caas-2node,mpi,14000000,8,1,wblock,1024,2,3,0.399926,96787
caas-2node,mpi,14000000,8,1,wblock,1024,2,4,0.395013,87885
caas-2node,mpi,14000000,8,1,wblock,1024,2,5,0.391472,81710
caas-2node,mpi,14000000,8,1,wblock,1024,2,6,0.387775,76765
caas-2node,mpi,14000000,8,1,wblock,1024,2,7,0.384881,72514
caas-2node,mpi,14000000,8,1,wblock,1024,3,0,0.457962,250150
caas-2node,mpi,14000000,8,1,wblock,1024,3,1,0.419632,134200
caas-2node,mpi,14000000,8,1,wblock,1024,3,2,0.407625,110066
caas-2node,mpi,14000000,8,1,wblock,1024,3,3,0.399988,96787
caas-2node,mpi,14000000,8,1,wblock,1024,3,4,0.400121,87885
caas-2node,mpi,14000000,8,1,wblock,1024,3,5,0.392506,81710
caas-2node,mpi,14000000,8,1,wblock,1024,3,6,0.402252,76765
caas-2node,mpi,14000000,8,1,wblock,1024,3,7,0.399439,72514
caas-2node,mpi,18000000,8,1,block,1024,1,0,0.246269,166081
caas-2node,mpi,18000000,8,1,block,1024,1,1,0.405571,149867
caas-2node,mpi,18000000,8,1,block,1024,1,2,0.502683,144759
caas-2node,mpi,18000000,8,1,block,1024,1,3,0.579126,141782
caas-2node,mpi,18000000,8,1,block,1024,1,4,0.650666,139452
caas-2node,mpi,18000000,8,1,block,1024,1,5,0.707913,137699
caas-2node,mpi,18000000,8,1,block,1024,1,6,0.758079,136386
caas-2node,mpi,18000000,8,1,block,1024,1,7,0.805711,135341
caas-2node,mpi,18000000,8,1,block,1024,2,0,0.246065,166081
caas-2node,mpi,18000000,8,1,block,1024,2,1,0.405544,149867
caas-2node,mpi,18000000,8,1,block,1024,2,2,0.502603,144759
caas-2node,mpi,18000000,8,1,block,1024,2,3,0.579122,141782
caas-2node,mpi,18000000,8,1,block,1024,2,4,0.649376,139452
caas-2node,mpi,18000000,8,1,block,1024,2,5,0.724939,137699
caas-2node,mpi,18000000,8,1,block,1024,2,6,0.757145,136386
caas-2node,mpi,18000000,8,1,block,1024,2,7,0.805717,135341
caas-2node,mpi,18000000,8,1,block,1024,3,0,0.245994,166081
caas-2node,mpi,18000000,8,1,block,1024,3,1,0.405621,149867
caas-2node,mpi,18000000,8,1,block,1024,3,2,0.502696,144759
caas-2node,mpi,18000000,8,1,block,1024,3,3,0.579379,141782
caas-2node,mpi,18000000,8,1,block,1024,3,4,0.659249,139452
caas-2node,mpi,18000000,8,1,block,1024,3,5,0.710897,137699
caas-2node,mpi,18000000,8,1,block,1024,3,6,0.841850,136386
caas-2node,mpi,18000000,8,1,block,1024,3,7,0.810854,135341
caas-2node,mpi,18000000,8,1,cyclic,1024,1,0,0.579349,144068
caas-2node,mpi,18000000,8,1,cyclic,1024,1,1,0.578474,143905
caas-2node,mpi,18000000,8,1,cyclic,1024,1,2,0.578725,143944
caas-2node,mpi,18000000,8,1,cyclic,1024,1,3,0.579315,143844
caas-2node,mpi,18000000,8,1,cyclic,1024,1,4,0.579323,143889
caas-2node,mpi,18000000,8,1,cyclic,1024,1,5,0.579781,143998
caas-2node,mpi,18000000,8,1,cyclic,1024,1,6,0.579696,143964
caas-2node,mpi,18000000,8,1,cyclic,1024,1,7,0.579587,143755
caas-2node,mpi,18000000,8,1,cyclic,1024,2,0,0.579406,144068
caas-2node,mpi,18000000,8,1,cyclic,1024,2,1,0.578930,143905
caas-2node,mpi,18000000,8,1,cyclic,1024,2,2,0.578700,143944
caas-2node,mpi,18000000,8,1,cyclic,1024,2,3,0.579346,143844
caas-2node,mpi,18000000,8,1,cyclic,1024,2,4,0.600276,143889
caas-2node,mpi,18000000,8,1,cyclic,1024,2,5,0.587739,143998
caas-2node,mpi,18000000,8,1,cyclic,1024,2,6,0.587022,143964
caas-2node,mpi,18000000,8,1,cyclic,1024,2,7,0.591598,143755
caas-2node,mpi,18000000,8,1,cyclic,1024,3,0,0.580864,144068
caas-2node,mpi,18000000,8,1,cyclic,1024,3,1,0.578969,143905
caas-2node,mpi,18000000,8,1,cyclic,1024,3,2,0.581605,143944
caas-2node,mpi,18000000,8,1,cyclic,1024,3,3,0.581200,143844
caas-2node,mpi,18000000,8,1,cyclic,1024,3,4,0.584326,143889
caas-2node,mpi,18000000,8,1,cyclic,1024,3,5,0.582219,143998
caas-2node,mpi,18000000,8,1,cyclic,1024,3,6,0.583297,143964
caas-2node,mpi,18000000,8,1,cyclic,1024,3,7,0.585539,143755
caas-2node,mpi,18000000,8,1,blockcyclic,1024,1,0,0.578435,143950
caas-2node,mpi,18000000,8,1,blockcyclic,1024,1,1,0.578833,143849
caas-2node,mpi,18000000,8,1,blockcyclic,1024,1,2,0.578597,143944
caas-2node,mpi,18000000,8,1,blockcyclic,1024,1,3,0.578691,143788
caas-2node,mpi,18000000,8,1,blockcyclic,1024,1,4,0.580705,144340
caas-2node,mpi,18000000,8,1,blockcyclic,1024,1,5,0.578492,143884
caas-2node,mpi,18000000,8,1,blockcyclic,1024,1,6,0.578566,143871
caas-2node,mpi,18000000,8,1,blockcyclic,1024,1,7,0.578663,143741
caas-2node,mpi,18000000,8,1,blockcyclic,1024,2,0,0.578655,143950
caas-2node,mpi,18000000,8,1,blockcyclic,1024,2,1,0.579100,143849
caas-2node,mpi,18000000,8,1,blockcyclic,1024,2,2,0.578895,143944
caas-2node,mpi,18000000,8,1,blockcyclic,1024,2,3,0.578973,143788
caas-2node,mpi,18000000,8,1,blockcyclic,1024,2,4,0.580688,144340
caas-2node,mpi,18000000,8,1,blockcyclic,1024,2,5,0.578747,143884
caas-2node,mpi,18000000,8,1,blockcyclic,1024,2,6,0.578215,143871
caas-2node,mpi,18000000,8,1,blockcyclic,1024,2,7,0.578860,143741
caas-2node,mpi,18000000,8,1,blockcyclic,1024,3,0,0.578364,143950
caas-2node,mpi,18000000,8,1,blockcyclic,1024,3,1,0.578857,143849
caas-2node,mpi,18000000,8,1,blockcyclic,1024,3,2,0.578693,143944
caas-2node,mpi,18000000,8,1,blockcyclic,1024,3,3,0.578494,143788
caas-2node,mpi,18000000,8,1,blockcyclic,1024,3,4,0.713502,144340
caas-2node,mpi,18000000,8,1,blockcyclic,1024,3,5,0.581774,143884
caas-2node,mpi,18000000,8,1,blockcyclic,1024,3,6,0.581962,143871
caas-2node,mpi,18000000,8,1,blockcyclic,1024,3,7,0.712944,143741
caas-2node,mpi,18000000,8,1,wblock,1024,1,0,0.651970,315948
caas-2node,mpi,18000000,8,1,wblock,1024,1,1,0.599436,169795
caas-2node,mpi,18000000,8,1,wblock,1024,1,2,0.581745,139202
caas-2node,mpi,18000000,8,1,wblock,1024,1,3,0.571474,122471
caas-2node,mpi,18000000,8,1,wblock,1024,1,4,0.567587,111414
caas-2node,mpi,18000000,8,1,wblock,1024,1,5,0.825646,103383
caas-2node,mpi,18000000,8,1,wblock,1024,1,6,0.558345,96959
caas-2node,mpi,18000000,8,1,wblock,1024,1,7,0.553071,92195
caas-2node,mpi,18000000,8,1,wblock,1024,2,0,0.651796,315948
caas-2node,mpi,18000000,8,1,wblock,1024,2,1,0.598759,169795
caas-2node,mpi,18000000,8,1,wblock,1024,2,2,0.581824,139202
caas-2node,mpi,18000000,8,1,wblock,1024,2,3,0.571242,122471
caas-2node,mpi,18000000,8,1,wblock,1024,2,4,0.564238,111414
caas-2node,mpi,18000000,8,1,wblock,1024,2,5,0.558790,103383
caas-2node,mpi,18000000,8,1,wblock,1024,2,6,0.553273,96959
caas-2node,mpi,18000000,8,1,wblock,1024,2,7,0.551264,92195
caas-2node,mpi,18000000,8,1,wblock,1024,3,0,0.846048,315948
caas-2node,mpi,18000000,8,1,wblock,1024,3,1,0.778019,169795
caas-2node,mpi,18000000,8,1,wblock,1024,3,2,0.581745,139202
caas-2node,mpi,18000000,8,1,wblock,1024,3,3,0.777380,122471
caas-2node,mpi,18000000,8,1,wblock,1024,3,4,0.565022,111414
caas-2node,mpi,18000000,8,1,wblock,1024,3,5,0.560009,103383
caas-2node,mpi,18000000,8,1,wblock,1024,3,6,0.555046,96959
caas-2node,mpi,18000000,8,1,wblock,1024,3,7,0.553733,92195
caas-2node,mpi,20000000,8,1,block,1024,1,0,0.285035,183072
caas-2node,mpi,20000000,8,1,block,1024,1,1,0.470961,165441
caas-2node,mpi,20000000,8,1,block,1024,1,2,0.583504,159748
caas-2node,mpi,20000000,8,1,block,1024,1,3,0.672303,156318
caas-2node,mpi,20000000,8,1,block,1024,1,4,0.750795,154124
caas-2node,mpi,20000000,8,1,block,1024,1,5,0.815247,152001
caas-2node,mpi,20000000,8,1,block,1024,1,6,0.877468,150685
caas-2node,mpi,20000000,8,1,block,1024,1,7,0.930880,149218
caas-2node,mpi,20000000,8,1,block,1024,2,0,0.285115,183072
caas-2node,mpi,20000000,8,1,block,1024,2,1,0.470772,165441
caas-2node,mpi,20000000,8,1,block,1024,2,2,0.583607,159748
caas-2node,mpi,20000000,8,1,block,1024,2,3,0.671962,156318
caas-2node,mpi,20000000,8,1,block,1024,2,4,0.755502,154124
caas-2node,mpi,20000000,8,1,block,1024,2,5,0.820584,152001
caas-2node,mpi,20000000,8,1,block,1024,2,6,0.880836,150685
caas-2node,mpi,20000000,8,1,block,1024,2,7,0.988251,149218
caas-2node,mpi,20000000,8,1,block,1024,3,0,0.285321,183072
caas-2node,mpi,20000000,8,1,block,1024,3,1,0.472683,165441
caas-2node,mpi,20000000,8,1,block,1024,3,2,0.583510,159748
caas-2node,mpi,20000000,8,1,block,1024,3,3,0.673609,156318
caas-2node,mpi,20000000,8,1,block,1024,3,4,0.754727,154124
caas-2node,mpi,20000000,8,1,block,1024,3,5,0.816209,152001
caas-2node,mpi,20000000,8,1,block,1024,3,6,0.875726,150685
caas-2node,mpi,20000000,8,1,block,1024,3,7,0.930859,149218
caas-2node,mpi,20000000,8,1,cyclic,1024,1,0,0.672420,158948
caas-2node,mpi,20000000,8,1,cyclic,1024,1,1,0.672057,158891
caas-2node,mpi,20000000,8,1,cyclic,1024,1,2,0.681412,158835
caas-2node,mpi,20000000,8,1,cyclic,1024,1,3,0.672596,158781
caas-2node,mpi,20000000,8,1,cyclic,1024,1,4,0.672713,158821
caas-2node,mpi,20000000,8,1,cyclic,1024,1,5,0.672924,158802
caas-2node,mpi,20000000,8,1,cyclic,1024,1,6,0.672802,158833
caas-2node,mpi,20000000,8,1,cyclic,1024,1,7,0.677258,158696
caas-2node,mpi,20000000,8,1,cyclic,1024,2,0,0.672559,158948
caas-2node,mpi,20000000,8,1,cyclic,1024,2,1,0.672461,158891
caas-2node,mpi,20000000,8,1,cyclic,1024,2,2,0.672163,158835
caas-2node,mpi,20000000,8,1,cyclic,1024,2,3,0.672839,158781
caas-2node,mpi,20000000,8,1,cyclic,1024,2,4,0.676167,158821
caas-2node,mpi,20000000,8,1,cyclic,1024,2,5,0.674016,158802
caas-2node,mpi,20000000,8,1,cyclic,1024,2,6,0.674304,158833
caas-2node,mpi,20000000,8,1,cyclic,1024,2,7,0.674081,158696
caas-2node,mpi,20000000,8,1,cyclic,1024,3,0,0.675112,158948
caas-2node,mpi,20000000,8,1,cyclic,1024,3,1,0.675441,158891
caas-2node,mpi,20000000,8,1,cyclic,1024,3,2,0.673804,158835
caas-2node,mpi,20000000,8,1,cyclic,1024,3,3,0.673315,158781
caas-2node,mpi,20000000,8,1,cyclic,1024,3,4,0.726485,158821
caas-2node,mpi,20000000,8,1,cyclic,1024,3,5,0.740561,158802
caas-2node,mpi,20000000,8,1,cyclic,1024,3,6,0.733627,158833
caas-2node,mpi,20000000,8,1,cyclic,1024,3,7,0.732329,158696
caas-2node,mpi,20000000,8,1,blockcyclic,1024,1,0,0.672008,158977
caas-2node,mpi,20000000,8,1,blockcyclic,1024,1,1,0.672050,158750
caas-2node,mpi,20000000,8,1,blockcyclic,1024,1,2,0.671840,158844
caas-2node,mpi,20000000,8,1,blockcyclic,1024,1,3,0.672043,158584
caas-2node,mpi,20000000,8,1,blockcyclic,1024,1,4,0.675749,159282
caas-2node,mpi,20000000,8,1,blockcyclic,1024,1,5,0.673574,158958
caas-2node,mpi,20000000,8,1,blockcyclic,1024,1,6,0.672847,158779
caas-2node,mpi,20000000,8,1,blockcyclic,1024,1,7,0.672924,158433
caas-2node,mpi,20000000,8,1,blockcyclic,1024,2,0,0.673152,158977
caas-2node,mpi,20000000,8,1,blockcyclic,1024,2,1,0.672157,158750
caas-2node,mpi,20000000,8,1,blockcyclic,1024,2,2,0.672229,158844
caas-2node,mpi,20000000,8,1,blockcyclic,1024,2,3,0.672542,158584
caas-2node,mpi,20000000,8,1,blockcyclic,1024,2,4,0.675766,159282
caas-2node,mpi,20000000,8,1,blockcyclic,1024,2,5,0.674725,158958
caas-2node,mpi,20000000,8,1,blockcyclic,1024,2,6,0.673043,158779
caas-2node,mpi,20000000,8,1,blockcyclic,1024,2,7,0.671737,158433
caas-2node,mpi,20000000,8,1,blockcyclic,1024,3,0,0.672344,158977
caas-2node,mpi,20000000,8,1,blockcyclic,1024,3,1,0.671727,158750
caas-2node,mpi,20000000,8,1,blockcyclic,1024,3,2,0.671787,158844
caas-2node,mpi,20000000,8,1,blockcyclic,1024,3,3,0.671843,158584
caas-2node,mpi,20000000,8,1,blockcyclic,1024,3,4,0.674237,159282
caas-2node,mpi,20000000,8,1,blockcyclic,1024,3,5,0.674490,158958
caas-2node,mpi,20000000,8,1,blockcyclic,1024,3,6,0.672439,158779
caas-2node,mpi,20000000,8,1,blockcyclic,1024,3,7,0.672625,158433
caas-2node,mpi,20000000,8,1,wblock,1024,1,0,0.755105,348513
caas-2node,mpi,20000000,8,1,wblock,1024,1,1,0.694830,187308
caas-2node,mpi,20000000,8,1,wblock,1024,1,2,0.675155,153590
caas-2node,mpi,20000000,8,1,wblock,1024,1,3,0.663950,135339
caas-2node,mpi,20000000,8,1,wblock,1024,1,4,0.655661,122991
caas-2node,mpi,20000000,8,1,wblock,1024,1,5,0.649190,114040
caas-2node,mpi,20000000,8,1,wblock,1024,1,6,0.643627,107291
caas-2node,mpi,20000000,8,1,wblock,1024,1,7,0.638595,101535
caas-2node,mpi,20000000,8,1,wblock,1024,2,0,0.754963,348513
caas-2node,mpi,20000000,8,1,wblock,1024,2,1,0.694885,187308
caas-2node,mpi,20000000,8,1,wblock,1024,2,2,0.675327,153590
caas-2node,mpi,20000000,8,1,wblock,1024,2,3,0.663869,135339
caas-2node,mpi,20000000,8,1,wblock,1024,2,4,0.655868,122991
caas-2node,mpi,20000000,8,1,wblock,1024,2,5,0.649219,114040
caas-2node,mpi,20000000,8,1,wblock,1024,2,6,0.644233,107291
caas-2node,mpi,20000000,8,1,wblock,1024,2,7,0.639375,101535
caas-2node,mpi,20000000,8,1,wblock,1024,3,0,0.755148,348513
caas-2node,mpi,20000000,8,1,wblock,1024,3,1,0.695012,187308
caas-2node,mpi,20000000,8,1,wblock,1024,3,2,0.675167,153590
caas-2node,mpi,20000000,8,1,wblock,1024,3,3,0.663863,135339
caas-2node,mpi,20000000,8,1,wblock,1024,3,4,0.655899,122991
caas-2node,mpi,20000000,8,1,wblock,1024,3,5,0.648152,114040
caas-2node,mpi,20000000,8,1,wblock,1024,3,6,0.643115,107291
caas-2node,mpi,20000000,8,1,wblock,1024,3,7,0.637683,101535
caas-2node,mpi_sieve,500000000,8,1,block,1024,1,0,0.095234,3701487
caas-2node,mpi_sieve,500000000,8,1,block,1024,1,1,0.093605,3408655
caas-2node,mpi_sieve,500000000,8,1,block,1024,1,2,0.095758,3314265
caas-2node,mpi_sieve,500000000,8,1,block,1024,1,3,0.102376,3254911
caas-2node,mpi_sieve,500000000,8,1,block,1024,1,4,0.099339,3212954
caas-2node,mpi_sieve,500000000,8,1,block,1024,1,5,0.097803,3179482
caas-2node,mpi_sieve,500000000,8,1,block,1024,1,6,0.102033,3153228
caas-2node,mpi_sieve,500000000,8,1,block,1024,1,7,0.101480,3130885
caas-2node,mpi_sieve,500000000,8,1,block,1024,2,0,0.092433,3701487
caas-2node,mpi_sieve,500000000,8,1,block,1024,2,1,0.093787,3408655
caas-2node,mpi_sieve,500000000,8,1,block,1024,2,2,0.095302,3314265
caas-2node,mpi_sieve,500000000,8,1,block,1024,2,3,0.096936,3254911
caas-2node,mpi_sieve,500000000,8,1,block,1024,2,4,0.102562,3212954
caas-2node,mpi_sieve,500000000,8,1,block,1024,2,5,0.105723,3179482
caas-2node,mpi_sieve,500000000,8,1,block,1024,2,6,0.106508,3153228
caas-2node,mpi_sieve,500000000,8,1,block,1024,2,7,0.106691,3130885
caas-2node,mpi_sieve,500000000,8,1,block,1024,3,0,0.092279,3701487
caas-2node,mpi_sieve,500000000,8,1,block,1024,3,1,0.093965,3408655
caas-2node,mpi_sieve,500000000,8,1,block,1024,3,2,0.095461,3314265
caas-2node,mpi_sieve,500000000,8,1,block,1024,3,3,0.096207,3254911
caas-2node,mpi_sieve,500000000,8,1,block,1024,3,4,0.103245,3212954
caas-2node,mpi_sieve,500000000,8,1,block,1024,3,5,0.103846,3179482
caas-2node,mpi_sieve,500000000,8,1,block,1024,3,6,0.118845,3153228
caas-2node,mpi_sieve,500000000,8,1,block,1024,3,7,0.116687,3130885
caas-2node,hybrid,1000000,4,4,blockcyclic,1024,1,0,0.012132,19816
caas-2node,hybrid,1000000,4,4,blockcyclic,1024,1,1,0.012172,19499
caas-2node,hybrid,1000000,4,4,blockcyclic,1024,1,2,0.012164,19628
caas-2node,hybrid,1000000,4,4,blockcyclic,1024,1,3,0.012257,19555
caas-2node,hybrid,1000000,4,4,blockcyclic,1024,2,0,0.012223,19816
caas-2node,hybrid,1000000,4,4,blockcyclic,1024,2,1,0.012193,19499
caas-2node,hybrid,1000000,4,4,blockcyclic,1024,2,2,0.012236,19628
caas-2node,hybrid,1000000,4,4,blockcyclic,1024,2,3,0.012093,19555
caas-2node,hybrid,1000000,4,4,blockcyclic,1024,3,0,0.012400,19816
caas-2node,hybrid,1000000,4,4,blockcyclic,1024,3,1,0.012255,19499
caas-2node,hybrid,1000000,4,4,blockcyclic,1024,3,2,0.012028,19628
caas-2node,hybrid,1000000,4,4,blockcyclic,1024,3,3,0.012057,19555
caas-2node,hybrid,1000000,4,4,blockcyclic,1024,1,0,0.012085,19816
caas-2node,hybrid,1000000,4,4,blockcyclic,1024,1,1,0.012465,19499
caas-2node,hybrid,1000000,4,4,blockcyclic,1024,1,2,0.012016,19628
caas-2node,hybrid,1000000,4,4,blockcyclic,1024,1,3,0.012023,19555
caas-2node,hybrid,1000000,4,4,blockcyclic,1024,2,0,0.012172,19816
caas-2node,hybrid,1000000,4,4,blockcyclic,1024,2,1,0.012091,19499
caas-2node,hybrid,1000000,4,4,blockcyclic,1024,2,2,0.012066,19628
caas-2node,hybrid,1000000,4,4,blockcyclic,1024,2,3,0.012027,19555
caas-2node,hybrid,1000000,4,4,blockcyclic,1024,3,0,0.012273,19816
caas-2node,hybrid,1000000,4,4,blockcyclic,1024,3,1,0.012203,19499
caas-2node,hybrid,1000000,4,4,blockcyclic,1024,3,2,0.012220,19628
caas-2node,hybrid,1000000,4,4,blockcyclic,1024,3,3,0.011997,19555
caas-2node,hybrid,1000000,4,4,blockcyclic,1024,1,0,0.015824,19816
caas-2node,hybrid,1000000,4,4,blockcyclic,1024,1,1,0.014342,19499
caas-2node,hybrid,1000000,4,4,blockcyclic,1024,1,2,0.011999,19628
caas-2node,hybrid,1000000,4,4,blockcyclic,1024,1,3,0.011996,19555
caas-2node,hybrid,1000000,4,4,blockcyclic,1024,2,0,0.012199,19816
caas-2node,hybrid,1000000,4,4,blockcyclic,1024,2,1,0.012161,19499
caas-2node,hybrid,1000000,4,4,blockcyclic,1024,2,2,0.012154,19628
caas-2node,hybrid,1000000,4,4,blockcyclic,1024,2,3,0.012192,19555
caas-2node,hybrid,1000000,4,4,blockcyclic,1024,3,0,0.012128,19816
caas-2node,hybrid,1000000,4,4,blockcyclic,1024,3,1,0.012126,19499
caas-2node,hybrid,1000000,4,4,blockcyclic,1024,3,2,0.012199,19628
caas-2node,hybrid,1000000,4,4,blockcyclic,1024,3,3,0.012054,19555
caas-2node,hybrid,2000000,4,4,blockcyclic,1024,1,0,0.016825,37423
caas-2node,hybrid,2000000,4,4,blockcyclic,1024,1,1,0.017064,37061
caas-2node,hybrid,2000000,4,4,blockcyclic,1024,1,2,0.016616,37315
caas-2node,hybrid,2000000,4,4,blockcyclic,1024,1,3,0.016925,37134
caas-2node,hybrid,2000000,4,4,blockcyclic,1024,2,0,0.016860,37423
caas-2node,hybrid,2000000,4,4,blockcyclic,1024,2,1,0.016872,37061
caas-2node,hybrid,2000000,4,4,blockcyclic,1024,2,2,0.016685,37315
caas-2node,hybrid,2000000,4,4,blockcyclic,1024,2,3,0.016748,37134
caas-2node,hybrid,2000000,4,4,blockcyclic,1024,3,0,0.021058,37423
caas-2node,hybrid,2000000,4,4,blockcyclic,1024,3,1,0.020986,37061
caas-2node,hybrid,2000000,4,4,blockcyclic,1024,3,2,0.016607,37315
caas-2node,hybrid,2000000,4,4,blockcyclic,1024,3,3,0.016833,37134
caas-2node,hybrid,2000000,4,4,blockcyclic,1024,1,0,0.016791,37423
caas-2node,hybrid,2000000,4,4,blockcyclic,1024,1,1,0.017114,37061
caas-2node,hybrid,2000000,4,4,blockcyclic,1024,1,2,0.016671,37315
caas-2node,hybrid,2000000,4,4,blockcyclic,1024,1,3,0.016778,37134
caas-2node,hybrid,2000000,4,4,blockcyclic,1024,2,0,0.016851,37423
caas-2node,hybrid,2000000,4,4,blockcyclic,1024,2,1,0.016828,37061
caas-2node,hybrid,2000000,4,4,blockcyclic,1024,2,2,0.016599,37315
caas-2node,hybrid,2000000,4,4,blockcyclic,1024,2,3,0.017667,37134
caas-2node,hybrid,2000000,4,4,blockcyclic,1024,3,0,0.016864,37423
caas-2node,hybrid,2000000,4,4,blockcyclic,1024,3,1,0.016818,37061
caas-2node,hybrid,2000000,4,4,blockcyclic,1024,3,2,0.016818,37315
caas-2node,hybrid,2000000,4,4,blockcyclic,1024,3,3,0.016928,37134
caas-2node,hybrid,2000000,4,4,blockcyclic,1024,1,0,0.016964,37423
caas-2node,hybrid,2000000,4,4,blockcyclic,1024,1,1,0.017014,37061
caas-2node,hybrid,2000000,4,4,blockcyclic,1024,1,2,0.022786,37315
caas-2node,hybrid,2000000,4,4,blockcyclic,1024,1,3,0.016901,37134
caas-2node,hybrid,2000000,4,4,blockcyclic,1024,2,0,0.016811,37423
caas-2node,hybrid,2000000,4,4,blockcyclic,1024,2,1,0.016879,37061
caas-2node,hybrid,2000000,4,4,blockcyclic,1024,2,2,0.016829,37315
caas-2node,hybrid,2000000,4,4,blockcyclic,1024,2,3,0.016915,37134
caas-2node,hybrid,2000000,4,4,blockcyclic,1024,3,0,0.016799,37423
caas-2node,hybrid,2000000,4,4,blockcyclic,1024,3,1,0.016934,37061
caas-2node,hybrid,2000000,4,4,blockcyclic,1024,3,2,0.023176,37315
caas-2node,hybrid,2000000,4,4,blockcyclic,1024,3,3,0.025094,37134
caas-2node,hybrid,4000000,4,4,blockcyclic,1024,1,0,0.068625,70901
caas-2node,hybrid,4000000,4,4,blockcyclic,1024,1,1,0.057336,70589
caas-2node,hybrid,4000000,4,4,blockcyclic,1024,1,2,0.047805,70910
caas-2node,hybrid,4000000,4,4,blockcyclic,1024,1,3,0.055147,70746
caas-2node,hybrid,4000000,4,4,blockcyclic,1024,2,0,0.074262,70901
caas-2node,hybrid,4000000,4,4,blockcyclic,1024,2,1,0.075102,70589
caas-2node,hybrid,4000000,4,4,blockcyclic,1024,2,2,0.059344,70910
caas-2node,hybrid,4000000,4,4,blockcyclic,1024,2,3,0.060084,70746
caas-2node,hybrid,4000000,4,4,blockcyclic,1024,3,0,0.040838,70901
caas-2node,hybrid,4000000,4,4,blockcyclic,1024,3,1,0.040647,70589
caas-2node,hybrid,4000000,4,4,blockcyclic,1024,3,2,0.058506,70910
caas-2node,hybrid,4000000,4,4,blockcyclic,1024,3,3,0.060003,70746
caas-2node,hybrid,4000000,4,4,blockcyclic,1024,1,0,0.040853,70901
caas-2node,hybrid,4000000,4,4,blockcyclic,1024,1,1,0.040951,70589
caas-2node,hybrid,4000000,4,4,blockcyclic,1024,1,2,0.045673,70910
caas-2node,hybrid,4000000,4,4,blockcyclic,1024,1,3,0.047713,70746
caas-2node,hybrid,4000000,4,4,blockcyclic,1024,2,0,0.041092,70901
caas-2node,hybrid,4000000,4,4,blockcyclic,1024,2,1,0.040799,70589
caas-2node,hybrid,4000000,4,4,blockcyclic,1024,2,2,0.053034,70910
caas-2node,hybrid,4000000,4,4,blockcyclic,1024,2,3,0.048083,70746
caas-2node,hybrid,4000000,4,4,blockcyclic,1024,3,0,0.040794,70901
caas-2node,hybrid,4000000,4,4,blockcyclic,1024,3,1,0.040629,70589
caas-2node,hybrid,4000000,4,4,blockcyclic,1024,3,2,0.050970,70910
caas-2node,hybrid,4000000,4,4,blockcyclic,1024,3,3,0.045815,70746
caas-2node,hybrid,4000000,4,4,blockcyclic,1024,1,0,0.045923,70901
caas-2node,hybrid,4000000,4,4,blockcyclic,1024,1,1,0.045854,70589
caas-2node,hybrid,4000000,4,4,blockcyclic,1024,1,2,0.047028,70910
caas-2node,hybrid,4000000,4,4,blockcyclic,1024,1,3,0.046998,70746
caas-2node,hybrid,4000000,4,4,blockcyclic,1024,2,0,0.046021,70901
caas-2node,hybrid,4000000,4,4,blockcyclic,1024,2,1,0.045743,70589
caas-2node,hybrid,4000000,4,4,blockcyclic,1024,2,2,0.048938,70910
caas-2node,hybrid,4000000,4,4,blockcyclic,1024,2,3,0.046149,70746
caas-2node,hybrid,4000000,4,4,blockcyclic,1024,3,0,0.046221,70901
caas-2node,hybrid,4000000,4,4,blockcyclic,1024,3,1,0.046561,70589
caas-2node,hybrid,4000000,4,4,blockcyclic,1024,3,2,0.048768,70910
caas-2node,hybrid,4000000,4,4,blockcyclic,1024,3,3,0.046126,70746
caas-2node,hybrid,6000000,4,4,blockcyclic,1024,1,0,0.070085,103111
caas-2node,hybrid,6000000,4,4,blockcyclic,1024,1,1,0.084688,103149
caas-2node,hybrid,6000000,4,4,blockcyclic,1024,1,2,0.086140,103367
caas-2node,hybrid,6000000,4,4,blockcyclic,1024,1,3,0.106438,103222
caas-2node,hybrid,6000000,4,4,blockcyclic,1024,2,0,0.070303,103111
caas-2node,hybrid,6000000,4,4,blockcyclic,1024,2,1,0.070242,103149
caas-2node,hybrid,6000000,4,4,blockcyclic,1024,2,2,0.084517,103367
caas-2node,hybrid,6000000,4,4,blockcyclic,1024,2,3,0.084676,103222
caas-2node,hybrid,6000000,4,4,blockcyclic,1024,3,0,0.070143,103111
caas-2node,hybrid,6000000,4,4,blockcyclic,1024,3,1,0.069940,103149
caas-2node,hybrid,6000000,4,4,blockcyclic,1024,3,2,0.086720,103367
caas-2node,hybrid,6000000,4,4,blockcyclic,1024,3,3,0.085391,103222
caas-2node,hybrid,6000000,4,4,blockcyclic,1024,1,0,0.073928,103111
caas-2node,hybrid,6000000,4,4,blockcyclic,1024,1,1,0.077561,103149
caas-2node,hybrid,6000000,4,4,blockcyclic,1024,1,2,0.070480,103367
caas-2node,hybrid,6000000,4,4,blockcyclic,1024,1,3,0.081066,103222
caas-2node,hybrid,6000000,4,4,blockcyclic,1024,2,0,0.070162,103111
caas-2node,hybrid,6000000,4,4,blockcyclic,1024,2,1,0.070208,103149
caas-2node,hybrid,6000000,4,4,blockcyclic,1024,2,2,0.070293,103367
caas-2node,hybrid,6000000,4,4,blockcyclic,1024,2,3,0.080978,103222
caas-2node,hybrid,6000000,4,4,blockcyclic,1024,3,0,0.070169,103111
caas-2node,hybrid,6000000,4,4,blockcyclic,1024,3,1,0.071212,103149
caas-2node,hybrid,6000000,4,4,blockcyclic,1024,3,2,0.074596,103367
caas-2node,hybrid,6000000,4,4,blockcyclic,1024,3,3,0.075144,103222
caas-2node,hybrid,6000000,4,4,blockcyclic,1024,1,0,0.066293,103111
caas-2node,hybrid,6000000,4,4,blockcyclic,1024,1,1,0.067136,103149
caas-2node,hybrid,6000000,4,4,blockcyclic,1024,1,2,0.082142,103367
caas-2node,hybrid,6000000,4,4,blockcyclic,1024,1,3,0.077046,103222
caas-2node,hybrid,6000000,4,4,blockcyclic,1024,2,0,0.066208,103111
caas-2node,hybrid,6000000,4,4,blockcyclic,1024,2,1,0.066584,103149
caas-2node,hybrid,6000000,4,4,blockcyclic,1024,2,2,0.066645,103367
caas-2node,hybrid,6000000,4,4,blockcyclic,1024,2,3,0.099682,103222
caas-2node,hybrid,6000000,4,4,blockcyclic,1024,3,0,0.066561,103111
caas-2node,hybrid,6000000,4,4,blockcyclic,1024,3,1,0.066956,103149
caas-2node,hybrid,6000000,4,4,blockcyclic,1024,3,2,0.076311,103367
caas-2node,hybrid,6000000,4,4,blockcyclic,1024,3,3,0.076540,103222
caas-2node,hybrid,8000000,4,4,blockcyclic,1024,1,0,0.103677,134845
caas-2node,hybrid,8000000,4,4,blockcyclic,1024,1,1,0.103633,134842
caas-2node,hybrid,8000000,4,4,blockcyclic,1024,1,2,0.143468,135226
caas-2node,hybrid,8000000,4,4,blockcyclic,1024,1,3,0.145444,134864
caas-2node,hybrid,8000000,4,4,blockcyclic,1024,2,0,0.104325,134845
caas-2node,hybrid,8000000,4,4,blockcyclic,1024,2,1,0.103937,134842
caas-2node,hybrid,8000000,4,4,blockcyclic,1024,2,2,0.144067,135226
caas-2node,hybrid,8000000,4,4,blockcyclic,1024,2,3,0.128192,134864
caas-2node,hybrid,8000000,4,4,blockcyclic,1024,3,0,0.104101,134845
caas-2node,hybrid,8000000,4,4,blockcyclic,1024,3,1,0.104151,134842
caas-2node,hybrid,8000000,4,4,blockcyclic,1024,3,2,0.104587,135226
caas-2node,hybrid,8000000,4,4,blockcyclic,1024,3,3,0.104408,134864
caas-2node,hybrid,8000000,4,4,blockcyclic,1024,1,0,0.103666,134845
caas-2node,hybrid,8000000,4,4,blockcyclic,1024,1,1,0.111207,134842
caas-2node,hybrid,8000000,4,4,blockcyclic,1024,1,2,0.126082,135226
caas-2node,hybrid,8000000,4,4,blockcyclic,1024,1,3,0.128887,134864
caas-2node,hybrid,8000000,4,4,blockcyclic,1024,2,0,0.103840,134845
caas-2node,hybrid,8000000,4,4,blockcyclic,1024,2,1,0.103804,134842
caas-2node,hybrid,8000000,4,4,blockcyclic,1024,2,2,0.125382,135226
caas-2node,hybrid,8000000,4,4,blockcyclic,1024,2,3,0.125484,134864
caas-2node,hybrid,8000000,4,4,blockcyclic,1024,3,0,0.103829,134845
caas-2node,hybrid,8000000,4,4,blockcyclic,1024,3,1,0.103743,134842
caas-2node,hybrid,8000000,4,4,blockcyclic,1024,3,2,0.134494,135226
caas-2node,hybrid,8000000,4,4,blockcyclic,1024,3,3,0.130317,134864
caas-2node,hybrid,8000000,4,4,blockcyclic,1024,1,0,0.102849,134845
caas-2node,hybrid,8000000,4,4,blockcyclic,1024,1,1,0.103851,134842
caas-2node,hybrid,8000000,4,4,blockcyclic,1024,1,2,0.115708,135226
caas-2node,hybrid,8000000,4,4,blockcyclic,1024,1,3,0.122593,134864
caas-2node,hybrid,8000000,4,4,blockcyclic,1024,2,0,0.102991,134845
caas-2node,hybrid,8000000,4,4,blockcyclic,1024,2,1,0.104050,134842
caas-2node,hybrid,8000000,4,4,blockcyclic,1024,2,2,0.115632,135226
caas-2node,hybrid,8000000,4,4,blockcyclic,1024,2,3,0.121955,134864
caas-2node,hybrid,8000000,4,4,blockcyclic,1024,3,0,0.102776,134845
caas-2node,hybrid,8000000,4,4,blockcyclic,1024,3,1,0.103134,134842
caas-2node,hybrid,8000000,4,4,blockcyclic,1024,3,2,0.177098,135226
caas-2node,hybrid,8000000,4,4,blockcyclic,1024,3,3,0.103185,134864
caas-2node,hybrid,10000000,4,4,blockcyclic,1024,1,0,0.153716,166083
caas-2node,hybrid,10000000,4,4,blockcyclic,1024,1,1,0.146411,166012
caas-2node,hybrid,10000000,4,4,blockcyclic,1024,1,2,0.187302,166366
caas-2node,hybrid,10000000,4,4,blockcyclic,1024,1,3,0.211248,166118
caas-2node,hybrid,10000000,4,4,blockcyclic,1024,2,0,0.140302,166083
caas-2node,hybrid,10000000,4,4,blockcyclic,1024,2,1,0.140338,166012
caas-2node,hybrid,10000000,4,4,blockcyclic,1024,2,2,0.197036,166366
caas-2node,hybrid,10000000,4,4,blockcyclic,1024,2,3,0.209109,166118
caas-2node,hybrid,10000000,4,4,blockcyclic,1024,3,0,0.140432,166083
caas-2node,hybrid,10000000,4,4,blockcyclic,1024,3,1,0.140754,166012
caas-2node,hybrid,10000000,4,4,blockcyclic,1024,3,2,0.171330,166366
caas-2node,hybrid,10000000,4,4,blockcyclic,1024,3,3,0.199459,166118
caas-2node,hybrid,10000000,4,4,blockcyclic,1024,1,0,0.156526,166083
caas-2node,hybrid,10000000,4,4,blockcyclic,1024,1,1,0.164954,166012
caas-2node,hybrid,10000000,4,4,blockcyclic,1024,1,2,0.158062,166366
caas-2node,hybrid,10000000,4,4,blockcyclic,1024,1,3,0.158016,166118
caas-2node,hybrid,10000000,4,4,blockcyclic,1024,2,0,0.140480,166083
caas-2node,hybrid,10000000,4,4,blockcyclic,1024,2,1,0.144215,166012
caas-2node,hybrid,10000000,4,4,blockcyclic,1024,2,2,0.141064,166366
caas-2node,hybrid,10000000,4,4,blockcyclic,1024,2,3,0.168805,166118
caas-2node,hybrid,10000000,4,4,blockcyclic,1024,3,0,0.140324,166083
caas-2node,hybrid,10000000,4,4,blockcyclic,1024,3,1,0.140418,166012
caas-2node,hybrid,10000000,4,4,blockcyclic,1024,3,2,0.158441,166366
caas-2node,hybrid,10000000,4,4,blockcyclic,1024,3,3,0.155949,166118
caas-2node,hybrid,10000000,4,4,blockcyclic,1024,1,0,0.146517,166083
caas-2node,hybrid,10000000,4,4,blockcyclic,1024,1,1,0.146762,166012
caas-2node,hybrid,10000000,4,4,blockcyclic,1024,1,2,0.147894,166366
caas-2node,hybrid,10000000,4,4,blockcyclic,1024,1,3,0.174198,166118
caas-2node,hybrid,10000000,4,4,blockcyclic,1024,2,0,0.146581,166083
caas-2node,hybrid,10000000,4,4,blockcyclic,1024,2,1,0.146958,166012
caas-2node,hybrid,10000000,4,4,blockcyclic,1024,2,2,0.147473,166366
caas-2node,hybrid,10000000,4,4,blockcyclic,1024,2,3,0.148622,166118
caas-2node,hybrid,10000000,4,4,blockcyclic,1024,3,0,0.149321,166083
caas-2node,hybrid,10000000,4,4,blockcyclic,1024,3,1,0.149470,166012
caas-2node,hybrid,10000000,4,4,blockcyclic,1024,3,2,0.164829,166366
caas-2node,hybrid,10000000,4,4,blockcyclic,1024,3,3,0.148280,166118
caas-2node,hybrid,14000000,4,4,blockcyclic,1024,1,0,0.214608,227622
caas-2node,hybrid,14000000,4,4,blockcyclic,1024,1,1,0.217836,227324
caas-2node,hybrid,14000000,4,4,blockcyclic,1024,1,2,0.333436,227506
caas-2node,hybrid,14000000,4,4,blockcyclic,1024,1,3,0.337421,227625
caas-2node,hybrid,14000000,4,4,blockcyclic,1024,2,0,0.214380,227622
caas-2node,hybrid,14000000,4,4,blockcyclic,1024,2,1,0.214422,227324
caas-2node,hybrid,14000000,4,4,blockcyclic,1024,2,2,0.284487,227506
caas-2node,hybrid,14000000,4,4,blockcyclic,1024,2,3,0.328169,227625
caas-2node,hybrid,14000000,4,4,blockcyclic,1024,3,0,0.214294,227622
caas-2node,hybrid,14000000,4,4,blockcyclic,1024,3,1,0.214388,227324
caas-2node,hybrid,14000000,4,4,blockcyclic,1024,3,2,0.342059,227506
caas-2node,hybrid,14000000,4,4,blockcyclic,1024,3,3,0.215366,227625
caas-2node,hybrid,14000000,4,4,blockcyclic,1024,1,0,0.214022,227622
caas-2node,hybrid,14000000,4,4,blockcyclic,1024,1,1,0.215097,227324
caas-2node,hybrid,14000000,4,4,blockcyclic,1024,1,2,0.281460,227506
caas-2node,hybrid,14000000,4,4,blockcyclic,1024,1,3,0.281254,227625
caas-2node,hybrid,14000000,4,4,blockcyclic,1024,2,0,0.214603,227622
caas-2node,hybrid,14000000,4,4,blockcyclic,1024,2,1,0.214319,227324
caas-2node,hybrid,14000000,4,4,blockcyclic,1024,2,2,0.292422,227506
caas-2node,hybrid,14000000,4,4,blockcyclic,1024,2,3,0.280797,227625
caas-2node,hybrid,14000000,4,4,blockcyclic,1024,3,0,0.214259,227622
caas-2node,hybrid,14000000,4,4,blockcyclic,1024,3,1,0.232633,227324
caas-2node,hybrid,14000000,4,4,blockcyclic,1024,3,2,0.240622,227506
caas-2node,hybrid,14000000,4,4,blockcyclic,1024,3,3,0.291127,227625
caas-2node,hybrid,14000000,4,4,blockcyclic,1024,1,0,0.219795,227622
caas-2node,hybrid,14000000,4,4,blockcyclic,1024,1,1,0.219796,227324
caas-2node,hybrid,14000000,4,4,blockcyclic,1024,1,2,0.220436,227506
caas-2node,hybrid,14000000,4,4,blockcyclic,1024,1,3,0.220677,227625
caas-2node,hybrid,14000000,4,4,blockcyclic,1024,2,0,0.220024,227622
caas-2node,hybrid,14000000,4,4,blockcyclic,1024,2,1,0.219782,227324
caas-2node,hybrid,14000000,4,4,blockcyclic,1024,2,2,0.266207,227506
caas-2node,hybrid,14000000,4,4,blockcyclic,1024,2,3,0.221047,227625
caas-2node,hybrid,14000000,4,4,blockcyclic,1024,3,0,0.219941,227622
caas-2node,hybrid,14000000,4,4,blockcyclic,1024,3,1,0.220160,227324
caas-2node,hybrid,14000000,4,4,blockcyclic,1024,3,2,0.274860,227506
caas-2node,hybrid,14000000,4,4,blockcyclic,1024,3,3,0.220503,227625
caas-2node,hybrid,18000000,4,4,blockcyclic,1024,1,0,0.306808,288290
caas-2node,hybrid,18000000,4,4,blockcyclic,1024,1,1,0.307428,287733
caas-2node,hybrid,18000000,4,4,blockcyclic,1024,1,2,0.417507,287815
caas-2node,hybrid,18000000,4,4,blockcyclic,1024,1,3,0.453492,287529
caas-2node,hybrid,18000000,4,4,blockcyclic,1024,2,0,0.306868,288290
caas-2node,hybrid,18000000,4,4,blockcyclic,1024,2,1,0.307462,287733
caas-2node,hybrid,18000000,4,4,blockcyclic,1024,2,2,0.321503,287815
caas-2node,hybrid,18000000,4,4,blockcyclic,1024,2,3,0.308433,287529
caas-2node,hybrid,18000000,4,4,blockcyclic,1024,3,0,0.306809,288290
caas-2node,hybrid,18000000,4,4,blockcyclic,1024,3,1,0.307204,287733
caas-2node,hybrid,18000000,4,4,blockcyclic,1024,3,2,0.308725,287815
caas-2node,hybrid,18000000,4,4,blockcyclic,1024,3,3,0.308544,287529
caas-2node,hybrid,18000000,4,4,blockcyclic,1024,1,0,0.307134,288290
caas-2node,hybrid,18000000,4,4,blockcyclic,1024,1,1,0.307275,287733
caas-2node,hybrid,18000000,4,4,blockcyclic,1024,1,2,0.345050,287815
caas-2node,hybrid,18000000,4,4,blockcyclic,1024,1,3,0.370850,287529
caas-2node,hybrid,18000000,4,4,blockcyclic,1024,2,0,0.306750,288290
caas-2node,hybrid,18000000,4,4,blockcyclic,1024,2,1,0.307888,287733
caas-2node,hybrid,18000000,4,4,blockcyclic,1024,2,2,0.364520,287815
caas-2node,hybrid,18000000,4,4,blockcyclic,1024,2,3,0.376428,287529
caas-2node,hybrid,18000000,4,4,blockcyclic,1024,3,0,0.306803,288290
caas-2node,hybrid,18000000,4,4,blockcyclic,1024,3,1,0.307623,287733
caas-2node,hybrid,18000000,4,4,blockcyclic,1024,3,2,0.439267,287815
caas-2node,hybrid,18000000,4,4,blockcyclic,1024,3,3,0.347349,287529
caas-2node,hybrid,18000000,4,4,blockcyclic,1024,1,0,0.300554,288290
caas-2node,hybrid,18000000,4,4,blockcyclic,1024,1,1,0.300677,287733
caas-2node,hybrid,18000000,4,4,blockcyclic,1024,1,2,0.407878,287815
caas-2node,hybrid,18000000,4,4,blockcyclic,1024,1,3,0.409796,287529
caas-2node,hybrid,18000000,4,4,blockcyclic,1024,2,0,0.303457,288290
caas-2node,hybrid,18000000,4,4,blockcyclic,1024,2,1,0.307782,287733
caas-2node,hybrid,18000000,4,4,blockcyclic,1024,2,2,0.422371,287815
caas-2node,hybrid,18000000,4,4,blockcyclic,1024,2,3,0.396728,287529
caas-2node,hybrid,18000000,4,4,blockcyclic,1024,3,0,0.300674,288290
caas-2node,hybrid,18000000,4,4,blockcyclic,1024,3,1,0.299726,287733
caas-2node,hybrid,18000000,4,4,blockcyclic,1024,3,2,0.381465,287815
caas-2node,hybrid,18000000,4,4,blockcyclic,1024,3,3,0.394719,287529
caas-2node,hybrid,20000000,4,4,blockcyclic,1024,1,0,0.357075,318259
caas-2node,hybrid,20000000,4,4,blockcyclic,1024,1,1,0.356902,317708
caas-2node,hybrid,20000000,4,4,blockcyclic,1024,1,2,0.532887,317623
caas-2node,hybrid,20000000,4,4,blockcyclic,1024,1,3,0.516631,317017
caas-2node,hybrid,20000000,4,4,blockcyclic,1024,2,0,0.356851,318259
caas-2node,hybrid,20000000,4,4,blockcyclic,1024,2,1,0.357261,317708
caas-2node,hybrid,20000000,4,4,blockcyclic,1024,2,2,0.358939,317623
caas-2node,hybrid,20000000,4,4,blockcyclic,1024,2,3,0.504670,317017
caas-2node,hybrid,20000000,4,4,blockcyclic,1024,3,0,0.357033,318259
caas-2node,hybrid,20000000,4,4,blockcyclic,1024,3,1,0.357077,317708
caas-2node,hybrid,20000000,4,4,blockcyclic,1024,3,2,0.357812,317623
caas-2node,hybrid,20000000,4,4,blockcyclic,1024,3,3,0.493602,317017
caas-2node,hybrid,20000000,4,4,blockcyclic,1024,1,0,0.358068,318259
caas-2node,hybrid,20000000,4,4,blockcyclic,1024,1,1,0.358349,317708
caas-2node,hybrid,20000000,4,4,blockcyclic,1024,1,2,0.359900,317623
caas-2node,hybrid,20000000,4,4,blockcyclic,1024,1,3,0.360417,317017
caas-2node,hybrid,20000000,4,4,blockcyclic,1024,2,0,0.357398,318259
caas-2node,hybrid,20000000,4,4,blockcyclic,1024,2,1,0.356975,317708
caas-2node,hybrid,20000000,4,4,blockcyclic,1024,2,2,0.358145,317623
caas-2node,hybrid,20000000,4,4,blockcyclic,1024,2,3,0.360888,317017
caas-2node,hybrid,20000000,4,4,blockcyclic,1024,3,0,0.356753,318259
caas-2node,hybrid,20000000,4,4,blockcyclic,1024,3,1,0.357054,317708
caas-2node,hybrid,20000000,4,4,blockcyclic,1024,3,2,0.357350,317623
caas-2node,hybrid,20000000,4,4,blockcyclic,1024,3,3,0.357226,317017
caas-2node,hybrid,20000000,4,4,blockcyclic,1024,1,0,0.342488,318259
caas-2node,hybrid,20000000,4,4,blockcyclic,1024,1,1,0.342418,317708
caas-2node,hybrid,20000000,4,4,blockcyclic,1024,1,2,0.343127,317623
caas-2node,hybrid,20000000,4,4,blockcyclic,1024,1,3,0.346813,317017
caas-2node,hybrid,20000000,4,4,blockcyclic,1024,2,0,0.342838,318259
caas-2node,hybrid,20000000,4,4,blockcyclic,1024,2,1,0.343131,317708
caas-2node,hybrid,20000000,4,4,blockcyclic,1024,2,2,0.343794,317623
caas-2node,hybrid,20000000,4,4,blockcyclic,1024,2,3,0.343130,317017
caas-2node,hybrid,20000000,4,4,blockcyclic,1024,3,0,0.342722,318259
caas-2node,hybrid,20000000,4,4,blockcyclic,1024,3,1,0.343336,317708
caas-2node,hybrid,20000000,4,4,blockcyclic,1024,3,2,0.343287,317623
caas-2node,hybrid,20000000,4,4,blockcyclic,1024,3,3,0.343448,317017
caas-2node,mpi,1000000,32,1,block,1024,1,0,0.001334,3368
caas-2node,mpi,1000000,32,1,block,1024,1,1,0.001084,2907
caas-2node,mpi,1000000,32,1,block,1024,1,2,0.001344,2772
caas-2node,mpi,1000000,32,1,block,1024,1,3,0.001521,2687
caas-2node,mpi,1000000,32,1,block,1024,1,4,0.001660,2642
caas-2node,mpi,1000000,32,1,block,1024,1,5,0.001763,2588
caas-2node,mpi,1000000,32,1,block,1024,1,6,0.001878,2542
caas-2node,mpi,1000000,32,1,block,1024,1,7,0.002018,2538
caas-2node,mpi,1000000,32,1,block,1024,1,8,0.002074,2493
caas-2node,mpi,1000000,32,1,block,1024,1,9,0.002173,2455
caas-2node,mpi,1000000,32,1,block,1024,1,10,0.002271,2488
caas-2node,mpi,1000000,32,1,block,1024,1,11,0.004306,2424
caas-2node,mpi,1000000,32,1,block,1024,1,12,0.004614,2415
caas-2node,mpi,1000000,32,1,block,1024,1,13,0.002533,2437
caas-2node,mpi,1000000,32,1,block,1024,1,14,0.003169,2375
caas-2node,mpi,1000000,32,1,block,1024,1,15,0.002646,2407
caas-2node,mpi,1000000,32,1,block,1024,1,16,0.002705,2384
caas-2node,mpi,1000000,32,1,block,1024,1,17,0.002732,2335
caas-2node,mpi,1000000,32,1,block,1024,1,18,0.002824,2374
caas-2node,mpi,1000000,32,1,block,1024,1,19,0.002877,2355
caas-2node,mpi,1000000,32,1,block,1024,1,20,0.002897,2298
caas-2node,mpi,1000000,32,1,block,1024,1,21,0.002985,2342
caas-2node,mpi,1000000,32,1,block,1024,1,22,0.003033,2314
caas-2node,mpi,1000000,32,1,block,1024,1,23,0.003069,2298
caas-2node,mpi,1000000,32,1,block,1024,1,24,0.003147,2321
caas-2node,mpi,1000000,32,1,block,1024,1,25,0.003241,2314
caas-2node,mpi,1000000,32,1,block,1024,1,26,0.003227,2291
caas-2node,mpi,1000000,32,1,block,1024,1,27,0.003311,2284
caas-2node,mpi,1000000,32,1,block,1024,1,28,0.003351,2275
caas-2node,mpi,1000000,32,1,block,1024,1,29,0.003373,2283
caas-2node,mpi,1000000,32,1,block,1024,1,30,0.003439,2255
caas-2node,mpi,1000000,32,1,block,1024,1,31,0.003444,2237
caas-2node,mpi,1000000,32,1,block,1024,2,0,0.000713,3368
caas-2node,mpi,1000000,32,1,block,1024,2,1,0.002083,2907
caas-2node,mpi,1000000,32,1,block,1024,2,2,0.001347,2772
caas-2node,mpi,1000000,32,1,block,1024,2,3,0.001539,2687
caas-2node,mpi,1000000,32,1,block,1024,2,4,0.001649,2642
caas-2node,mpi,1000000,32,1,block,1024,2,5,0.002715,2588
caas-2node,mpi,1000000,32,1,block,1024,2,6,0.001873,2542
caas-2node,mpi,1000000,32,1,block,1024,2,7,0.001981,2538
caas-2node,mpi,1000000,32,1,block,1024,2,8,0.002085,2493
caas-2node,mpi,1000000,32,1,block,1024,2,9,0.004085,2455
caas-2node,mpi,1000000,32,1,block,1024,2,10,0.002266,2488
caas-2node,mpi,1000000,32,1,block,1024,2,11,0.004450,2424
caas-2node,mpi,1000000,32,1,block,1024,2,12,0.002425,2415
caas-2node,mpi,1000000,32,1,block,1024,2,13,0.002494,2437
caas-2node,mpi,1000000,32,1,block,1024,2,14,0.002551,2375
caas-2node,mpi,1000000,32,1,block,1024,2,15,0.002638,2407
caas-2node,mpi,1000000,32,1,block,1024,2,16,0.002722,2384
caas-2node,mpi,1000000,32,1,block,1024,2,17,0.002726,2335
caas-2node,mpi,1000000,32,1,block,1024,2,18,0.002857,2374
caas-2node,mpi,1000000,32,1,block,1024,2,19,0.002873,2355
caas-2node,mpi,1000000,32,1,block,1024,2,20,0.002896,2298
caas-2node,mpi,1000000,32,1,block,1024,2,21,0.002986,2342
caas-2node,mpi,1000000,32,1,block,1024,2,22,0.003049,2314
caas-2node,mpi,1000000,32,1,block,1024,2,23,0.003083,2298
caas-2node,mpi,1000000,32,1,block,1024,2,24,0.003179,2321
caas-2node,mpi,1000000,32,1,block,1024,2,25,0.003218,2314
caas-2node,mpi,1000000,32,1,block,1024,2,26,0.003280,2291
caas-2node,mpi,1000000,32,1,block,1024,2,27,0.003318,2284
caas-2node,mpi,1000000,32,1,block,1024,2,28,0.006470,2275
caas-2node,mpi,1000000,32,1,block,1024,2,29,0.003397,2283
caas-2node,mpi,1000000,32,1,block,1024,2,30,0.006550,2255
caas-2node,mpi,1000000,32,1,block,1024,2,31,0.003547,2237
caas-2node,mpi,1000000,32,1,block,1024,3,0,0.000720,3368
caas-2node,mpi,1000000,32,1,block,1024,3,1,0.001115,2907
caas-2node,mpi,1000000,32,1,block,1024,3,2,0.002443,2772
caas-2node,mpi,1000000,32,1,block,1024,3,3,0.002837,2687
caas-2node,mpi,1000000,32,1,block,1024,3,4,0.001667,2642
caas-2node,mpi,1000000,32,1,block,1024,3,5,0.001756,2588
caas-2node,mpi,1000000,32,1,block,1024,3,6,0.001870,2542
caas-2node,mpi,1000000,32,1,block,1024,3,7,0.002028,2538
caas-2node,mpi,1000000,32,1,block,1024,3,8,0.002078,2493
caas-2node,mpi,1000000,32,1,block,1024,3,9,0.002183,2455
caas-2node,mpi,1000000,32,1,block,1024,3,10,0.002286,2488
caas-2node,mpi,1000000,32,1,block,1024,3,11,0.002337,2424
caas-2node,mpi,1000000,32,1,block,1024,3,12,0.003758,2415
caas-2node,mpi,1000000,32,1,block,1024,3,13,0.004701,2437
caas-2node,mpi,1000000,32,1,block,1024,3,14,0.004858,2375
caas-2node,mpi,1000000,32,1,block,1024,3,15,0.002627,2407
caas-2node,mpi,1000000,32,1,block,1024,3,16,0.002708,2384
caas-2node,mpi,1000000,32,1,block,1024,3,17,0.002728,2335
caas-2node,mpi,1000000,32,1,block,1024,3,18,0.002816,2374
caas-2node,mpi,1000000,32,1,block,1024,3,19,0.002873,2355
caas-2node,mpi,1000000,32,1,block,1024,3,20,0.002902,2298
caas-2node,mpi,1000000,32,1,block,1024,3,21,0.002992,2342
caas-2node,mpi,1000000,32,1,block,1024,3,22,0.003026,2314
caas-2node,mpi,1000000,32,1,block,1024,3,23,0.003135,2298
caas-2node,mpi,1000000,32,1,block,1024,3,24,0.003140,2321
caas-2node,mpi,1000000,32,1,block,1024,3,25,0.003199,2314
caas-2node,mpi,1000000,32,1,block,1024,3,26,0.003313,2291
caas-2node,mpi,1000000,32,1,block,1024,3,27,0.003292,2284
caas-2node,mpi,1000000,32,1,block,1024,3,28,0.003347,2275
caas-2node,mpi,1000000,32,1,block,1024,3,29,0.003384,2283
caas-2node,mpi,1000000,32,1,block,1024,3,30,0.003416,2255
caas-2node,mpi,1000000,32,1,block,1024,3,31,0.003552,2237
caas-2node,mpi,1000000,32,1,cyclic,1024,1,0,0.004895,2442
caas-2node,mpi,1000000,32,1,cyclic,1024,1,1,0.002526,2460
caas-2node,mpi,1000000,32,1,cyclic,1024,1,2,0.002529,2441
caas-2node,mpi,1000000,32,1,cyclic,1024,1,3,0.002535,2433
caas-2node,mpi,1000000,32,1,cyclic,1024,1,4,0.002541,2451
caas-2node,mpi,1000000,32,1,cyclic,1024,1,5,0.002530,2433
caas-2node,mpi,1000000,32,1,cyclic,1024,1,6,0.002556,2439
caas-2node,mpi,1000000,32,1,cyclic,1024,1,7,0.002506,2407
caas-2node,mpi,1000000,32,1,cyclic,1024,1,8,0.002561,2449
caas-2node,mpi,1000000,32,1,cyclic,1024,1,9,0.002519,2458
caas-2node,mpi,1000000,32,1,cyclic,1024,1,10,0.002561,2470
caas-2node,mpi,1000000,32,1,cyclic,1024,1,11,0.002556,2457
caas-2node,mpi,1000000,32,1,cyclic,1024,1,12,0.004852,2491
caas-2node,mpi,1000000,32,1,cyclic,1024,1,13,0.002538,2459
caas-2node,mpi,1000000,32,1,cyclic,1024,1,14,0.004220,2424
caas-2node,mpi,1000000,32,1,cyclic,1024,1,15,0.004841,2456
caas-2node,mpi,1000000,32,1,cyclic,1024,1,16,0.002541,2487
caas-2node,mpi,1000000,32,1,cyclic,1024,1,17,0.002493,2429
caas-2node,mpi,1000000,32,1,cyclic,1024,1,18,0.002525,2458
caas-2node,mpi,1000000,32,1,cyclic,1024,1,19,0.002511,2451
caas-2node,mpi,1000000,32,1,cyclic,1024,1,20,0.002519,2443
caas-2node,mpi,1000000,32,1,cyclic,1024,1,21,0.002529,2458
caas-2node,mpi,1000000,32,1,cyclic,1024,1,22,0.002541,2488
caas-2node,mpi,1000000,32,1,cyclic,1024,1,23,0.002505,2442
caas-2node,mpi,1000000,32,1,cyclic,1024,1,24,0.002517,2461
caas-2node,mpi,1000000,32,1,cyclic,1024,1,25,0.002550,2469
caas-2node,mpi,1000000,32,1,cyclic,1024,1,26,0.002514,2463
caas-2node,mpi,1000000,32,1,cyclic,1024,1,27,0.002506,2450
caas-2node,mpi,1000000,32,1,cyclic,1024,1,28,0.002490,2430
caas-2node,mpi,1000000,32,1,cyclic,1024,1,29,0.002518,2457
caas-2node,mpi,1000000,32,1,cyclic,1024,1,30,0.002540,2486
caas-2node,mpi,1000000,32,1,cyclic,1024,1,31,0.002538,2456
caas-2node,mpi,1000000,32,1,cyclic,1024,2,0,0.002549,2442
caas-2node,mpi,1000000,32,1,cyclic,1024,2,1,0.002561,2460
caas-2node,mpi,1000000,32,1,cyclic,1024,2,2,0.002501,2441
caas-2node,mpi,1000000,32,1,cyclic,1024,2,3,0.002500,2433
caas-2node,mpi,1000000,32,1,cyclic,1024,2,4,0.002649,2451
caas-2node,mpi,1000000,32,1,cyclic,1024,2,5,0.002511,2433
caas-2node,mpi,1000000,32,1,cyclic,1024,2,6,0.002502,2439
caas-2node,mpi,1000000,32,1,cyclic,1024,2,7,0.002533,2407
caas-2node,mpi,1000000,32,1,cyclic,1024,2,8,0.002491,2449
caas-2node,mpi,1000000,32,1,cyclic,1024,2,9,0.002567,2458
caas-2node,mpi,1000000,32,1,cyclic,1024,2,10,0.002541,2470
caas-2node,mpi,1000000,32,1,cyclic,1024,2,11,0.002513,2457
caas-2node,mpi,1000000,32,1,cyclic,1024,2,12,0.002551,2491
caas-2node,mpi,1000000,32,1,cyclic,1024,2,13,0.002563,2459
caas-2node,mpi,1000000,32,1,cyclic,1024,2,14,0.002518,2424
caas-2node,mpi,1000000,32,1,cyclic,1024,2,15,0.002531,2456
caas-2node,mpi,1000000,32,1,cyclic,1024,2,16,0.002549,2487
caas-2node,mpi,1000000,32,1,cyclic,1024,2,17,0.002509,2429
caas-2node,mpi,1000000,32,1,cyclic,1024,2,18,0.002534,2458
caas-2node,mpi,1000000,32,1,cyclic,1024,2,19,0.002526,2451
caas-2node,mpi,1000000,32,1,cyclic,1024,2,20,0.002519,2443
caas-2node,mpi,1000000,32,1,cyclic,1024,2,21,0.002534,2458
caas-2node,mpi,1000000,32,1,cyclic,1024,2,22,0.002535,2488
caas-2node,mpi,1000000,32,1,cyclic,1024,2,23,0.002532,2442
caas-2node,mpi,1000000,32,1,cyclic,1024,2,24,0.002538,2461
caas-2node,mpi,1000000,32,1,cyclic,1024,2,25,0.002530,2469
caas-2node,mpi,1000000,32,1,cyclic,1024,2,26,0.002527,2463
caas-2node,mpi,1000000,32,1,cyclic,1024,2,27,0.002505,2450
caas-2node,mpi,1000000,32,1,cyclic,1024,2,28,0.002543,2430
caas-2node,mpi,1000000,32,1,cyclic,1024,2,29,0.002529,2457
caas-2node,mpi,1000000,32,1,cyclic,1024,2,30,0.002572,2486
caas-2node,mpi,1000000,32,1,cyclic,1024,2,31,0.002547,2456
caas-2node,mpi,1000000,32,1,cyclic,1024,3,0,0.002604,2442
caas-2node,mpi,1000000,32,1,cyclic,1024,3,1,0.004632,2460
caas-2node,mpi,1000000,32,1,cyclic,1024,3,2,0.002518,2441
caas-2node,mpi,1000000,32,1,cyclic,1024,3,3,0.004815,2433
caas-2node,mpi,1000000,32,1,cyclic,1024,3,4,0.002532,2451
caas-2node,mpi,1000000,32,1,cyclic,1024,3,5,0.002527,2433
caas-2node,mpi,1000000,32,1,cyclic,1024,3,6,0.004856,2439
caas-2node,mpi,1000000,32,1,cyclic,1024,3,7,0.002493,2407
caas-2node,mpi,1000000,32,1,cyclic,1024,3,8,0.004651,2449
caas-2node,mpi,1000000,32,1,cyclic,1024,3,9,0.002522,2458
caas-2node,mpi,1000000,32,1,cyclic,1024,3,10,0.004820,2470
caas-2node,mpi,1000000,32,1,cyclic,1024,3,11,0.002519,2457
caas-2node,mpi,1000000,32,1,cyclic,1024,3,12,0.002533,2491
caas-2node,mpi,1000000,32,1,cyclic,1024,3,13,0.002531,2459
caas-2node,mpi,1000000,32,1,cyclic,1024,3,14,0.004771,2424
caas-2node,mpi,1000000,32,1,cyclic,1024,3,15,0.004741,2456
caas-2node,mpi,1000000,32,1,cyclic,1024,3,16,0.002537,2487
caas-2node,mpi,1000000,32,1,cyclic,1024,3,17,0.002496,2429
caas-2node,mpi,1000000,32,1,cyclic,1024,3,18,0.002518,2458
caas-2node,mpi,1000000,32,1,cyclic,1024,3,19,0.002517,2451
caas-2node,mpi,1000000,32,1,cyclic,1024,3,20,0.004900,2443
caas-2node,mpi,1000000,32,1,cyclic,1024,3,21,0.002532,2458
caas-2node,mpi,1000000,32,1,cyclic,1024,3,22,0.002527,2488
caas-2node,mpi,1000000,32,1,cyclic,1024,3,23,0.002502,2442
caas-2node,mpi,1000000,32,1,cyclic,1024,3,24,0.002551,2461
caas-2node,mpi,1000000,32,1,cyclic,1024,3,25,0.004833,2469
caas-2node,mpi,1000000,32,1,cyclic,1024,3,26,0.004626,2463
caas-2node,mpi,1000000,32,1,cyclic,1024,3,27,0.002530,2450
caas-2node,mpi,1000000,32,1,cyclic,1024,3,28,0.002491,2430
caas-2node,mpi,1000000,32,1,cyclic,1024,3,29,0.004587,2457
caas-2node,mpi,1000000,32,1,cyclic,1024,3,30,0.002546,2486
caas-2node,mpi,1000000,32,1,cyclic,1024,3,31,0.002515,2456
caas-2node,mpi,1000000,32,1,blockcyclic,1024,1,0,0.002682,2686
caas-2node,mpi,1000000,32,1,blockcyclic,1024,1,1,0.004826,2603
caas-2node,mpi,1000000,32,1,blockcyclic,1024,1,2,0.002588,2671
caas-2node,mpi,1000000,32,1,blockcyclic,1024,1,3,0.002608,2587
caas-2node,mpi,1000000,32,1,blockcyclic,1024,1,4,0.002596,2620
caas-2node,mpi,1000000,32,1,blockcyclic,1024,1,5,0.003305,2564
caas-2node,mpi,1000000,32,1,blockcyclic,1024,1,6,0.002644,2584
caas-2node,mpi,1000000,32,1,blockcyclic,1024,1,7,0.005194,2578
caas-2node,mpi,1000000,32,1,blockcyclic,1024,1,8,0.002546,2497
caas-2node,mpi,1000000,32,1,blockcyclic,1024,1,9,0.004449,2405
caas-2node,mpi,1000000,32,1,blockcyclic,1024,1,10,0.004531,2412
caas-2node,mpi,1000000,32,1,blockcyclic,1024,1,11,0.002446,2432
caas-2node,mpi,1000000,32,1,blockcyclic,1024,1,12,0.002425,2382
caas-2node,mpi,1000000,32,1,blockcyclic,1024,1,13,0.003306,2431
caas-2node,mpi,1000000,32,1,blockcyclic,1024,1,14,0.004496,2404
caas-2node,mpi,1000000,32,1,blockcyclic,1024,1,15,0.004526,2378
caas-2node,mpi,1000000,32,1,blockcyclic,1024,1,16,0.002466,2427
caas-2node,mpi,1000000,32,1,blockcyclic,1024,1,17,0.002457,2390
caas-2node,mpi,1000000,32,1,blockcyclic,1024,1,18,0.002458,2375
caas-2node,mpi,1000000,32,1,blockcyclic,1024,1,19,0.002477,2389
caas-2node,mpi,1000000,32,1,blockcyclic,1024,1,20,0.002550,2419
caas-2node,mpi,1000000,32,1,blockcyclic,1024,1,21,0.002503,2363
caas-2node,mpi,1000000,32,1,blockcyclic,1024,1,22,0.002541,2412
caas-2node,mpi,1000000,32,1,blockcyclic,1024,1,23,0.002519,2387
caas-2node,mpi,1000000,32,1,blockcyclic,1024,1,24,0.002508,2384
caas-2node,mpi,1000000,32,1,blockcyclic,1024,1,25,0.002527,2411
caas-2node,mpi,1000000,32,1,blockcyclic,1024,1,26,0.002521,2386
caas-2node,mpi,1000000,32,1,blockcyclic,1024,1,27,0.002555,2431
caas-2node,mpi,1000000,32,1,blockcyclic,1024,1,28,0.002548,2401
caas-2node,mpi,1000000,32,1,blockcyclic,1024,1,29,0.002840,2332
caas-2node,mpi,1000000,32,1,blockcyclic,1024,1,30,0.002534,2384
caas-2node,mpi,1000000,32,1,blockcyclic,1024,1,31,0.002564,2373
caas-2node,mpi,1000000,32,1,blockcyclic,1024,2,0,0.004882,2686
caas-2node,mpi,1000000,32,1,blockcyclic,1024,2,1,0.002627,2603
caas-2node,mpi,1000000,32,1,blockcyclic,1024,2,2,0.002673,2671
caas-2node,mpi,1000000,32,1,blockcyclic,1024,2,3,0.004788,2587
caas-2node,mpi,1000000,32,1,blockcyclic,1024,2,4,0.002682,2620
caas-2node,mpi,1000000,32,1,blockcyclic,1024,2,5,0.002657,2564
caas-2node,mpi,1000000,32,1,blockcyclic,1024,2,6,0.004913,2584
caas-2node,mpi,1000000,32,1,blockcyclic,1024,2,7,0.002700,2578
caas-2node,mpi,1000000,32,1,blockcyclic,1024,2,8,0.004744,2497
caas-2node,mpi,1000000,32,1,blockcyclic,1024,2,9,0.002496,2405
caas-2node,mpi,1000000,32,1,blockcyclic,1024,2,10,0.002463,2412
caas-2node,mpi,1000000,32,1,blockcyclic,1024,2,11,0.004410,2432
caas-2node,mpi,1000000,32,1,blockcyclic,1024,2,12,0.004424,2382
caas-2node,mpi,1000000,32,1,blockcyclic,1024,2,13,0.002503,2431
caas-2node,mpi,1000000,32,1,blockcyclic,1024,2,14,0.004505,2404
caas-2node,mpi,1000000,32,1,blockcyclic,1024,2,15,0.004712,2378
caas-2node,mpi,1000000,32,1,blockcyclic,1024,2,16,0.002498,2427
caas-2node,mpi,1000000,32,1,blockcyclic,1024,2,17,0.002453,2390
caas-2node,mpi,1000000,32,1,blockcyclic,1024,2,18,0.002471,2375
caas-2node,mpi,1000000,32,1,blockcyclic,1024,2,19,0.002483,2389
caas-2node,mpi,1000000,32,1,blockcyclic,1024,2,20,0.002490,2419
caas-2node,mpi,1000000,32,1,blockcyclic,1024,2,21,0.002523,2363
caas-2node,mpi,1000000,32,1,blockcyclic,1024,2,22,0.002560,2412
caas-2node,mpi,1000000,32,1,blockcyclic,1024,2,23,0.002513,2387
caas-2node,mpi,1000000,32,1,blockcyclic,1024,2,24,0.002541,2384
caas-2node,mpi,1000000,32,1,blockcyclic,1024,2,25,0.002533,2411
caas-2node,mpi,1000000,32,1,blockcyclic,1024,2,26,0.002520,2386
caas-2node,mpi,1000000,32,1,blockcyclic,1024,2,27,0.002567,2431
caas-2node,mpi,1000000,32,1,blockcyclic,1024,2,28,0.002564,2401
caas-2node,mpi,1000000,32,1,blockcyclic,1024,2,29,0.002527,2332
caas-2node,mpi,1000000,32,1,blockcyclic,1024,2,30,0.002557,2384
caas-2node,mpi,1000000,32,1,blockcyclic,1024,2,31,0.002565,2373
caas-2node,mpi,1000000,32,1,blockcyclic,1024,3,0,0.002565,2686
caas-2node,mpi,1000000,32,1,blockcyclic,1024,3,1,0.002585,2603
caas-2node,mpi,1000000,32,1,blockcyclic,1024,3,2,0.002624,2671
caas-2node,mpi,1000000,32,1,blockcyclic,1024,3,3,0.002612,2587
caas-2node,mpi,1000000,32,1,blockcyclic,1024,3,4,0.002611,2620
caas-2node,mpi,1000000,32,1,blockcyclic,1024,3,5,0.002607,2564
caas-2node,mpi,1000000,32,1,blockcyclic,1024,3,6,0.002670,2584
caas-2node,mpi,1000000,32,1,blockcyclic,1024,3,7,0.002651,2578
caas-2node,mpi,1000000,32,1,blockcyclic,1024,3,8,0.002522,2497
caas-2node,mpi,1000000,32,1,blockcyclic,1024,3,9,0.002407,2405
caas-2node,mpi,1000000,32,1,blockcyclic,1024,3,10,0.002439,2412
caas-2node,mpi,1000000,32,1,blockcyclic,1024,3,11,0.002454,2432
caas-2node,mpi,1000000,32,1,blockcyclic,1024,3,12,0.002437,2382
caas-2node,mpi,1000000,32,1,blockcyclic,1024,3,13,0.002450,2431
caas-2node,mpi,1000000,32,1,blockcyclic,1024,3,14,0.002452,2404
caas-2node,mpi,1000000,32,1,blockcyclic,1024,3,15,0.002485,2378
caas-2node,mpi,1000000,32,1,blockcyclic,1024,3,16,0.002509,2427
caas-2node,mpi,1000000,32,1,blockcyclic,1024,3,17,0.002477,2390
caas-2node,mpi,1000000,32,1,blockcyclic,1024,3,18,0.002482,2375
caas-2node,mpi,1000000,32,1,blockcyclic,1024,3,19,0.002482,2389
caas-2node,mpi,1000000,32,1,blockcyclic,1024,3,20,0.002497,2419
caas-2node,mpi,1000000,32,1,blockcyclic,1024,3,21,0.002519,2363
caas-2node,mpi,1000000,32,1,blockcyclic,1024,3,22,0.002576,2412
caas-2node,mpi,1000000,32,1,blockcyclic,1024,3,23,0.002514,2387
caas-2node,mpi,1000000,32,1,blockcyclic,1024,3,24,0.002527,2384
caas-2node,mpi,1000000,32,1,blockcyclic,1024,3,25,0.002535,2411
caas-2node,mpi,1000000,32,1,blockcyclic,1024,3,26,0.002560,2386
caas-2node,mpi,1000000,32,1,blockcyclic,1024,3,27,0.002570,2431
caas-2node,mpi,1000000,32,1,blockcyclic,1024,3,28,0.002555,2401
caas-2node,mpi,1000000,32,1,blockcyclic,1024,3,29,0.002534,2332
caas-2node,mpi,1000000,32,1,blockcyclic,1024,3,30,0.002575,2384
caas-2node,mpi,1000000,32,1,blockcyclic,1024,3,31,0.002574,2373
caas-2node,mpi,1000000,32,1,wblock,1024,1,0,0.003561,9524
caas-2node,mpi,1000000,32,1,wblock,1024,1,1,0.002938,4958
caas-2node,mpi,1000000,32,1,wblock,1024,1,2,0.002869,4018
caas-2node,mpi,1000000,32,1,wblock,1024,1,3,0.002784,3544
caas-2node,mpi,1000000,32,1,wblock,1024,1,4,0.002705,3190
caas-2node,mpi,1000000,32,1,wblock,1024,1,5,0.002731,2982
caas-2node,mpi,1000000,32,1,wblock,1024,1,6,0.002636,2769
caas-2node,mpi,1000000,32,1,wblock,1024,1,7,0.002650,2624
caas-2node,mpi,1000000,32,1,wblock,1024,1,8,0.002617,2483
caas-2node,mpi,1000000,32,1,wblock,1024,1,9,0.002619,2403
caas-2node,mpi,1000000,32,1,wblock,1024,1,10,0.002563,2327
caas-2node,mpi,1000000,32,1,wblock,1024,1,11,0.002536,2240
caas-2node,mpi,1000000,32,1,wblock,1024,1,12,0.002520,2145
caas-2node,mpi,1000000,32,1,wblock,1024,1,13,0.002503,2098
caas-2node,mpi,1000000,32,1,wblock,1024,1,14,0.002516,2050
caas-2node,mpi,1000000,32,1,wblock,1024,1,15,0.002476,1982
caas-2node,mpi,1000000,32,1,wblock,1024,1,16,0.002449,1931
caas-2node,mpi,1000000,32,1,wblock,1024,1,17,0.002464,1904
caas-2node,mpi,1000000,32,1,wblock,1024,1,18,0.002454,1862
caas-2node,mpi,1000000,32,1,wblock,1024,1,19,0.002464,1824
caas-2node,mpi,1000000,32,1,wblock,1024,1,20,0.002422,1772
caas-2node,mpi,1000000,32,1,wblock,1024,1,21,0.002430,1764
caas-2node,mpi,1000000,32,1,wblock,1024,1,22,0.002418,1736
caas-2node,mpi,1000000,32,1,wblock,1024,1,23,0.002399,1708
caas-2node,mpi,1000000,32,1,wblock,1024,1,24,0.002364,1651
caas-2node,mpi,1000000,32,1,wblock,1024,1,25,0.002385,1661
caas-2node,mpi,1000000,32,1,wblock,1024,1,26,0.002377,1616
caas-2node,mpi,1000000,32,1,wblock,1024,1,27,0.002346,1588
caas-2node,mpi,1000000,32,1,wblock,1024,1,28,0.002354,1583
caas-2node,mpi,1000000,32,1,wblock,1024,1,29,0.002341,1527
caas-2node,mpi,1000000,32,1,wblock,1024,1,30,0.002385,1542
caas-2node,mpi,1000000,32,1,wblock,1024,1,31,0.002355,1492
caas-2node,mpi,1000000,32,1,wblock,1024,2,0,0.003382,9524
caas-2node,mpi,1000000,32,1,wblock,1024,2,1,0.002941,4958
caas-2node,mpi,1000000,32,1,wblock,1024,2,2,0.002845,4018
caas-2node,mpi,1000000,32,1,wblock,1024,2,3,0.002746,3544
caas-2node,mpi,1000000,32,1,wblock,1024,2,4,0.002713,3190
caas-2node,mpi,1000000,32,1,wblock,1024,2,5,0.002741,2982
caas-2node,mpi,1000000,32,1,wblock,1024,2,6,0.002634,2769
caas-2node,mpi,1000000,32,1,wblock,1024,2,7,0.002605,2624
caas-2node,mpi,1000000,32,1,wblock,1024,2,8,0.002542,2483
caas-2node,mpi,1000000,32,1,wblock,1024,2,9,0.002569,2403
caas-2node,mpi,1000000,32,1,wblock,1024,2,10,0.002591,2327
caas-2node,mpi,1000000,32,1,wblock,1024,2,11,0.002531,2240
caas-2node,mpi,1000000,32,1,wblock,1024,2,12,0.002571,2145
caas-2node,mpi,1000000,32,1,wblock,1024,2,13,0.002525,2098
caas-2node,mpi,1000000,32,1,wblock,1024,2,14,0.002513,2050
caas-2node,mpi,1000000,32,1,wblock,1024,2,15,0.002504,1982
caas-2node,mpi,1000000,32,1,wblock,1024,2,16,0.002443,1931
caas-2node,mpi,1000000,32,1,wblock,1024,2,17,0.002455,1904
caas-2node,mpi,1000000,32,1,wblock,1024,2,18,0.002431,1862
caas-2node,mpi,1000000,32,1,wblock,1024,2,19,0.002432,1824
caas-2node,mpi,1000000,32,1,wblock,1024,2,20,0.002392,1772
caas-2node,mpi,1000000,32,1,wblock,1024,2,21,0.002393,1764
caas-2node,mpi,1000000,32,1,wblock,1024,2,22,0.002418,1736
caas-2node,mpi,1000000,32,1,wblock,1024,2,23,0.002451,1708
caas-2node,mpi,1000000,32,1,wblock,1024,2,24,0.002377,1651
caas-2node,mpi,1000000,32,1,wblock,1024,2,25,0.002423,1661
caas-2node,mpi,1000000,32,1,wblock,1024,2,26,0.002381,1616
caas-2node,mpi,1000000,32,1,wblock,1024,2,27,0.002396,1588
caas-2node,mpi,1000000,32,1,wblock,1024,2,28,0.002372,1583
caas-2node,mpi,1000000,32,1,wblock,1024,2,29,0.002347,1527
caas-2node,mpi,1000000,32,1,wblock,1024,2,30,0.002380,1542
caas-2node,mpi,1000000,32,1,wblock,1024,2,31,0.002432,1492
caas-2node,mpi,1000000,32,1,wblock,1024,3,0,0.003470,9524
caas-2node,mpi,1000000,32,1,wblock,1024,3,1,0.002950,4958
caas-2node,mpi,1000000,32,1,wblock,1024,3,2,0.002847,4018
caas-2node,mpi,1000000,32,1,wblock,1024,3,3,0.002810,3544
caas-2node,mpi,1000000,32,1,wblock,1024,3,4,0.002696,3190
caas-2node,mpi,1000000,32,1,wblock,1024,3,5,0.002682,2982
caas-2node,mpi,1000000,32,1,wblock,1024,3,6,0.002641,2769
caas-2node,mpi,1000000,32,1,wblock,1024,3,7,0.002601,2624
caas-2node,mpi,1000000,32,1,wblock,1024,3,8,0.002582,2483
caas-2node,mpi,1000000,32,1,wblock,1024,3,9,0.002590,2403
caas-2node,mpi,1000000,32,1,wblock,1024,3,10,0.002554,2327
caas-2node,mpi,1000000,32,1,wblock,1024,3,11,0.002552,2240
caas-2node,mpi,1000000,32,1,wblock,1024,3,12,0.002552,2145
caas-2node,mpi,1000000,32,1,wblock,1024,3,13,0.002529,2098
caas-2node,mpi,1000000,32,1,wblock,1024,3,14,0.002481,2050
caas-2node,mpi,1000000,32,1,wblock,1024,3,15,0.002461,1982
caas-2node,mpi,1000000,32,1,wblock,1024,3,16,0.002471,1931
caas-2node,mpi,1000000,32,1,wblock,1024,3,17,0.002435,1904
caas-2node,mpi,1000000,32,1,wblock,1024,3,18,0.002450,1862
caas-2node,mpi,1000000,32,1,wblock,1024,3,19,0.002421,1824
caas-2node,mpi,1000000,32,1,wblock,1024,3,20,0.002404,1772
caas-2node,mpi,1000000,32,1,wblock,1024,3,21,0.002395,1764
caas-2node,mpi,1000000,32,1,wblock,1024,3,22,0.002437,1736
caas-2node,mpi,1000000,32,1,wblock,1024,3,23,0.002394,1708
caas-2node,mpi,1000000,32,1,wblock,1024,3,24,0.002396,1651
caas-2node,mpi,1000000,32,1,wblock,1024,3,25,0.002376,1661
caas-2node,mpi,1000000,32,1,wblock,1024,3,26,0.002365,1616
caas-2node,mpi,1000000,32,1,wblock,1024,3,27,0.002357,1588
caas-2node,mpi,1000000,32,1,wblock,1024,3,28,0.002379,1583
caas-2node,mpi,1000000,32,1,wblock,1024,3,29,0.002339,1527
caas-2node,mpi,1000000,32,1,wblock,1024,3,30,0.002355,1542
caas-2node,mpi,1000000,32,1,wblock,1024,3,31,0.002330,1492
caas-2node,mpi,2000000,32,1,block,1024,1,0,0.001780,6275
caas-2node,mpi,2000000,32,1,block,1024,1,1,0.002779,5459
caas-2node,mpi,2000000,32,1,block,1024,1,2,0.003398,5230
caas-2node,mpi,2000000,32,1,block,1024,1,3,0.003864,5080
caas-2node,mpi,2000000,32,1,block,1024,1,4,0.004238,4948
caas-2node,mpi,2000000,32,1,block,1024,1,5,0.004574,4912
caas-2node,mpi,2000000,32,1,block,1024,1,6,0.004873,4852
caas-2node,mpi,2000000,32,1,block,1024,1,7,0.005141,4782
caas-2node,mpi,2000000,32,1,block,1024,1,8,0.005430,4719
caas-2node,mpi,2000000,32,1,block,1024,1,9,0.005670,4729
caas-2node,mpi,2000000,32,1,block,1024,1,10,0.005875,4640
caas-2node,mpi,2000000,32,1,block,1024,1,11,0.006071,4612
caas-2node,mpi,2000000,32,1,block,1024,1,12,0.006321,4635
caas-2node,mpi,2000000,32,1,block,1024,1,13,0.006508,4575
caas-2node,mpi,2000000,32,1,block,1024,1,14,0.006723,4558
caas-2node,mpi,2000000,32,1,block,1024,1,15,0.006837,4492
caas-2node,mpi,2000000,32,1,block,1024,1,16,0.007081,4501
caas-2node,mpi,2000000,32,1,block,1024,1,17,0.014448,4520
caas-2node,mpi,2000000,32,1,block,1024,1,18,0.007436,4520
caas-2node,mpi,2000000,32,1,block,1024,1,19,0.007497,4430
caas-2node,mpi,2000000,32,1,block,1024,1,20,0.007670,4440
caas-2node,mpi,2000000,32,1,block,1024,1,21,0.007844,4404
caas-2node,mpi,2000000,32,1,block,1024,1,22,0.007967,4439
caas-2node,mpi,2000000,32,1,block,1024,1,23,0.014975,4403
caas-2node,mpi,2000000,32,1,block,1024,1,24,0.008286,4384
caas-2node,mpi,2000000,32,1,block,1024,1,25,0.008430,4346
caas-2node,mpi,2000000,32,1,block,1024,1,26,0.008528,4377
caas-2node,mpi,2000000,32,1,block,1024,1,27,0.008634,4346
caas-2node,mpi,2000000,32,1,block,1024,1,28,0.008747,4338
caas-2node,mpi,2000000,32,1,block,1024,1,29,0.009002,4345
caas-2node,mpi,2000000,32,1,block,1024,1,30,0.009039,4338
caas-2node,mpi,2000000,32,1,block,1024,1,31,0.009135,4304
caas-2node,mpi,2000000,32,1,block,1024,2,0,0.001781,6275
caas-2node,mpi,2000000,32,1,block,1024,2,1,0.002789,5459
caas-2node,mpi,2000000,32,1,block,1024,2,2,0.003448,5230
caas-2node,mpi,2000000,32,1,block,1024,2,3,0.003908,5080
caas-2node,mpi,2000000,32,1,block,1024,2,4,0.004209,4948
caas-2node,mpi,2000000,32,1,block,1024,2,5,0.004571,4912
caas-2node,mpi,2000000,32,1,block,1024,2,6,0.004931,4852
caas-2node,mpi,2000000,32,1,block,1024,2,7,0.005162,4782
caas-2node,mpi,2000000,32,1,block,1024,2,8,0.005420,4719
caas-2node,mpi,2000000,32,1,block,1024,2,9,0.008945,4729
caas-2node,mpi,2000000,32,1,block,1024,2,10,0.005891,4640
caas-2node,mpi,2000000,32,1,block,1024,2,11,0.006096,4612
caas-2node,mpi,2000000,32,1,block,1024,2,12,0.006303,4635
caas-2node,mpi,2000000,32,1,block,1024,2,13,0.006521,4575
caas-2node,mpi,2000000,32,1,block,1024,2,14,0.006696,4558
caas-2node,mpi,2000000,32,1,block,1024,2,15,0.009783,4492
caas-2node,mpi,2000000,32,1,block,1024,2,16,0.007012,4501
caas-2node,mpi,2000000,32,1,block,1024,2,17,0.007242,4520
caas-2node,mpi,2000000,32,1,block,1024,2,18,0.007473,4520
caas-2node,mpi,2000000,32,1,block,1024,2,19,0.007482,4430
caas-2node,mpi,2000000,32,1,block,1024,2,20,0.007701,4440
caas-2node,mpi,2000000,32,1,block,1024,2,21,0.007797,4404
caas-2node,mpi,2000000,32,1,block,1024,2,22,0.007965,4439
caas-2node,mpi,2000000,32,1,block,1024,2,23,0.008126,4403
caas-2node,mpi,2000000,32,1,block,1024,2,24,0.008256,4384
caas-2node,mpi,2000000,32,1,block,1024,2,25,0.008428,4346
caas-2node,mpi,2000000,32,1,block,1024,2,26,0.008696,4377
caas-2node,mpi,2000000,32,1,block,1024,2,27,0.008644,4346
caas-2node,mpi,2000000,32,1,block,1024,2,28,0.008785,4338
caas-2node,mpi,2000000,32,1,block,1024,2,29,0.009068,4345
caas-2node,mpi,2000000,32,1,block,1024,2,30,0.009367,4338
caas-2node,mpi,2000000,32,1,block,1024,2,31,0.009107,4304
caas-2node,mpi,2000000,32,1,block,1024,3,0,0.001781,6275
caas-2node,mpi,2000000,32,1,block,1024,3,1,0.002798,5459
caas-2node,mpi,2000000,32,1,block,1024,3,2,0.003399,5230
caas-2node,mpi,2000000,32,1,block,1024,3,3,0.003839,5080
caas-2node,mpi,2000000,32,1,block,1024,3,4,0.004217,4948
caas-2node,mpi,2000000,32,1,block,1024,3,5,0.004574,4912
caas-2node,mpi,2000000,32,1,block,1024,3,6,0.004892,4852
caas-2node,mpi,2000000,32,1,block,1024,3,7,0.005139,4782
caas-2node,mpi,2000000,32,1,block,1024,3,8,0.005408,4719
caas-2node,mpi,2000000,32,1,block,1024,3,9,0.005671,4729
caas-2node,mpi,2000000,32,1,block,1024,3,10,0.005862,4640
caas-2node,mpi,2000000,32,1,block,1024,3,11,0.006076,4612
caas-2node,mpi,2000000,32,1,block,1024,3,12,0.006320,4635
caas-2node,mpi,2000000,32,1,block,1024,3,13,0.006506,4575
caas-2node,mpi,2000000,32,1,block,1024,3,14,0.006674,4558
caas-2node,mpi,2000000,32,1,block,1024,3,15,0.006815,4492
caas-2node,mpi,2000000,32,1,block,1024,3,16,0.007021,4501
caas-2node,mpi,2000000,32,1,block,1024,3,17,0.007198,4520
caas-2node,mpi,2000000,32,1,block,1024,3,18,0.007395,4520
caas-2node,mpi,2000000,32,1,block,1024,3,19,0.007500,4430
caas-2node,mpi,2000000,32,1,block,1024,3,20,0.007676,4440
caas-2node,mpi,2000000,32,1,block,1024,3,21,0.007795,4404
caas-2node,mpi,2000000,32,1,block,1024,3,22,0.007972,4439
caas-2node,mpi,2000000,32,1,block,1024,3,23,0.015558,4403
caas-2node,mpi,2000000,32,1,block,1024,3,24,0.015993,4384
caas-2node,mpi,2000000,32,1,block,1024,3,25,0.010088,4346
caas-2node,mpi,2000000,32,1,block,1024,3,26,0.008553,4377
caas-2node,mpi,2000000,32,1,block,1024,3,27,0.010256,4346
caas-2node,mpi,2000000,32,1,block,1024,3,28,0.008987,4338
caas-2node,mpi,2000000,32,1,block,1024,3,29,0.008904,4345
caas-2node,mpi,2000000,32,1,block,1024,3,30,0.009263,4338
caas-2node,mpi,2000000,32,1,block,1024,3,31,0.009115,4304
caas-2node,mpi,2000000,32,1,cyclic,1024,1,0,0.006645,4658
caas-2node,mpi,2000000,32,1,cyclic,1024,1,1,0.006623,4678
caas-2node,mpi,2000000,32,1,cyclic,1024,1,2,0.006608,4661
caas-2node,mpi,2000000,32,1,cyclic,1024,1,3,0.006574,4613
caas-2node,mpi,2000000,32,1,cyclic,1024,1,4,0.006598,4644
caas-2node,mpi,2000000,32,1,cyclic,1024,1,5,0.006625,4650
caas-2node,mpi,2000000,32,1,cyclic,1024,1,6,0.006644,4636
caas-2node,mpi,2000000,32,1,cyclic,1024,1,7,0.006564,4625
caas-2node,mpi,2000000,32,1,cyclic,1024,1,8,0.006596,4667
caas-2node,mpi,2000000,32,1,cyclic,1024,1,9,0.006585,4661
caas-2node,mpi,2000000,32,1,cyclic,1024,1,10,0.006610,4696
caas-2node,mpi,2000000,32,1,cyclic,1024,1,11,0.006553,4620
caas-2node,mpi,2000000,32,1,cyclic,1024,1,12,0.006625,4689
caas-2node,mpi,2000000,32,1,cyclic,1024,1,13,0.006689,4663
caas-2node,mpi,2000000,32,1,cyclic,1024,1,14,0.006563,4648
caas-2node,mpi,2000000,32,1,cyclic,1024,1,15,0.007357,4646
caas-2node,mpi,2000000,32,1,cyclic,1024,1,16,0.006577,4642
caas-2node,mpi,2000000,32,1,cyclic,1024,1,17,0.006542,4619
caas-2node,mpi,2000000,32,1,cyclic,1024,1,18,0.006559,4656
caas-2node,mpi,2000000,32,1,cyclic,1024,1,19,0.006566,4637
caas-2node,mpi,2000000,32,1,cyclic,1024,1,20,0.006573,4612
caas-2node,mpi,2000000,32,1,cyclic,1024,1,21,0.006675,4700
caas-2node,mpi,2000000,32,1,cyclic,1024,1,22,0.006578,4665
caas-2node,mpi,2000000,32,1,cyclic,1024,1,23,0.006597,4662
caas-2node,mpi,2000000,32,1,cyclic,1024,1,24,0.006630,4683
caas-2node,mpi,2000000,32,1,cyclic,1024,1,25,0.006596,4682
caas-2node,mpi,2000000,32,1,cyclic,1024,1,26,0.006561,4661
caas-2node,mpi,2000000,32,1,cyclic,1024,1,27,0.006688,4649
caas-2node,mpi,2000000,32,1,cyclic,1024,1,28,0.006624,4667
caas-2node,mpi,2000000,32,1,cyclic,1024,1,29,0.006562,4647
caas-2node,mpi,2000000,32,1,cyclic,1024,1,30,0.006538,4632
caas-2node,mpi,2000000,32,1,cyclic,1024,1,31,0.006700,4664
caas-2node,mpi,2000000,32,1,cyclic,1024,2,0,0.006571,4658
caas-2node,mpi,2000000,32,1,cyclic,1024,2,1,0.006609,4678
caas-2node,mpi,2000000,32,1,cyclic,1024,2,2,0.006645,4661
caas-2node,mpi,2000000,32,1,cyclic,1024,2,3,0.006602,4613
caas-2node,mpi,2000000,32,1,cyclic,1024,2,4,0.006585,4644
caas-2node,mpi,2000000,32,1,cyclic,1024,2,5,0.006634,4650
caas-2node,mpi,2000000,32,1,cyclic,1024,2,6,0.006557,4636
caas-2node,mpi,2000000,32,1,cyclic,1024,2,7,0.006626,4625
caas-2node,mpi,2000000,32,1,cyclic,1024,2,8,0.006638,4667
caas-2node,mpi,2000000,32,1,cyclic,1024,2,9,0.006582,4661
caas-2node,mpi,2000000,32,1,cyclic,1024,2,10,0.006650,4696
caas-2node,mpi,2000000,32,1,cyclic,1024,2,11,0.006625,4620
caas-2node,mpi,2000000,32,1,cyclic,1024,2,12,0.006621,4689
caas-2node,mpi,2000000,32,1,cyclic,1024,2,13,0.006625,4663
caas-2node,mpi,2000000,32,1,cyclic,1024,2,14,0.006583,4648
caas-2node,mpi,2000000,32,1,cyclic,1024,2,15,0.006615,4646
caas-2node,mpi,2000000,32,1,cyclic,1024,2,16,0.006559,4642
caas-2node,mpi,2000000,32,1,cyclic,1024,2,17,0.006558,4619
caas-2node,mpi,2000000,32,1,cyclic,1024,2,18,0.006642,4656
caas-2node,mpi,2000000,32,1,cyclic,1024,2,19,0.006564,4637
caas-2node,mpi,2000000,32,1,cyclic,1024,2,20,0.006586,4612
caas-2node,mpi,2000000,32,1,cyclic,1024,2,21,0.006631,4700
caas-2node,mpi,2000000,32,1,cyclic,1024,2,22,0.006592,4665
caas-2node,mpi,2000000,32,1,cyclic,1024,2,23,0.006608,4662
caas-2node,mpi,2000000,32,1,cyclic,1024,2,24,0.006621,4683
caas-2node,mpi,2000000,32,1,cyclic,1024,2,25,0.006586,4682
caas-2node,mpi,2000000,32,1,cyclic,1024,2,26,0.006574,4661
caas-2node,mpi,2000000,32,1,cyclic,1024,2,27,0.006576,4649
caas-2node,mpi,2000000,32,1,cyclic,1024,2,28,0.006622,4667
caas-2node,mpi,2000000,32,1,cyclic,1024,2,29,0.006555,4647
caas-2node,mpi,2000000,32,1,cyclic,1024,2,30,0.006554,4632
caas-2node,mpi,2000000,32,1,cyclic,1024,2,31,0.006601,4664
caas-2node,mpi,2000000,32,1,cyclic,1024,3,0,0.006658,4658
caas-2node,mpi,2000000,32,1,cyclic,1024,3,1,0.006670,4678
caas-2node,mpi,2000000,32,1,cyclic,1024,3,2,0.006617,4661
caas-2node,mpi,2000000,32,1,cyclic,1024,3,3,0.006577,4613
caas-2node,mpi,2000000,32,1,cyclic,1024,3,4,0.006578,4644
caas-2node,mpi,2000000,32,1,cyclic,1024,3,5,0.006699,4650
caas-2node,mpi,2000000,32,1,cyclic,1024,3,6,0.006564,4636
caas-2node,mpi,2000000,32,1,cyclic,1024,3,7,0.006621,4625
caas-2node,mpi,2000000,32,1,cyclic,1024,3,8,0.006615,4667
caas-2node,mpi,2000000,32,1,cyclic,1024,3,9,0.006576,4661
caas-2node,mpi,2000000,32,1,cyclic,1024,3,10,0.006723,4696
caas-2node,mpi,2000000,32,1,cyclic,1024,3,11,0.006558,4620
caas-2node,mpi,2000000,32,1,cyclic,1024,3,12,0.006900,4689
caas-2node,mpi,2000000,32,1,cyclic,1024,3,13,0.006582,4663
caas-2node,mpi,2000000,32,1,cyclic,1024,3,14,0.006645,4648
caas-2node,mpi,2000000,32,1,cyclic,1024,3,15,0.006927,4646
caas-2node,mpi,2000000,32,1,cyclic,1024,3,16,0.006627,4642
caas-2node,mpi,2000000,32,1,cyclic,1024,3,17,0.006633,4619
caas-2node,mpi,2000000,32,1,cyclic,1024,3,18,0.006585,4656
caas-2node,mpi,2000000,32,1,cyclic,1024,3,19,0.006611,4637
caas-2node,mpi,2000000,32,1,cyclic,1024,3,20,0.006552,4612
caas-2node,mpi,2000000,32,1,cyclic,1024,3,21,0.006675,4700
caas-2node,mpi,2000000,32,1,cyclic,1024,3,22,0.006612,4665
caas-2node,mpi,2000000,32,1,cyclic,1024,3,23,0.006606,4662
caas-2node,mpi,2000000,32,1,cyclic,1024,3,24,0.006641,4683
caas-2node,mpi,2000000,32,1,cyclic,1024,3,25,0.006769,4682
caas-2node,mpi,2000000,32,1,cyclic,1024,3,26,0.007267,4661
caas-2node,mpi,2000000,32,1,cyclic,1024,3,27,0.006570,4649
caas-2node,mpi,2000000,32,1,cyclic,1024,3,28,0.006621,4667
caas-2node,mpi,2000000,32,1,cyclic,1024,3,29,0.006620,4647
caas-2node,mpi,2000000,32,1,cyclic,1024,3,30,0.006640,4632
caas-2node,mpi,2000000,32,1,cyclic,1024,3,31,0.006954,4664
caas-2node,mpi,2000000,32,1,blockcyclic,1024,1,0,0.006583,4803
caas-2node,mpi,2000000,32,1,blockcyclic,1024,1,1,0.006826,4731
caas-2node,mpi,2000000,32,1,blockcyclic,1024,1,2,0.006585,4819
caas-2node,mpi,2000000,32,1,blockcyclic,1024,1,3,0.006753,4735
caas-2node,mpi,2000000,32,1,blockcyclic,1024,1,4,0.006631,4769
caas-2node,mpi,2000000,32,1,blockcyclic,1024,1,5,0.006665,4753
caas-2node,mpi,2000000,32,1,blockcyclic,1024,1,6,0.006913,4734
caas-2node,mpi,2000000,32,1,blockcyclic,1024,1,7,0.006607,4744
caas-2node,mpi,2000000,32,1,blockcyclic,1024,1,8,0.006705,4791
caas-2node,mpi,2000000,32,1,blockcyclic,1024,1,9,0.007444,4678
caas-2node,mpi,2000000,32,1,blockcyclic,1024,1,10,0.006959,4768
caas-2node,mpi,2000000,32,1,blockcyclic,1024,1,11,0.006674,4719
caas-2node,mpi,2000000,32,1,blockcyclic,1024,1,12,0.006622,4665
caas-2node,mpi,2000000,32,1,blockcyclic,1024,1,13,0.006714,4736
caas-2node,mpi,2000000,32,1,blockcyclic,1024,1,14,0.006718,4729
caas-2node,mpi,2000000,32,1,blockcyclic,1024,1,15,0.007381,4738
caas-2node,mpi,2000000,32,1,blockcyclic,1024,1,16,0.006847,4633
caas-2node,mpi,2000000,32,1,blockcyclic,1024,1,17,0.006582,4567
caas-2node,mpi,2000000,32,1,blockcyclic,1024,1,18,0.006427,4524
caas-2node,mpi,2000000,32,1,blockcyclic,1024,1,19,0.006449,4547
caas-2node,mpi,2000000,32,1,blockcyclic,1024,1,20,0.006869,4615
caas-2node,mpi,2000000,32,1,blockcyclic,1024,1,21,0.006452,4498
caas-2node,mpi,2000000,32,1,blockcyclic,1024,1,22,0.006515,4623
caas-2node,mpi,2000000,32,1,blockcyclic,1024,1,23,0.006502,4545
caas-2node,mpi,2000000,32,1,blockcyclic,1024,1,24,0.006471,4544
caas-2node,mpi,2000000,32,1,blockcyclic,1024,1,25,0.006641,4581
caas-2node,mpi,2000000,32,1,blockcyclic,1024,1,26,0.006502,4558
caas-2node,mpi,2000000,32,1,blockcyclic,1024,1,27,0.006486,4540
caas-2node,mpi,2000000,32,1,blockcyclic,1024,1,28,0.006766,4603
caas-2node,mpi,2000000,32,1,blockcyclic,1024,1,29,0.007083,4517
caas-2node,mpi,2000000,32,1,blockcyclic,1024,1,30,0.006549,4560
caas-2node,mpi,2000000,32,1,blockcyclic,1024,1,31,0.006748,4566
caas-2node,mpi,2000000,32,1,blockcyclic,1024,2,0,0.006537,4803
caas-2node,mpi,2000000,32,1,blockcyclic,1024,2,1,0.006563,4731
caas-2node,mpi,2000000,32,1,blockcyclic,1024,2,2,0.006609,4819
caas-2node,mpi,2000000,32,1,blockcyclic,1024,2,3,0.006621,4735
caas-2node,mpi,2000000,32,1,blockcyclic,1024,2,4,0.006597,4769
caas-2node,mpi,2000000,32,1,blockcyclic,1024,2,5,0.006666,4753
caas-2node,mpi,2000000,32,1,blockcyclic,1024,2,6,0.006662,4734
caas-2node,mpi,2000000,32,1,blockcyclic,1024,2,7,0.006648,4744
caas-2node,mpi,2000000,32,1,blockcyclic,1024,2,8,0.006719,4791
caas-2node,mpi,2000000,32,1,blockcyclic,1024,2,9,0.006627,4678
caas-2node,mpi,2000000,32,1,blockcyclic,1024,2,10,0.006804,4768
caas-2node,mpi,2000000,32,1,blockcyclic,1024,2,11,0.006696,4719
caas-2node,mpi,2000000,32,1,blockcyclic,1024,2,12,0.006670,4665
caas-2node,mpi,2000000,32,1,blockcyclic,1024,2,13,0.006712,4736
caas-2node,mpi,2000000,32,1,blockcyclic,1024,2,14,0.006766,4729
caas-2node,mpi,2000000,32,1,blockcyclic,1024,2,15,0.006811,4738
caas-2node,mpi,2000000,32,1,blockcyclic,1024,2,16,0.006612,4633
caas-2node,mpi,2000000,32,1,blockcyclic,1024,2,17,0.006415,4567
caas-2node,mpi,2000000,32,1,blockcyclic,1024,2,18,0.006420,4524
caas-2node,mpi,2000000,32,1,blockcyclic,1024,2,19,0.006442,4547
caas-2node,mpi,2000000,32,1,blockcyclic,1024,2,20,0.006507,4615
caas-2node,mpi,2000000,32,1,blockcyclic,1024,2,21,0.006448,4498
caas-2node,mpi,2000000,32,1,blockcyclic,1024,2,22,0.006521,4623
caas-2node,mpi,2000000,32,1,blockcyclic,1024,2,23,0.006432,4545
caas-2node,mpi,2000000,32,1,blockcyclic,1024,2,24,0.006509,4544
caas-2node,mpi,2000000,32,1,blockcyclic,1024,2,25,0.006544,4581
caas-2node,mpi,2000000,32,1,blockcyclic,1024,2,26,0.006548,4558
caas-2node,mpi,2000000,32,1,blockcyclic,1024,2,27,0.006481,4540
caas-2node,mpi,2000000,32,1,blockcyclic,1024,2,28,0.006610,4603
caas-2node,mpi,2000000,32,1,blockcyclic,1024,2,29,0.006542,4517
caas-2node,mpi,2000000,32,1,blockcyclic,1024,2,30,0.006568,4560
caas-2node,mpi,2000000,32,1,blockcyclic,1024,2,31,0.006584,4566
caas-2node,mpi,2000000,32,1,blockcyclic,1024,3,0,0.006605,4803
caas-2node,mpi,2000000,32,1,blockcyclic,1024,3,1,0.006611,4731
caas-2node,mpi,2000000,32,1,blockcyclic,1024,3,2,0.008557,4819
caas-2node,mpi,2000000,32,1,blockcyclic,1024,3,3,0.006840,4735
caas-2node,mpi,2000000,32,1,blockcyclic,1024,3,4,0.006586,4769
caas-2node,mpi,2000000,32,1,blockcyclic,1024,3,5,0.006780,4753
caas-2node,mpi,2000000,32,1,blockcyclic,1024,3,6,0.006864,4734
caas-2node,mpi,2000000,32,1,blockcyclic,1024,3,7,0.006702,4744
caas-2node,mpi,2000000,32,1,blockcyclic,1024,3,8,0.006716,4791
caas-2node,mpi,2000000,32,1,blockcyclic,1024,3,9,0.006692,4678
caas-2node,mpi,2000000,32,1,blockcyclic,1024,3,10,0.007558,4768
caas-2node,mpi,2000000,32,1,blockcyclic,1024,3,11,0.006700,4719
caas-2node,mpi,2000000,32,1,blockcyclic,1024,3,12,0.007089,4665
caas-2node,mpi,2000000,32,1,blockcyclic,1024,3,13,0.008688,4736
caas-2node,mpi,2000000,32,1,blockcyclic,1024,3,14,0.007457,4729
caas-2node,mpi,2000000,32,1,blockcyclic,1024,3,15,0.010289,4738
caas-2node,mpi,2000000,32,1,blockcyclic,1024,3,16,0.006790,4633
caas-2node,mpi,2000000,32,1,blockcyclic,1024,3,17,0.006418,4567
caas-2node,mpi,2000000,32,1,blockcyclic,1024,3,18,0.006441,4524
caas-2node,mpi,2000000,32,1,blockcyclic,1024,3,19,0.006444,4547
caas-2node,mpi,2000000,32,1,blockcyclic,1024,3,20,0.006877,4615
caas-2node,mpi,2000000,32,1,blockcyclic,1024,3,21,0.006509,4498
caas-2node,mpi,2000000,32,1,blockcyclic,1024,3,22,0.006761,4623
caas-2node,mpi,2000000,32,1,blockcyclic,1024,3,23,0.006424,4545
caas-2node,mpi,2000000,32,1,blockcyclic,1024,3,24,0.006544,4544
caas-2node,mpi,2000000,32,1,blockcyclic,1024,3,25,0.006562,4581
caas-2node,mpi,2000000,32,1,blockcyclic,1024,3,26,0.006544,4558
caas-2node,mpi,2000000,32,1,blockcyclic,1024,3,27,0.006604,4540
caas-2node,mpi,2000000,32,1,blockcyclic,1024,3,28,0.006896,4603
caas-2node,mpi,2000000,32,1,blockcyclic,1024,3,29,0.006586,4517
caas-2node,mpi,2000000,32,1,blockcyclic,1024,3,30,0.006697,4560
caas-2node,mpi,2000000,32,1,blockcyclic,1024,3,31,0.006731,4566
caas-2node,mpi,2000000,32,1,wblock,1024,1,0,0.008605,17856
caas-2node,mpi,2000000,32,1,wblock,1024,1,1,0.007622,9338
caas-2node,mpi,2000000,32,1,wblock,1024,1,2,0.007279,7634
caas-2node,mpi,2000000,32,1,wblock,1024,1,3,0.007104,6710
caas-2node,mpi,2000000,32,1,wblock,1024,1,4,0.006971,6061
caas-2node,mpi,2000000,32,1,wblock,1024,1,5,0.006869,5613
caas-2node,mpi,2000000,32,1,wblock,1024,1,6,0.006801,5282
caas-2node,mpi,2000000,32,1,wblock,1024,1,7,0.006943,4989
caas-2node,mpi,2000000,32,1,wblock,1024,1,8,0.007199,4756
caas-2node,mpi,2000000,32,1,wblock,1024,1,9,0.006633,4569
caas-2node,mpi,2000000,32,1,wblock,1024,1,10,0.007156,4359
caas-2node,mpi,2000000,32,1,wblock,1024,1,11,0.006590,4238
caas-2node,mpi,2000000,32,1,wblock,1024,1,12,0.006568,4104
caas-2node,mpi,2000000,32,1,wblock,1024,1,13,0.006662,3980
caas-2node,mpi,2000000,32,1,wblock,1024,1,14,0.006591,3920
caas-2node,mpi,2000000,32,1,wblock,1024,1,15,0.006734,3768
caas-2node,mpi,2000000,32,1,wblock,1024,1,16,0.006523,3694
caas-2node,mpi,2000000,32,1,wblock,1024,1,17,0.006523,3589
caas-2node,mpi,2000000,32,1,wblock,1024,1,18,0.006368,3560
caas-2node,mpi,2000000,32,1,wblock,1024,1,19,0.006339,3464
caas-2node,mpi,2000000,32,1,wblock,1024,1,20,0.006334,3430
caas-2node,mpi,2000000,32,1,wblock,1024,1,21,0.006472,3309
caas-2node,mpi,2000000,32,1,wblock,1024,1,22,0.006265,3272
caas-2node,mpi,2000000,32,1,wblock,1024,1,23,0.006311,3212
caas-2node,mpi,2000000,32,1,wblock,1024,1,24,0.006249,3179
caas-2node,mpi,2000000,32,1,wblock,1024,1,25,0.006353,3117
caas-2node,mpi,2000000,32,1,wblock,1024,1,26,0.006486,3080
caas-2node,mpi,2000000,32,1,wblock,1024,1,27,0.006317,3060
caas-2node,mpi,2000000,32,1,wblock,1024,1,28,0.006218,3015
caas-2node,mpi,2000000,32,1,wblock,1024,1,29,0.006263,2970
caas-2node,mpi,2000000,32,1,wblock,1024,1,30,0.006182,2931
caas-2node,mpi,2000000,32,1,wblock,1024,1,31,0.006142,2874
caas-2node,mpi,2000000,32,1,wblock,1024,2,0,0.008704,17856
caas-2node,mpi,2000000,32,1,wblock,1024,2,1,0.007674,9338
caas-2node,mpi,2000000,32,1,wblock,1024,2,2,0.007487,7634
caas-2node,mpi,2000000,32,1,wblock,1024,2,3,0.007105,6710
caas-2node,mpi,2000000,32,1,wblock,1024,2,4,0.006970,6061
caas-2node,mpi,2000000,32,1,wblock,1024,2,5,0.006965,5613
caas-2node,mpi,2000000,32,1,wblock,1024,2,6,0.006905,5282
caas-2node,mpi,2000000,32,1,wblock,1024,2,7,0.006813,4989
caas-2node,mpi,2000000,32,1,wblock,1024,2,8,0.006962,4756
caas-2node,mpi,2000000,32,1,wblock,1024,2,9,0.006646,4569
caas-2node,mpi,2000000,32,1,wblock,1024,2,10,0.006589,4359
caas-2node,mpi,2000000,32,1,wblock,1024,2,11,0.006553,4238
caas-2node,mpi,2000000,32,1,wblock,1024,2,12,0.006519,4104
caas-2node,mpi,2000000,32,1,wblock,1024,2,13,0.006530,3980
caas-2node,mpi,2000000,32,1,wblock,1024,2,14,0.006544,3920
caas-2node,mpi,2000000,32,1,wblock,1024,2,15,0.006954,3768
caas-2node,mpi,2000000,32,1,wblock,1024,2,16,0.006410,3694
caas-2node,mpi,2000000,32,1,wblock,1024,2,17,0.006393,3589
caas-2node,mpi,2000000,32,1,wblock,1024,2,18,0.006376,3560
caas-2node,mpi,2000000,32,1,wblock,1024,2,19,0.006331,3464
caas-2node,mpi,2000000,32,1,wblock,1024,2,20,0.006411,3430
caas-2node,mpi,2000000,32,1,wblock,1024,2,21,0.006307,3309
caas-2node,mpi,2000000,32,1,wblock,1024,2,22,0.006262,3272
caas-2node,mpi,2000000,32,1,wblock,1024,2,23,0.006280,3212
caas-2node,mpi,2000000,32,1,wblock,1024,2,24,0.006232,3179
caas-2node,mpi,2000000,32,1,wblock,1024,2,25,0.006215,3117
caas-2node,mpi,2000000,32,1,wblock,1024,2,26,0.006217,3080
caas-2node,mpi,2000000,32,1,wblock,1024,2,27,0.006301,3060
caas-2node,mpi,2000000,32,1,wblock,1024,2,28,0.006287,3015
caas-2node,mpi,2000000,32,1,wblock,1024,2,29,0.006291,2970
caas-2node,mpi,2000000,32,1,wblock,1024,2,30,0.006203,2931
caas-2node,mpi,2000000,32,1,wblock,1024,2,31,0.006138,2874
caas-2node,mpi,2000000,32,1,wblock,1024,3,0,0.008735,17856
caas-2node,mpi,2000000,32,1,wblock,1024,3,1,0.007700,9338
caas-2node,mpi,2000000,32,1,wblock,1024,3,2,0.007362,7634
caas-2node,mpi,2000000,32,1,wblock,1024,3,3,0.007130,6710
caas-2node,mpi,2000000,32,1,wblock,1024,3,4,0.006986,6061
caas-2node,mpi,2000000,32,1,wblock,1024,3,5,0.006940,5613
caas-2node,mpi,2000000,32,1,wblock,1024,3,6,0.006811,5282
caas-2node,mpi,2000000,32,1,wblock,1024,3,7,0.006746,4989
caas-2node,mpi,2000000,32,1,wblock,1024,3,8,0.006704,4756
caas-2node,mpi,2000000,32,1,wblock,1024,3,9,0.006676,4569
caas-2node,mpi,2000000,32,1,wblock,1024,3,10,0.006572,4359
caas-2node,mpi,2000000,32,1,wblock,1024,3,11,0.006629,4238
caas-2node,mpi,2000000,32,1,wblock,1024,3,12,0.006543,4104
caas-2node,mpi,2000000,32,1,wblock,1024,3,13,0.006501,3980
caas-2node,mpi,2000000,32,1,wblock,1024,3,14,0.006538,3920
caas-2node,mpi,2000000,32,1,wblock,1024,3,15,0.006438,3768
caas-2node,mpi,2000000,32,1,wblock,1024,3,16,0.006439,3694
caas-2node,mpi,2000000,32,1,wblock,1024,3,17,0.006369,3589
caas-2node,mpi,2000000,32,1,wblock,1024,3,18,0.006387,3560
caas-2node,mpi,2000000,32,1,wblock,1024,3,19,0.006342,3464
caas-2node,mpi,2000000,32,1,wblock,1024,3,20,0.006334,3430
caas-2node,mpi,2000000,32,1,wblock,1024,3,21,0.006289,3309
caas-2node,mpi,2000000,32,1,wblock,1024,3,22,0.006287,3272
caas-2node,mpi,2000000,32,1,wblock,1024,3,23,0.006240,3212
caas-2node,mpi,2000000,32,1,wblock,1024,3,24,0.006277,3179
caas-2node,mpi,2000000,32,1,wblock,1024,3,25,0.006217,3117
caas-2node,mpi,2000000,32,1,wblock,1024,3,26,0.006214,3080
caas-2node,mpi,2000000,32,1,wblock,1024,3,27,0.006238,3060
caas-2node,mpi,2000000,32,1,wblock,1024,3,28,0.006205,3015
caas-2node,mpi,2000000,32,1,wblock,1024,3,29,0.006190,2970
caas-2node,mpi,2000000,32,1,wblock,1024,3,30,0.006181,2931
caas-2node,mpi,2000000,32,1,wblock,1024,3,31,0.006134,2874
caas-2node,mpi,4000000,32,1,block,1024,1,0,0.004583,11734
caas-2node,mpi,4000000,32,1,block,1024,1,1,0.007202,10310
caas-2node,mpi,4000000,32,1,block,1024,1,2,0.008737,9860
caas-2node,mpi,4000000,32,1,block,1024,1,3,0.010764,9634
caas-2node,mpi,4000000,32,1,block,1024,1,4,0.011055,9448
caas-2node,mpi,4000000,32,1,block,1024,1,5,0.011994,9252
caas-2node,mpi,4000000,32,1,block,1024,1,6,0.012812,9210
caas-2node,mpi,4000000,32,1,block,1024,1,7,0.013465,9050
caas-2node,mpi,4000000,32,1,block,1024,1,8,0.014201,9021
caas-2node,mpi,4000000,32,1,block,1024,1,9,0.014899,8950
caas-2node,mpi,4000000,32,1,block,1024,1,10,0.015470,8844
caas-2node,mpi,4000000,32,1,block,1024,1,11,0.016488,8842
caas-2node,mpi,4000000,32,1,block,1024,1,12,0.016568,8730
caas-2node,mpi,4000000,32,1,block,1024,1,13,0.017228,8723
caas-2node,mpi,4000000,32,1,block,1024,1,14,0.017654,8683
caas-2node,mpi,4000000,32,1,block,1024,1,15,0.018095,8642
caas-2node,mpi,4000000,32,1,block,1024,1,16,0.018673,8588
caas-2node,mpi,4000000,32,1,block,1024,1,17,0.019109,8560
caas-2node,mpi,4000000,32,1,block,1024,1,18,0.019403,8497
caas-2node,mpi,4000000,32,1,block,1024,1,19,0.019935,8494
caas-2node,mpi,4000000,32,1,block,1024,1,20,0.020453,8485
caas-2node,mpi,4000000,32,1,block,1024,1,21,0.020647,8436
caas-2node,mpi,4000000,32,1,block,1024,1,22,0.021298,8456
caas-2node,mpi,4000000,32,1,block,1024,1,23,0.021437,8367
caas-2node,mpi,4000000,32,1,block,1024,1,24,0.022070,8359
caas-2node,mpi,4000000,32,1,block,1024,1,25,0.022426,8402
caas-2node,mpi,4000000,32,1,block,1024,1,26,0.022597,8290
caas-2node,mpi,4000000,32,1,block,1024,1,27,0.022921,8283
caas-2node,mpi,4000000,32,1,block,1024,1,28,0.023198,8290
caas-2node,mpi,4000000,32,1,block,1024,1,29,0.023599,8277
caas-2node,mpi,4000000,32,1,block,1024,1,30,0.023844,8229
caas-2node,mpi,4000000,32,1,block,1024,1,31,0.024163,8200
caas-2node,mpi,4000000,32,1,block,1024,2,0,0.004527,11734
caas-2node,mpi,4000000,32,1,block,1024,2,1,0.007161,10310
caas-2node,mpi,4000000,32,1,block,1024,2,2,0.008757,9860
caas-2node,mpi,4000000,32,1,block,1024,2,3,0.009992,9634
caas-2node,mpi,4000000,32,1,block,1024,2,4,0.011018,9448
caas-2node,mpi,4000000,32,1,block,1024,2,5,0.011905,9252
caas-2node,mpi,4000000,32,1,block,1024,2,6,0.012802,9210
caas-2node,mpi,4000000,32,1,block,1024,2,7,0.013490,9050
caas-2node,mpi,4000000,32,1,block,1024,2,8,0.014208,9021
caas-2node,mpi,4000000,32,1,block,1024,2,9,0.014863,8950
caas-2node,mpi,4000000,32,1,block,1024,2,10,0.015451,8844
caas-2node,mpi,4000000,32,1,block,1024,2,11,0.016048,8842
caas-2node,mpi,4000000,32,1,block,1024,2,12,0.016544,8730
caas-2node,mpi,4000000,32,1,block,1024,2,13,0.017104,8723
caas-2node,mpi,4000000,32,1,block,1024,2,14,0.017656,8683
caas-2node,mpi,4000000,32,1,block,1024,2,15,0.018116,8642
caas-2node,mpi,4000000,32,1,block,1024,2,16,0.018566,8588
caas-2node,mpi,4000000,32,1,block,1024,2,17,0.019024,8560
caas-2node,mpi,4000000,32,1,block,1024,2,18,0.019393,8497
caas-2node,mpi,4000000,32,1,block,1024,2,19,0.019904,8494
caas-2node,mpi,4000000,32,1,block,1024,2,20,0.020439,8485
caas-2node,mpi,4000000,32,1,block,1024,2,21,0.020663,8436
caas-2node,mpi,4000000,32,1,block,1024,2,22,0.021172,8456
caas-2node,mpi,4000000,32,1,block,1024,2,23,0.021513,8367
caas-2node,mpi,4000000,32,1,block,1024,2,24,0.021889,8359
caas-2node,mpi,4000000,32,1,block,1024,2,25,0.022280,8402
caas-2node,mpi,4000000,32,1,block,1024,2,26,0.022523,8290
caas-2node,mpi,4000000,32,1,block,1024,2,27,0.022849,8283
caas-2node,mpi,4000000,32,1,block,1024,2,28,0.023488,8290
caas-2node,mpi,4000000,32,1,block,1024,2,29,0.023562,8277
caas-2node,mpi,4000000,32,1,block,1024,2,30,0.023908,8229
caas-2node,mpi,4000000,32,1,block,1024,2,31,0.024203,8200
caas-2node,mpi,4000000,32,1,block,1024,3,0,0.004594,11734
caas-2node,mpi,4000000,32,1,block,1024,3,1,0.007156,10310
caas-2node,mpi,4000000,32,1,block,1024,3,2,0.008734,9860
caas-2node,mpi,4000000,32,1,block,1024,3,3,0.010084,9634
caas-2node,mpi,4000000,32,1,block,1024,3,4,0.011032,9448
caas-2node,mpi,4000000,32,1,block,1024,3,5,0.011898,9252
caas-2node,mpi,4000000,32,1,block,1024,3,6,0.012770,9210
caas-2node,mpi,4000000,32,1,block,1024,3,7,0.013550,9050
caas-2node,mpi,4000000,32,1,block,1024,3,8,0.014215,9021
caas-2node,mpi,4000000,32,1,block,1024,3,9,0.014846,8950
caas-2node,mpi,4000000,32,1,block,1024,3,10,0.015437,8844
caas-2node,mpi,4000000,32,1,block,1024,3,11,0.016036,8842
caas-2node,mpi,4000000,32,1,block,1024,3,12,0.016617,8730
caas-2node,mpi,4000000,32,1,block,1024,3,13,0.017101,8723
caas-2node,mpi,4000000,32,1,block,1024,3,14,0.017644,8683
caas-2node,mpi,4000000,32,1,block,1024,3,15,0.018280,8642
caas-2node,mpi,4000000,32,1,block,1024,3,16,0.018624,8588
caas-2node,mpi,4000000,32,1,block,1024,3,17,0.019097,8560
caas-2node,mpi,4000000,32,1,block,1024,3,18,0.019385,8497
caas-2node,mpi,4000000,32,1,block,1024,3,19,0.019952,8494
caas-2node,mpi,4000000,32,1,block,1024,3,20,0.020292,8485
caas-2node,mpi,4000000,32,1,block,1024,3,21,0.020641,8436
caas-2node,mpi,4000000,32,1,block,1024,3,22,0.021268,8456
caas-2node,mpi,4000000,32,1,block,1024,3,23,0.021620,8367
caas-2node,mpi,4000000,32,1,block,1024,3,24,0.022055,8359
caas-2node,mpi,4000000,32,1,block,1024,3,25,0.022298,8402
caas-2node,mpi,4000000,32,1,block,1024,3,26,0.022464,8290
caas-2node,mpi,4000000,32,1,block,1024,3,27,0.022901,8283
caas-2node,mpi,4000000,32,1,block,1024,3,28,0.023287,8290
caas-2node,mpi,4000000,32,1,block,1024,3,29,0.023588,8277
caas-2node,mpi,4000000,32,1,block,1024,3,30,0.023824,8229
caas-2node,mpi,4000000,32,1,block,1024,3,31,0.024206,8200
caas-2node,mpi,4000000,32,1,cyclic,1024,1,0,0.017571,8848
caas-2node,mpi,4000000,32,1,cyclic,1024,1,1,0.017388,8847
caas-2node,mpi,4000000,32,1,cyclic,1024,1,2,0.017427,8862
caas-2node,mpi,4000000,32,1,cyclic,1024,1,3,0.017402,8852
caas-2node,mpi,4000000,32,1,cyclic,1024,1,4,0.017420,8864
caas-2node,mpi,4000000,32,1,cyclic,1024,1,5,0.017605,8857
caas-2node,mpi,4000000,32,1,cyclic,1024,1,6,0.017444,8802
caas-2node,mpi,4000000,32,1,cyclic,1024,1,7,0.017413,8812
caas-2node,mpi,4000000,32,1,cyclic,1024,1,8,0.017382,8833
caas-2node,mpi,4000000,32,1,cyclic,1024,1,9,0.017451,8878
caas-2node,mpi,4000000,32,1,cyclic,1024,1,10,0.017678,8900
caas-2node,mpi,4000000,32,1,cyclic,1024,1,11,0.017457,8865
caas-2node,mpi,4000000,32,1,cyclic,1024,1,12,0.017538,8914
caas-2node,mpi,4000000,32,1,cyclic,1024,1,13,0.017592,8875
caas-2node,mpi,4000000,32,1,cyclic,1024,1,14,0.017477,8821
caas-2node,mpi,4000000,32,1,cyclic,1024,1,15,0.017361,8818
caas-2node,mpi,4000000,32,1,cyclic,1024,1,16,0.017384,8853
caas-2node,mpi,4000000,32,1,cyclic,1024,1,17,0.017318,8816
caas-2node,mpi,4000000,32,1,cyclic,1024,1,18,0.017334,8832
caas-2node,mpi,4000000,32,1,cyclic,1024,1,19,0.017321,8789
caas-2node,mpi,4000000,32,1,cyclic,1024,1,20,0.017333,8837
caas-2node,mpi,4000000,32,1,cyclic,1024,1,21,0.017330,8863
caas-2node,mpi,4000000,32,1,cyclic,1024,1,22,0.017482,8897
caas-2node,mpi,4000000,32,1,cyclic,1024,1,23,0.017478,8869
caas-2node,mpi,4000000,32,1,cyclic,1024,1,24,0.017355,8872
caas-2node,mpi,4000000,32,1,cyclic,1024,1,25,0.017332,8834
caas-2node,mpi,4000000,32,1,cyclic,1024,1,26,0.017348,8843
caas-2node,mpi,4000000,32,1,cyclic,1024,1,27,0.017427,8846
caas-2node,mpi,4000000,32,1,cyclic,1024,1,28,0.017256,8803
caas-2node,mpi,4000000,32,1,cyclic,1024,1,29,0.017344,8837
caas-2node,mpi,4000000,32,1,cyclic,1024,1,30,0.017325,8863
caas-2node,mpi,4000000,32,1,cyclic,1024,1,31,0.017339,8844
caas-2node,mpi,4000000,32,1,cyclic,1024,2,0,0.017376,8848
caas-2node,mpi,4000000,32,1,cyclic,1024,2,1,0.017357,8847
caas-2node,mpi,4000000,32,1,cyclic,1024,2,2,0.017518,8862
caas-2node,mpi,4000000,32,1,cyclic,1024,2,3,0.017446,8852
caas-2node,mpi,4000000,32,1,cyclic,1024,2,4,0.017338,8864
caas-2node,mpi,4000000,32,1,cyclic,1024,2,5,0.017355,8857
caas-2node,mpi,4000000,32,1,cyclic,1024,2,6,0.017284,8802
caas-2node,mpi,4000000,32,1,cyclic,1024,2,7,0.017393,8812
caas-2node,mpi,4000000,32,1,cyclic,1024,2,8,0.017362,8833
caas-2node,mpi,4000000,32,1,cyclic,1024,2,9,0.017357,8878
caas-2node,mpi,4000000,32,1,cyclic,1024,2,10,0.017376,8900
caas-2node,mpi,4000000,32,1,cyclic,1024,2,11,0.017559,8865
caas-2node,mpi,4000000,32,1,cyclic,1024,2,12,0.017389,8914
caas-2node,mpi,4000000,32,1,cyclic,1024,2,13,0.017460,8875
caas-2node,mpi,4000000,32,1,cyclic,1024,2,14,0.017402,8821
caas-2node,mpi,4000000,32,1,cyclic,1024,2,15,0.017469,8818
caas-2node,mpi,4000000,32,1,cyclic,1024,2,16,0.017456,8853
caas-2node,mpi,4000000,32,1,cyclic,1024,2,17,0.017300,8816
caas-2node,mpi,4000000,32,1,cyclic,1024,2,18,0.017387,8832
caas-2node,mpi,4000000,32,1,cyclic,1024,2,19,0.017323,8789
caas-2node,mpi,4000000,32,1,cyclic,1024,2,20,0.017320,8837
caas-2node,mpi,4000000,32,1,cyclic,1024,2,21,0.017307,8863
caas-2node,mpi,4000000,32,1,cyclic,1024,2,22,0.017435,8897
caas-2node,mpi,4000000,32,1,cyclic,1024,2,23,0.017376,8869
caas-2node,mpi,4000000,32,1,cyclic,1024,2,24,0.017584,8872
caas-2node,mpi,4000000,32,1,cyclic,1024,2,25,0.017335,8834
caas-2node,mpi,4000000,32,1,cyclic,1024,2,26,0.017345,8843
caas-2node,mpi,4000000,32,1,cyclic,1024,2,27,0.017344,8846
caas-2node,mpi,4000000,32,1,cyclic,1024,2,28,0.017337,8803
caas-2node,mpi,4000000,32,1,cyclic,1024,2,29,0.017323,8837
caas-2node,mpi,4000000,32,1,cyclic,1024,2,30,0.017564,8863
caas-2node,mpi,4000000,32,1,cyclic,1024,2,31,0.017305,8844
caas-2node,mpi,4000000,32,1,cyclic,1024,3,0,0.017355,8848
caas-2node,mpi,4000000,32,1,cyclic,1024,3,1,0.017288,8847
caas-2node,mpi,4000000,32,1,cyclic,1024,3,2,0.017381,8862
caas-2node,mpi,4000000,32,1,cyclic,1024,3,3,0.017368,8852
caas-2node,mpi,4000000,32,1,cyclic,1024,3,4,0.017373,8864
caas-2node,mpi,4000000,32,1,cyclic,1024,3,5,0.017362,8857
caas-2node,mpi,4000000,32,1,cyclic,1024,3,6,0.017331,8802
caas-2node,mpi,4000000,32,1,cyclic,1024,3,7,0.017375,8812
caas-2node,mpi,4000000,32,1,cyclic,1024,3,8,0.017323,8833
caas-2node,mpi,4000000,32,1,cyclic,1024,3,9,0.017354,8878
caas-2node,mpi,4000000,32,1,cyclic,1024,3,10,0.017377,8900
caas-2node,mpi,4000000,32,1,cyclic,1024,3,11,0.017468,8865
caas-2node,mpi,4000000,32,1,cyclic,1024,3,12,0.017450,8914
caas-2node,mpi,4000000,32,1,cyclic,1024,3,13,0.017489,8875
caas-2node,mpi,4000000,32,1,cyclic,1024,3,14,0.017328,8821
caas-2node,mpi,4000000,32,1,cyclic,1024,3,15,0.017340,8818
caas-2node,mpi,4000000,32,1,cyclic,1024,3,16,0.017328,8853
caas-2node,mpi,4000000,32,1,cyclic,1024,3,17,0.017329,8816
caas-2node,mpi,4000000,32,1,cyclic,1024,3,18,0.017300,8832
caas-2node,mpi,4000000,32,1,cyclic,1024,3,19,0.017323,8789
caas-2node,mpi,4000000,32,1,cyclic,1024,3,20,0.017357,8837
caas-2node,mpi,4000000,32,1,cyclic,1024,3,21,0.017374,8863
caas-2node,mpi,4000000,32,1,cyclic,1024,3,22,0.017426,8897
caas-2node,mpi,4000000,32,1,cyclic,1024,3,23,0.017378,8869
caas-2node,mpi,4000000,32,1,cyclic,1024,3,24,0.017349,8872
caas-2node,mpi,4000000,32,1,cyclic,1024,3,25,0.017338,8834
caas-2node,mpi,4000000,32,1,cyclic,1024,3,26,0.017334,8843
caas-2node,mpi,4000000,32,1,cyclic,1024,3,27,0.017402,8846
caas-2node,mpi,4000000,32,1,cyclic,1024,3,28,0.017261,8803
caas-2node,mpi,4000000,32,1,cyclic,1024,3,29,0.017298,8837
caas-2node,mpi,4000000,32,1,cyclic,1024,3,30,0.017364,8863
caas-2node,mpi,4000000,32,1,cyclic,1024,3,31,0.017338,8844
caas-2node,mpi,4000000,32,1,blockcyclic,1024,1,0,0.017628,9095
caas-2node,mpi,4000000,32,1,blockcyclic,1024,1,1,0.017215,8865
caas-2node,mpi,4000000,32,1,blockcyclic,1024,1,2,0.017204,8933
caas-2node,mpi,4000000,32,1,blockcyclic,1024,1,3,0.017292,8907
caas-2node,mpi,4000000,32,1,blockcyclic,1024,1,4,0.017123,8868
caas-2node,mpi,4000000,32,1,blockcyclic,1024,1,5,0.017215,8855
caas-2node,mpi,4000000,32,1,blockcyclic,1024,1,6,0.017340,8869
caas-2node,mpi,4000000,32,1,blockcyclic,1024,1,7,0.017270,8849
caas-2node,mpi,4000000,32,1,blockcyclic,1024,1,8,0.017363,8927
caas-2node,mpi,4000000,32,1,blockcyclic,1024,1,9,0.017238,8814
caas-2node,mpi,4000000,32,1,blockcyclic,1024,1,10,0.017318,8892
caas-2node,mpi,4000000,32,1,blockcyclic,1024,1,11,0.017251,8818
caas-2node,mpi,4000000,32,1,blockcyclic,1024,1,12,0.017324,8850
caas-2node,mpi,4000000,32,1,blockcyclic,1024,1,13,0.017431,8888
caas-2node,mpi,4000000,32,1,blockcyclic,1024,1,14,0.017414,8880
caas-2node,mpi,4000000,32,1,blockcyclic,1024,1,15,0.017443,8902
caas-2node,mpi,4000000,32,1,blockcyclic,1024,1,16,0.017187,8717
caas-2node,mpi,4000000,32,1,blockcyclic,1024,1,17,0.017301,8814
caas-2node,mpi,4000000,32,1,blockcyclic,1024,1,18,0.017276,8784
caas-2node,mpi,4000000,32,1,blockcyclic,1024,1,19,0.017367,8818
caas-2node,mpi,4000000,32,1,blockcyclic,1024,1,20,0.017511,8913
caas-2node,mpi,4000000,32,1,blockcyclic,1024,1,21,0.017341,8731
caas-2node,mpi,4000000,32,1,blockcyclic,1024,1,22,0.017423,8846
caas-2node,mpi,4000000,32,1,blockcyclic,1024,1,23,0.017409,8849
caas-2node,mpi,4000000,32,1,blockcyclic,1024,1,24,0.017278,8697
caas-2node,mpi,4000000,32,1,blockcyclic,1024,1,25,0.017339,8769
caas-2node,mpi,4000000,32,1,blockcyclic,1024,1,26,0.017513,8861
caas-2node,mpi,4000000,32,1,blockcyclic,1024,1,27,0.017379,8792
caas-2node,mpi,4000000,32,1,blockcyclic,1024,1,28,0.017514,8834
caas-2node,mpi,4000000,32,1,blockcyclic,1024,1,29,0.017623,8853
caas-2node,mpi,4000000,32,1,blockcyclic,1024,1,30,0.017549,8845
caas-2node,mpi,4000000,32,1,blockcyclic,1024,1,31,0.017475,8811
caas-2node,mpi,4000000,32,1,blockcyclic,1024,2,0,0.017561,9095
caas-2node,mpi,4000000,32,1,blockcyclic,1024,2,1,0.017121,8865
caas-2node,mpi,4000000,32,1,blockcyclic,1024,2,2,0.017101,8933
caas-2node,mpi,4000000,32,1,blockcyclic,1024,2,3,0.017219,8907
caas-2node,mpi,4000000,32,1,blockcyclic,1024,2,4,0.017214,8868
caas-2node,mpi,4000000,32,1,blockcyclic,1024,2,5,0.017167,8855
caas-2node,mpi,4000000,32,1,blockcyclic,1024,2,6,0.017278,8869
caas-2node,mpi,4000000,32,1,blockcyclic,1024,2,7,0.017168,8849
caas-2node,mpi,4000000,32,1,blockcyclic,1024,2,8,0.017349,8927
caas-2node,mpi,4000000,32,1,blockcyclic,1024,2,9,0.017231,8814
caas-2node,mpi,4000000,32,1,blockcyclic,1024,2,10,0.017443,8892
caas-2node,mpi,4000000,32,1,blockcyclic,1024,2,11,0.017186,8818
caas-2node,mpi,4000000,32,1,blockcyclic,1024,2,12,0.017313,8850
caas-2node,mpi,4000000,32,1,blockcyclic,1024,2,13,0.017382,8888
caas-2node,mpi,4000000,32,1,blockcyclic,1024,2,14,0.017428,8880
caas-2node,mpi,4000000,32,1,blockcyclic,1024,2,15,0.017387,8902
caas-2node,mpi,4000000,32,1,blockcyclic,1024,2,16,0.017117,8717
caas-2node,mpi,4000000,32,1,blockcyclic,1024,2,17,0.017329,8814
caas-2node,mpi,4000000,32,1,blockcyclic,1024,2,18,0.017236,8784
caas-2node,mpi,4000000,32,1,blockcyclic,1024,2,19,0.017332,8818
caas-2node,mpi,4000000,32,1,blockcyclic,1024,2,20,0.017587,8913
caas-2node,mpi,4000000,32,1,blockcyclic,1024,2,21,0.017295,8731
caas-2node,mpi,4000000,32,1,blockcyclic,1024,2,22,0.017443,8846
caas-2node,mpi,4000000,32,1,blockcyclic,1024,2,23,0.017407,8849
caas-2node,mpi,4000000,32,1,blockcyclic,1024,2,24,0.017276,8697
caas-2node,mpi,4000000,32,1,blockcyclic,1024,2,25,0.017434,8769
caas-2node,mpi,4000000,32,1,blockcyclic,1024,2,26,0.017491,8861
caas-2node,mpi,4000000,32,1,blockcyclic,1024,2,27,0.017327,8792
caas-2node,mpi,4000000,32,1,blockcyclic,1024,2,28,0.019624,8834
caas-2node,mpi,4000000,32,1,blockcyclic,1024,2,29,0.017595,8853
caas-2node,mpi,4000000,32,1,blockcyclic,1024,2,30,0.017537,8845
caas-2node,mpi,4000000,32,1,blockcyclic,1024,2,31,0.017456,8811
caas-2node,mpi,4000000,32,1,blockcyclic,1024,3,0,0.017573,9095
caas-2node,mpi,4000000,32,1,blockcyclic,1024,3,1,0.017160,8865
caas-2node,mpi,4000000,32,1,blockcyclic,1024,3,2,0.017155,8933
caas-2node,mpi,4000000,32,1,blockcyclic,1024,3,3,0.017232,8907
caas-2node,mpi,4000000,32,1,blockcyclic,1024,3,4,0.017181,8868
caas-2node,mpi,4000000,32,1,blockcyclic,1024,3,5,0.017172,8855
caas-2node,mpi,4000000,32,1,blockcyclic,1024,3,6,0.017290,8869
caas-2node,mpi,4000000,32,1,blockcyclic,1024,3,7,0.017175,8849
caas-2node,mpi,4000000,32,1,blockcyclic,1024,3,8,0.017356,8927
caas-2node,mpi,4000000,32,1,blockcyclic,1024,3,9,0.017279,8814
caas-2node,mpi,4000000,32,1,blockcyclic,1024,3,10,0.017290,8892
caas-2node,mpi,4000000,32,1,blockcyclic,1024,3,11,0.017219,8818
caas-2node,mpi,4000000,32,1,blockcyclic,1024,3,12,0.017287,8850
caas-2node,mpi,4000000,32,1,blockcyclic,1024,3,13,0.017406,8888
caas-2node,mpi,4000000,32,1,blockcyclic,1024,3,14,0.017660,8880
caas-2node,mpi,4000000,32,1,blockcyclic,1024,3,15,0.017402,8902
caas-2node,mpi,4000000,32,1,blockcyclic,1024,3,16,0.017176,8717
caas-2node,mpi,4000000,32,1,blockcyclic,1024,3,17,0.017297,8814
caas-2node,mpi,4000000,32,1,blockcyclic,1024,3,18,0.017252,8784
caas-2node,mpi,4000000,32,1,blockcyclic,1024,3,19,0.017351,8818
caas-2node,mpi,4000000,32,1,blockcyclic,1024,3,20,0.017488,8913
caas-2node,mpi,4000000,32,1,blockcyclic,1024,3,21,0.017322,8731
caas-2node,mpi,4000000,32,1,blockcyclic,1024,3,22,0.017668,8846
caas-2node,mpi,4000000,32,1,blockcyclic,1024,3,23,0.017413,8849
caas-2node,mpi,4000000,32,1,blockcyclic,1024,3,24,0.017263,8697
caas-2node,mpi,4000000,32,1,blockcyclic,1024,3,25,0.017379,8769
caas-2node,mpi,4000000,32,1,blockcyclic,1024,3,26,0.017495,8861
caas-2node,mpi,4000000,32,1,blockcyclic,1024,3,27,0.017351,8792
caas-2node,mpi,4000000,32,1,blockcyclic,1024,3,28,0.017603,8834
caas-2node,mpi,4000000,32,1,blockcyclic,1024,3,29,0.017602,8853
caas-2node,mpi,4000000,32,1,blockcyclic,1024,3,30,0.017631,8845
caas-2node,mpi,4000000,32,1,blockcyclic,1024,3,31,0.017438,8811
caas-2node,mpi,4000000,32,1,wblock,1024,1,0,0.022013,33609
caas-2node,mpi,4000000,32,1,wblock,1024,1,1,0.019765,17728
caas-2node,mpi,4000000,32,1,wblock,1024,1,2,0.019086,14501
caas-2node,mpi,4000000,32,1,wblock,1024,1,3,0.018623,12660
caas-2node,mpi,4000000,32,1,wblock,1024,1,4,0.018337,11560
caas-2node,mpi,4000000,32,1,wblock,1024,1,5,0.018165,10703
caas-2node,mpi,4000000,32,1,wblock,1024,1,6,0.017937,10018
caas-2node,mpi,4000000,32,1,wblock,1024,1,7,0.017847,9476
caas-2node,mpi,4000000,32,1,wblock,1024,1,8,0.017705,9069
caas-2node,mpi,4000000,32,1,wblock,1024,1,9,0.017577,8650
caas-2node,mpi,4000000,32,1,wblock,1024,1,10,0.017427,8413
caas-2node,mpi,4000000,32,1,wblock,1024,1,11,0.017318,8064
caas-2node,mpi,4000000,32,1,wblock,1024,1,12,0.017255,7837
caas-2node,mpi,4000000,32,1,wblock,1024,1,13,0.017288,7581
caas-2node,mpi,4000000,32,1,wblock,1024,1,14,0.017002,7347
caas-2node,mpi,4000000,32,1,wblock,1024,1,15,0.017099,7194
caas-2node,mpi,4000000,32,1,wblock,1024,1,16,0.016947,7060
caas-2node,mpi,4000000,32,1,wblock,1024,1,17,0.016872,6910
caas-2node,mpi,4000000,32,1,wblock,1024,1,18,0.016917,6760
caas-2node,mpi,4000000,32,1,wblock,1024,1,19,0.016820,6585
caas-2node,mpi,4000000,32,1,wblock,1024,1,20,0.016726,6471
caas-2node,mpi,4000000,32,1,wblock,1024,1,21,0.016604,6359
caas-2node,mpi,4000000,32,1,wblock,1024,1,22,0.016700,6313
caas-2node,mpi,4000000,32,1,wblock,1024,1,23,0.016527,6151
caas-2node,mpi,4000000,32,1,wblock,1024,1,24,0.016492,6049
caas-2node,mpi,4000000,32,1,wblock,1024,1,25,0.016445,5959
caas-2node,mpi,4000000,32,1,wblock,1024,1,26,0.016368,5837
caas-2node,mpi,4000000,32,1,wblock,1024,1,27,0.016385,5804
caas-2node,mpi,4000000,32,1,wblock,1024,1,28,0.016457,5774
caas-2node,mpi,4000000,32,1,wblock,1024,1,29,0.016357,5657
caas-2node,mpi,4000000,32,1,wblock,1024,1,30,0.016331,5573
caas-2node,mpi,4000000,32,1,wblock,1024,1,31,0.016187,5474
caas-2node,mpi,4000000,32,1,wblock,1024,2,0,0.022121,33609
caas-2node,mpi,4000000,32,1,wblock,1024,2,1,0.019762,17728
caas-2node,mpi,4000000,32,1,wblock,1024,2,2,0.019257,14501
caas-2node,mpi,4000000,32,1,wblock,1024,2,3,0.018646,12660
caas-2node,mpi,4000000,32,1,wblock,1024,2,4,0.018370,11560
caas-2node,mpi,4000000,32,1,wblock,1024,2,5,0.018124,10703
caas-2node,mpi,4000000,32,1,wblock,1024,2,6,0.017909,10018
caas-2node,mpi,4000000,32,1,wblock,1024,2,7,0.017851,9476
caas-2node,mpi,4000000,32,1,wblock,1024,2,8,0.017715,9069
caas-2node,mpi,4000000,32,1,wblock,1024,2,9,0.017616,8650
caas-2node,mpi,4000000,32,1,wblock,1024,2,10,0.017425,8413
caas-2node,mpi,4000000,32,1,wblock,1024,2,11,0.017259,8064
caas-2node,mpi,4000000,32,1,wblock,1024,2,12,0.017222,7837
caas-2node,mpi,4000000,32,1,wblock,1024,2,13,0.017163,7581
caas-2node,mpi,4000000,32,1,wblock,1024,2,14,0.017039,7347
caas-2node,mpi,4000000,32,1,wblock,1024,2,15,0.016998,7194
caas-2node,mpi,4000000,32,1,wblock,1024,2,16,0.016987,7060
caas-2node,mpi,4000000,32,1,wblock,1024,2,17,0.016904,6910
caas-2node,mpi,4000000,32,1,wblock,1024,2,18,0.016871,6760
caas-2node,mpi,4000000,32,1,wblock,1024,2,19,0.016678,6585
caas-2node,mpi,4000000,32,1,wblock,1024,2,20,0.016670,6471
caas-2node,mpi,4000000,32,1,wblock,1024,2,21,0.016617,6359
caas-2node,mpi,4000000,32,1,wblock,1024,2,22,0.016621,6313
caas-2node,mpi,4000000,32,1,wblock,1024,2,23,0.016531,6151
caas-2node,mpi,4000000,32,1,wblock,1024,2,24,0.016460,6049
caas-2node,mpi,4000000,32,1,wblock,1024,2,25,0.016475,5959
caas-2node,mpi,4000000,32,1,wblock,1024,2,26,0.016417,5837
caas-2node,mpi,4000000,32,1,wblock,1024,2,27,0.016429,5804
caas-2node,mpi,4000000,32,1,wblock,1024,2,28,0.016449,5774
caas-2node,mpi,4000000,32,1,wblock,1024,2,29,0.016355,5657
caas-2node,mpi,4000000,32,1,wblock,1024,2,30,0.016318,5573
caas-2node,mpi,4000000,32,1,wblock,1024,2,31,0.016186,5474
caas-2node,mpi,4000000,32,1,wblock,1024,3,0,0.022001,33609
caas-2node,mpi,4000000,32,1,wblock,1024,3,1,0.019946,17728
caas-2node,mpi,4000000,32,1,wblock,1024,3,2,0.019088,14501
caas-2node,mpi,4000000,32,1,wblock,1024,3,3,0.018662,12660
caas-2node,mpi,4000000,32,1,wblock,1024,3,4,0.018490,11560
caas-2node,mpi,4000000,32,1,wblock,1024,3,5,0.034366,10703
caas-2node,mpi,4000000,32,1,wblock,1024,3,6,0.017918,10018
caas-2node,mpi,4000000,32,1,wblock,1024,3,7,0.018031,9476
caas-2node,mpi,4000000,32,1,wblock,1024,3,8,0.017636,9069
caas-2node,mpi,4000000,32,1,wblock,1024,3,9,0.017502,8650
caas-2node,mpi,4000000,32,1,wblock,1024,3,10,0.017640,8413
caas-2node,mpi,4000000,32,1,wblock,1024,3,11,0.017383,8064
caas-2node,mpi,4000000,32,1,wblock,1024,3,12,0.017307,7837
caas-2node,mpi,4000000,32,1,wblock,1024,3,13,0.017284,7581
caas-2node,mpi,4000000,32,1,wblock,1024,3,14,0.017006,7347
caas-2node,mpi,4000000,32,1,wblock,1024,3,15,0.033258,7194
caas-2node,mpi,4000000,32,1,wblock,1024,3,16,0.017027,7060
caas-2node,mpi,4000000,32,1,wblock,1024,3,17,0.016878,6910
caas-2node,mpi,4000000,32,1,wblock,1024,3,18,0.016819,6760
caas-2node,mpi,4000000,32,1,wblock,1024,3,19,0.016703,6585
caas-2node,mpi,4000000,32,1,wblock,1024,3,20,0.016769,6471
caas-2node,mpi,4000000,32,1,wblock,1024,3,21,0.016622,6359
caas-2node,mpi,4000000,32,1,wblock,1024,3,22,0.016652,6313
caas-2node,mpi,4000000,32,1,wblock,1024,3,23,0.016539,6151
caas-2node,mpi,4000000,32,1,wblock,1024,3,24,0.016523,6049
caas-2node,mpi,4000000,32,1,wblock,1024,3,25,0.016474,5959
caas-2node,mpi,4000000,32,1,wblock,1024,3,26,0.016369,5837
caas-2node,mpi,4000000,32,1,wblock,1024,3,27,0.016429,5804
caas-2node,mpi,4000000,32,1,wblock,1024,3,28,0.016451,5774
caas-2node,mpi,4000000,32,1,wblock,1024,3,29,0.016325,5657
caas-2node,mpi,4000000,32,1,wblock,1024,3,30,0.016323,5573
caas-2node,mpi,4000000,32,1,wblock,1024,3,31,0.016217,5474
caas-2node,mpi,6000000,32,1,block,1024,1,0,0.007889,16964
caas-2node,mpi,6000000,32,1,block,1024,1,1,0.024505,14940
caas-2node,mpi,6000000,32,1,block,1024,1,2,0.015383,14353
caas-2node,mpi,6000000,32,1,block,1024,1,3,0.017520,13981
caas-2node,mpi,6000000,32,1,block,1024,1,4,0.019430,13768
caas-2node,mpi,6000000,32,1,block,1024,1,5,0.021000,13513
caas-2node,mpi,6000000,32,1,block,1024,1,6,0.022664,13390
caas-2node,mpi,6000000,32,1,block,1024,1,7,0.024172,13246
caas-2node,mpi,6000000,32,1,block,1024,1,8,0.025042,13107
caas-2node,mpi,6000000,32,1,block,1024,1,9,0.026320,13029
caas-2node,mpi,6000000,32,1,block,1024,1,10,0.027480,12950
caas-2node,mpi,6000000,32,1,block,1024,1,11,0.040333,12840
caas-2node,mpi,6000000,32,1,block,1024,1,12,0.029280,12745
caas-2node,mpi,6000000,32,1,block,1024,1,13,0.030292,12731
caas-2node,mpi,6000000,32,1,block,1024,1,14,0.031200,12674
caas-2node,mpi,6000000,32,1,block,1024,1,15,0.031970,12585
caas-2node,mpi,6000000,32,1,block,1024,1,16,0.032791,12538
caas-2node,mpi,6000000,32,1,block,1024,1,17,0.033684,12513
caas-2node,mpi,6000000,32,1,block,1024,1,18,0.034322,12367
caas-2node,mpi,6000000,32,1,block,1024,1,19,0.035313,12483
caas-2node,mpi,6000000,32,1,block,1024,1,20,0.035849,12363
caas-2node,mpi,6000000,32,1,block,1024,1,21,0.036671,12310
caas-2node,mpi,6000000,32,1,block,1024,1,22,0.037274,12260
caas-2node,mpi,6000000,32,1,block,1024,1,23,0.038039,12298
caas-2node,mpi,6000000,32,1,block,1024,1,24,0.038768,12217
caas-2node,mpi,6000000,32,1,block,1024,1,25,0.039328,12158
caas-2node,mpi,6000000,32,1,block,1024,1,26,0.040050,12218
caas-2node,mpi,6000000,32,1,block,1024,1,27,0.040522,12144
caas-2node,mpi,6000000,32,1,block,1024,1,28,0.041097,12087
caas-2node,mpi,6000000,32,1,block,1024,1,29,0.041855,12020
caas-2node,mpi,6000000,32,1,block,1024,1,30,0.042338,12017
caas-2node,mpi,6000000,32,1,block,1024,1,31,0.042954,12040
caas-2node,mpi,6000000,32,1,block,1024,2,0,0.008008,16964
caas-2node,mpi,6000000,32,1,block,1024,2,1,0.012522,14940
caas-2node,mpi,6000000,32,1,block,1024,2,2,0.029905,14353
caas-2node,mpi,6000000,32,1,block,1024,2,3,0.017599,13981
caas-2node,mpi,6000000,32,1,block,1024,2,4,0.019415,13768
caas-2node,mpi,6000000,32,1,block,1024,2,5,0.021084,13513
caas-2node,mpi,6000000,32,1,block,1024,2,6,0.022613,13390
caas-2node,mpi,6000000,32,1,block,1024,2,7,0.038382,13246
caas-2node,mpi,6000000,32,1,block,1024,2,8,0.025038,13107
caas-2node,mpi,6000000,32,1,block,1024,2,9,0.026324,13029
caas-2node,mpi,6000000,32,1,block,1024,2,10,0.027443,12950
caas-2node,mpi,6000000,32,1,block,1024,2,11,0.028379,12840
caas-2node,mpi,6000000,32,1,block,1024,2,12,0.029493,12745
caas-2node,mpi,6000000,32,1,block,1024,2,13,0.030352,12731
caas-2node,mpi,6000000,32,1,block,1024,2,14,0.031276,12674
caas-2node,mpi,6000000,32,1,block,1024,2,15,0.032113,12585
caas-2node,mpi,6000000,32,1,block,1024,2,16,0.032822,12538
caas-2node,mpi,6000000,32,1,block,1024,2,17,0.033722,12513
caas-2node,mpi,6000000,32,1,block,1024,2,18,0.034288,12367
caas-2node,mpi,6000000,32,1,block,1024,2,19,0.035382,12483
caas-2node,mpi,6000000,32,1,block,1024,2,20,0.035916,12363
caas-2node,mpi,6000000,32,1,block,1024,2,21,0.036631,12310
caas-2node,mpi,6000000,32,1,block,1024,2,22,0.037274,12260
caas-2node,mpi,6000000,32,1,block,1024,2,23,0.038075,12298
caas-2node,mpi,6000000,32,1,block,1024,2,24,0.038783,12217
caas-2node,mpi,6000000,32,1,block,1024,2,25,0.039230,12158
caas-2node,mpi,6000000,32,1,block,1024,2,26,0.040140,12218
caas-2node,mpi,6000000,32,1,block,1024,2,27,0.040616,12144
caas-2node,mpi,6000000,32,1,block,1024,2,28,0.041103,12087
caas-2node,mpi,6000000,32,1,block,1024,2,29,0.041806,12020
caas-2node,mpi,6000000,32,1,block,1024,2,30,0.042296,12017
caas-2node,mpi,6000000,32,1,block,1024,2,31,0.043078,12040
caas-2node,mpi,6000000,32,1,block,1024,3,0,0.007875,16964
caas-2node,mpi,6000000,32,1,block,1024,3,1,0.012540,14940
caas-2node,mpi,6000000,32,1,block,1024,3,2,0.015505,14353
caas-2node,mpi,6000000,32,1,block,1024,3,3,0.017515,13981
caas-2node,mpi,6000000,32,1,block,1024,3,4,0.019440,13768
caas-2node,mpi,6000000,32,1,block,1024,3,5,0.021017,13513
caas-2node,mpi,6000000,32,1,block,1024,3,6,0.022703,13390
caas-2node,mpi,6000000,32,1,block,1024,3,7,0.023953,13246
caas-2node,mpi,6000000,32,1,block,1024,3,8,0.025075,13107
caas-2node,mpi,6000000,32,1,block,1024,3,9,0.026251,13029
caas-2node,mpi,6000000,32,1,block,1024,3,10,0.027350,12950
caas-2node,mpi,6000000,32,1,block,1024,3,11,0.028362,12840
caas-2node,mpi,6000000,32,1,block,1024,3,12,0.029293,12745
caas-2node,mpi,6000000,32,1,block,1024,3,13,0.030284,12731
caas-2node,mpi,6000000,32,1,block,1024,3,14,0.031252,12674
caas-2node,mpi,6000000,32,1,block,1024,3,15,0.032022,12585
caas-2node,mpi,6000000,32,1,block,1024,3,16,0.032823,12538
caas-2node,mpi,6000000,32,1,block,1024,3,17,0.033680,12513
caas-2node,mpi,6000000,32,1,block,1024,3,18,0.034295,12367
caas-2node,mpi,6000000,32,1,block,1024,3,19,0.035265,12483
caas-2node,mpi,6000000,32,1,block,1024,3,20,0.035892,12363
caas-2node,mpi,6000000,32,1,block,1024,3,21,0.036606,12310
caas-2node,mpi,6000000,32,1,block,1024,3,22,0.037311,12260
caas-2node,mpi,6000000,32,1,block,1024,3,23,0.038076,12298
caas-2node,mpi,6000000,32,1,block,1024,3,24,0.038641,12217
caas-2node,mpi,6000000,32,1,block,1024,3,25,0.039301,12158
caas-2node,mpi,6000000,32,1,block,1024,3,26,0.040082,12218
caas-2node,mpi,6000000,32,1,block,1024,3,27,0.040563,12144
caas-2node,mpi,6000000,32,1,block,1024,3,28,0.041202,12087
caas-2node,mpi,6000000,32,1,block,1024,3,29,0.041809,12020
caas-2node,mpi,6000000,32,1,block,1024,3,30,0.042341,12017
caas-2node,mpi,6000000,32,1,block,1024,3,31,0.043020,12040
caas-2node,mpi,6000000,32,1,cyclic,1024,1,0,0.030709,12908
caas-2node,mpi,6000000,32,1,cyclic,1024,1,1,0.030633,12879
caas-2node,mpi,6000000,32,1,cyclic,1024,1,2,0.030676,12869
caas-2node,mpi,6000000,32,1,cyclic,1024,1,3,0.031827,12881
caas-2node,mpi,6000000,32,1,cyclic,1024,1,4,0.030765,12952
caas-2node,mpi,6000000,32,1,cyclic,1024,1,5,0.030702,12897
caas-2node,mpi,6000000,32,1,cyclic,1024,1,6,0.030733,12920
caas-2node,mpi,6000000,32,1,cyclic,1024,1,7,0.030705,12861
caas-2node,mpi,6000000,32,1,cyclic,1024,1,8,0.030639,12887
caas-2node,mpi,6000000,32,1,cyclic,1024,1,9,0.030710,12941
caas-2node,mpi,6000000,32,1,cyclic,1024,1,10,0.032685,12926
caas-2node,mpi,6000000,32,1,cyclic,1024,1,11,0.030836,12914
caas-2node,mpi,6000000,32,1,cyclic,1024,1,12,0.030772,12988
caas-2node,mpi,6000000,32,1,cyclic,1024,1,13,0.030813,12951
caas-2node,mpi,6000000,32,1,cyclic,1024,1,14,0.030676,12870
caas-2node,mpi,6000000,32,1,cyclic,1024,1,15,0.030646,12873
caas-2node,mpi,6000000,32,1,cyclic,1024,1,16,0.030703,12910
caas-2node,mpi,6000000,32,1,cyclic,1024,1,17,0.030835,12906
caas-2node,mpi,6000000,32,1,cyclic,1024,1,18,0.030602,12864
caas-2node,mpi,6000000,32,1,cyclic,1024,1,19,0.030818,12881
caas-2node,mpi,6000000,32,1,cyclic,1024,1,20,0.030876,12879
caas-2node,mpi,6000000,32,1,cyclic,1024,1,21,0.030642,12910
caas-2node,mpi,6000000,32,1,cyclic,1024,1,22,0.030729,12960
caas-2node,mpi,6000000,32,1,cyclic,1024,1,23,0.030665,12897
caas-2node,mpi,6000000,32,1,cyclic,1024,1,24,0.030826,12878
caas-2node,mpi,6000000,32,1,cyclic,1024,1,25,0.030636,12877
caas-2node,mpi,6000000,32,1,cyclic,1024,1,26,0.030741,12937
caas-2node,mpi,6000000,32,1,cyclic,1024,1,27,0.030629,12875
caas-2node,mpi,6000000,32,1,cyclic,1024,1,28,0.030800,12870
caas-2node,mpi,6000000,32,1,cyclic,1024,1,29,0.030808,12881
caas-2node,mpi,6000000,32,1,cyclic,1024,1,30,0.030686,12899
caas-2node,mpi,6000000,32,1,cyclic,1024,1,31,0.030791,12908
caas-2node,mpi,6000000,32,1,cyclic,1024,2,0,0.030684,12908
caas-2node,mpi,6000000,32,1,cyclic,1024,2,1,0.034374,12879
caas-2node,mpi,6000000,32,1,cyclic,1024,2,2,0.030976,12869
caas-2node,mpi,6000000,32,1,cyclic,1024,2,3,0.060073,12881
caas-2node,mpi,6000000,32,1,cyclic,1024,2,4,0.034888,12952
caas-2node,mpi,6000000,32,1,cyclic,1024,2,5,0.030705,12897
caas-2node,mpi,6000000,32,1,cyclic,1024,2,6,0.030690,12920
caas-2node,mpi,6000000,32,1,cyclic,1024,2,7,0.030673,12861
caas-2node,mpi,6000000,32,1,cyclic,1024,2,8,0.030658,12887
caas-2node,mpi,6000000,32,1,cyclic,1024,2,9,0.030674,12941
caas-2node,mpi,6000000,32,1,cyclic,1024,2,10,0.030671,12926
caas-2node,mpi,6000000,32,1,cyclic,1024,2,11,0.030708,12914
caas-2node,mpi,6000000,32,1,cyclic,1024,2,12,0.030887,12988
caas-2node,mpi,6000000,32,1,cyclic,1024,2,13,0.030792,12951
caas-2node,mpi,6000000,32,1,cyclic,1024,2,14,0.030707,12870
caas-2node,mpi,6000000,32,1,cyclic,1024,2,15,0.059813,12873
caas-2node,mpi,6000000,32,1,cyclic,1024,2,16,0.030702,12910
caas-2node,mpi,6000000,32,1,cyclic,1024,2,17,0.030709,12906
caas-2node,mpi,6000000,32,1,cyclic,1024,2,18,0.030574,12864
caas-2node,mpi,6000000,32,1,cyclic,1024,2,19,0.030678,12881
caas-2node,mpi,6000000,32,1,cyclic,1024,2,20,0.030632,12879
caas-2node,mpi,6000000,32,1,cyclic,1024,2,21,0.030691,12910
caas-2node,mpi,6000000,32,1,cyclic,1024,2,22,0.030712,12960
caas-2node,mpi,6000000,32,1,cyclic,1024,2,23,0.030629,12897
caas-2node,mpi,6000000,32,1,cyclic,1024,2,24,0.030593,12878
caas-2node,mpi,6000000,32,1,cyclic,1024,2,25,0.030609,12877
caas-2node,mpi,6000000,32,1,cyclic,1024,2,26,0.030727,12937
caas-2node,mpi,6000000,32,1,cyclic,1024,2,27,0.030584,12875
caas-2node,mpi,6000000,32,1,cyclic,1024,2,28,0.030652,12870
caas-2node,mpi,6000000,32,1,cyclic,1024,2,29,0.030657,12881
caas-2node,mpi,6000000,32,1,cyclic,1024,2,30,0.030719,12899
caas-2node,mpi,6000000,32,1,cyclic,1024,2,31,0.030751,12908
caas-2node,mpi,6000000,32,1,cyclic,1024,3,0,0.030756,12908
caas-2node,mpi,6000000,32,1,cyclic,1024,3,1,0.030605,12879
caas-2node,mpi,6000000,32,1,cyclic,1024,3,2,0.030616,12869
caas-2node,mpi,6000000,32,1,cyclic,1024,3,3,0.030674,12881
caas-2node,mpi,6000000,32,1,cyclic,1024,3,4,0.030763,12952
caas-2node,mpi,6000000,32,1,cyclic,1024,3,5,0.030747,12897
caas-2node,mpi,6000000,32,1,cyclic,1024,3,6,0.030706,12920
caas-2node,mpi,6000000,32,1,cyclic,1024,3,7,0.030832,12861
caas-2node,mpi,6000000,32,1,cyclic,1024,3,8,0.059898,12887
caas-2node,mpi,6000000,32,1,cyclic,1024,3,9,0.030698,12941
caas-2node,mpi,6000000,32,1,cyclic,1024,3,10,0.030690,12926
caas-2node,mpi,6000000,32,1,cyclic,1024,3,11,0.030759,12914
caas-2node,mpi,6000000,32,1,cyclic,1024,3,12,0.030831,12988
caas-2node,mpi,6000000,32,1,cyclic,1024,3,13,0.060164,12951
caas-2node,mpi,6000000,32,1,cyclic,1024,3,14,0.030691,12870
caas-2node,mpi,6000000,32,1,cyclic,1024,3,15,0.030706,12873
caas-2node,mpi,6000000,32,1,cyclic,1024,3,16,0.030675,12910
caas-2node,mpi,6000000,32,1,cyclic,1024,3,17,0.030676,12906
caas-2node,mpi,6000000,32,1,cyclic,1024,3,18,0.030589,12864
caas-2node,mpi,6000000,32,1,cyclic,1024,3,19,0.030715,12881
caas-2node,mpi,6000000,32,1,cyclic,1024,3,20,0.030630,12879
caas-2node,mpi,6000000,32,1,cyclic,1024,3,21,0.030645,12910
caas-2node,mpi,6000000,32,1,cyclic,1024,3,22,0.030741,12960
caas-2node,mpi,6000000,32,1,cyclic,1024,3,23,0.030659,12897
caas-2node,mpi,6000000,32,1,cyclic,1024,3,24,0.030628,12878
caas-2node,mpi,6000000,32,1,cyclic,1024,3,25,0.030625,12877
caas-2node,mpi,6000000,32,1,cyclic,1024,3,26,0.030764,12937
caas-2node,mpi,6000000,32,1,cyclic,1024,3,27,0.030625,12875
caas-2node,mpi,6000000,32,1,cyclic,1024,3,28,0.030611,12870
caas-2node,mpi,6000000,32,1,cyclic,1024,3,29,0.030638,12881
caas-2node,mpi,6000000,32,1,cyclic,1024,3,30,0.030702,12899
caas-2node,mpi,6000000,32,1,cyclic,1024,3,31,0.030739,12908
caas-2node,mpi,6000000,32,1,blockcyclic,1024,1,0,0.030583,13078
caas-2node,mpi,6000000,32,1,blockcyclic,1024,1,1,0.059709,12879
caas-2node,mpi,6000000,32,1,blockcyclic,1024,1,2,0.030708,13038
caas-2node,mpi,6000000,32,1,blockcyclic,1024,1,3,0.030647,12955
caas-2node,mpi,6000000,32,1,blockcyclic,1024,1,4,0.030755,13027
caas-2node,mpi,6000000,32,1,blockcyclic,1024,1,5,0.060090,13070
caas-2node,mpi,6000000,32,1,blockcyclic,1024,1,6,0.030777,12941
caas-2node,mpi,6000000,32,1,blockcyclic,1024,1,7,0.030688,12964
caas-2node,mpi,6000000,32,1,blockcyclic,1024,1,8,0.030836,13000
caas-2node,mpi,6000000,32,1,blockcyclic,1024,1,9,0.030849,13000
caas-2node,mpi,6000000,32,1,blockcyclic,1024,1,10,0.030974,12993
caas-2node,mpi,6000000,32,1,blockcyclic,1024,1,11,0.030840,12965
caas-2node,mpi,6000000,32,1,blockcyclic,1024,1,12,0.030789,12952
caas-2node,mpi,6000000,32,1,blockcyclic,1024,1,13,0.031050,13025
caas-2node,mpi,6000000,32,1,blockcyclic,1024,1,14,0.030994,13013
caas-2node,mpi,6000000,32,1,blockcyclic,1024,1,15,0.030939,13017
caas-2node,mpi,6000000,32,1,blockcyclic,1024,1,16,0.030594,12791
caas-2node,mpi,6000000,32,1,blockcyclic,1024,1,17,0.030714,12882
caas-2node,mpi,6000000,32,1,blockcyclic,1024,1,18,0.030385,12811
caas-2node,mpi,6000000,32,1,blockcyclic,1024,1,19,0.030476,12815
caas-2node,mpi,6000000,32,1,blockcyclic,1024,1,20,0.030435,12843
caas-2node,mpi,6000000,32,1,blockcyclic,1024,1,21,0.030395,12703
caas-2node,mpi,6000000,32,1,blockcyclic,1024,1,22,0.030572,12880
caas-2node,mpi,6000000,32,1,blockcyclic,1024,1,23,0.030738,12941
caas-2node,mpi,6000000,32,1,blockcyclic,1024,1,24,0.030332,12664
caas-2node,mpi,6000000,32,1,blockcyclic,1024,1,25,0.030485,12752
caas-2node,mpi,6000000,32,1,blockcyclic,1024,1,26,0.030507,12811
caas-2node,mpi,6000000,32,1,blockcyclic,1024,1,27,0.030451,12794
caas-2node,mpi,6000000,32,1,blockcyclic,1024,1,28,0.030427,12756
caas-2node,mpi,6000000,32,1,blockcyclic,1024,1,29,0.030852,12838
caas-2node,mpi,6000000,32,1,blockcyclic,1024,1,30,0.030864,12880
caas-2node,mpi,6000000,32,1,blockcyclic,1024,1,31,0.030557,12771
caas-2node,mpi,6000000,32,1,blockcyclic,1024,2,0,0.030691,13078
caas-2node,mpi,6000000,32,1,blockcyclic,1024,2,1,0.030482,12879
caas-2node,mpi,6000000,32,1,blockcyclic,1024,2,2,0.030631,13038
caas-2node,mpi,6000000,32,1,blockcyclic,1024,2,3,0.030626,12955
caas-2node,mpi,6000000,32,1,blockcyclic,1024,2,4,0.030754,13027
caas-2node,mpi,6000000,32,1,blockcyclic,1024,2,5,0.030802,13070
caas-2node,mpi,6000000,32,1,blockcyclic,1024,2,6,0.030788,12941
caas-2node,mpi,6000000,32,1,blockcyclic,1024,2,7,0.030695,12964
caas-2node,mpi,6000000,32,1,blockcyclic,1024,2,8,0.030922,13000
caas-2node,mpi,6000000,32,1,blockcyclic,1024,2,9,0.030966,13000
caas-2node,mpi,6000000,32,1,blockcyclic,1024,2,10,0.060388,12993
caas-2node,mpi,6000000,32,1,blockcyclic,1024,2,11,0.030885,12965
caas-2node,mpi,6000000,32,1,blockcyclic,1024,2,12,0.030773,12952
caas-2node,mpi,6000000,32,1,blockcyclic,1024,2,13,0.031008,13025
caas-2node,mpi,6000000,32,1,blockcyclic,1024,2,14,0.060539,13013
caas-2node,mpi,6000000,32,1,blockcyclic,1024,2,15,0.031075,13017
caas-2node,mpi,6000000,32,1,blockcyclic,1024,2,16,0.030604,12791
caas-2node,mpi,6000000,32,1,blockcyclic,1024,2,17,0.030760,12882
caas-2node,mpi,6000000,32,1,blockcyclic,1024,2,18,0.030429,12811
caas-2node,mpi,6000000,32,1,blockcyclic,1024,2,19,0.030470,12815
caas-2node,mpi,6000000,32,1,blockcyclic,1024,2,20,0.030515,12843
caas-2node,mpi,6000000,32,1,blockcyclic,1024,2,21,0.030294,12703
caas-2node,mpi,6000000,32,1,blockcyclic,1024,2,22,0.030505,12880
caas-2node,mpi,6000000,32,1,blockcyclic,1024,2,23,0.030686,12941
caas-2node,mpi,6000000,32,1,blockcyclic,1024,2,24,0.030300,12664
caas-2node,mpi,6000000,32,1,blockcyclic,1024,2,25,0.030445,12752
caas-2node,mpi,6000000,32,1,blockcyclic,1024,2,26,0.030496,12811
caas-2node,mpi,6000000,32,1,blockcyclic,1024,2,27,0.030479,12794
caas-2node,mpi,6000000,32,1,blockcyclic,1024,2,28,0.030401,12756
caas-2node,mpi,6000000,32,1,blockcyclic,1024,2,29,0.030776,12838
caas-2node,mpi,6000000,32,1,blockcyclic,1024,2,30,0.030769,12880
caas-2node,mpi,6000000,32,1,blockcyclic,1024,2,31,0.030453,12771
caas-2node,mpi,6000000,32,1,blockcyclic,1024,3,0,0.050188,13078
caas-2node,mpi,6000000,32,1,blockcyclic,1024,3,1,0.030618,12879
caas-2node,mpi,6000000,32,1,blockcyclic,1024,3,2,0.030608,13038
caas-2node,mpi,6000000,32,1,blockcyclic,1024,3,3,0.030719,12955
caas-2node,mpi,6000000,32,1,blockcyclic,1024,3,4,0.030869,13027
caas-2node,mpi,6000000,32,1,blockcyclic,1024,3,5,0.030957,13070
caas-2node,mpi,6000000,32,1,blockcyclic,1024,3,6,0.030822,12941
caas-2node,mpi,6000000,32,1,blockcyclic,1024,3,7,0.030739,12964
caas-2node,mpi,6000000,32,1,blockcyclic,1024,3,8,0.030822,13000
caas-2node,mpi,6000000,32,1,blockcyclic,1024,3,9,0.030905,13000
caas-2node,mpi,6000000,32,1,blockcyclic,1024,3,10,0.030890,12993
caas-2node,mpi,6000000,32,1,blockcyclic,1024,3,11,0.030781,12965
caas-2node,mpi,6000000,32,1,blockcyclic,1024,3,12,0.030802,12952
caas-2node,mpi,6000000,32,1,blockcyclic,1024,3,13,0.031007,13025
caas-2node,mpi,6000000,32,1,blockcyclic,1024,3,14,0.050461,13013
caas-2node,mpi,6000000,32,1,blockcyclic,1024,3,15,0.030950,13017
caas-2node,mpi,6000000,32,1,blockcyclic,1024,3,16,0.030782,12791
caas-2node,mpi,6000000,32,1,blockcyclic,1024,3,17,0.031524,12882
caas-2node,mpi,6000000,32,1,blockcyclic,1024,3,18,0.030887,12811
caas-2node,mpi,6000000,32,1,blockcyclic,1024,3,19,0.030921,12815
caas-2node,mpi,6000000,32,1,blockcyclic,1024,3,20,0.054161,12843
caas-2node,mpi,6000000,32,1,blockcyclic,1024,3,21,0.030395,12703
caas-2node,mpi,6000000,32,1,blockcyclic,1024,3,22,0.031400,12880
caas-2node,mpi,6000000,32,1,blockcyclic,1024,3,23,0.030775,12941
caas-2node,mpi,6000000,32,1,blockcyclic,1024,3,24,0.030573,12664
caas-2node,mpi,6000000,32,1,blockcyclic,1024,3,25,0.031292,12752
caas-2node,mpi,6000000,32,1,blockcyclic,1024,3,26,0.030651,12811
caas-2node,mpi,6000000,32,1,blockcyclic,1024,3,27,0.030513,12794
caas-2node,mpi,6000000,32,1,blockcyclic,1024,3,28,0.030572,12756
caas-2node,mpi,6000000,32,1,blockcyclic,1024,3,29,0.054399,12838
caas-2node,mpi,6000000,32,1,blockcyclic,1024,3,30,0.031588,12880
caas-2node,mpi,6000000,32,1,blockcyclic,1024,3,31,0.031042,12771
caas-2node,mpi,6000000,32,1,wblock,1024,1,0,0.038638,48752
caas-2node,mpi,6000000,32,1,wblock,1024,1,1,0.064208,25805
caas-2node,mpi,6000000,32,1,wblock,1024,1,2,0.033844,21058
caas-2node,mpi,6000000,32,1,wblock,1024,1,3,0.032892,18540
caas-2node,mpi,6000000,32,1,wblock,1024,1,4,0.032437,16791
caas-2node,mpi,6000000,32,1,wblock,1024,1,5,0.032061,15622
caas-2node,mpi,6000000,32,1,wblock,1024,1,6,0.031926,14639
caas-2node,mpi,6000000,32,1,wblock,1024,1,7,0.031261,13789
caas-2node,mpi,6000000,32,1,wblock,1024,1,8,0.031156,13205
caas-2node,mpi,6000000,32,1,wblock,1024,1,9,0.030960,12680
caas-2node,mpi,6000000,32,1,wblock,1024,1,10,0.030799,12187
caas-2node,mpi,6000000,32,1,wblock,1024,1,11,0.030599,11785
caas-2node,mpi,6000000,32,1,wblock,1024,1,12,0.030490,11478
caas-2node,mpi,6000000,32,1,wblock,1024,1,13,0.030293,11089
caas-2node,mpi,6000000,32,1,wblock,1024,1,14,0.030283,10701
caas-2node,mpi,6000000,32,1,wblock,1024,1,15,0.030234,10537
caas-2node,mpi,6000000,32,1,wblock,1024,1,16,0.030191,10299
caas-2node,mpi,6000000,32,1,wblock,1024,1,17,0.029967,10061
caas-2node,mpi,6000000,32,1,wblock,1024,1,18,0.029822,9812
caas-2node,mpi,6000000,32,1,wblock,1024,1,19,0.029788,9612
caas-2node,mpi,6000000,32,1,wblock,1024,1,20,0.029646,9509
caas-2node,mpi,6000000,32,1,wblock,1024,1,21,0.029591,9283
caas-2node,mpi,6000000,32,1,wblock,1024,1,22,0.029529,9144
caas-2node,mpi,6000000,32,1,wblock,1024,1,23,0.029533,9046
caas-2node,mpi,6000000,32,1,wblock,1024,1,24,0.029445,8869
caas-2node,mpi,6000000,32,1,wblock,1024,1,25,0.029232,8701
caas-2node,mpi,6000000,32,1,wblock,1024,1,26,0.029278,8617
caas-2node,mpi,6000000,32,1,wblock,1024,1,27,0.029177,8472
caas-2node,mpi,6000000,32,1,wblock,1024,1,28,0.028960,8321
caas-2node,mpi,6000000,32,1,wblock,1024,1,29,0.029022,8239
caas-2node,mpi,6000000,32,1,wblock,1024,1,30,0.028838,8109
caas-2node,mpi,6000000,32,1,wblock,1024,1,31,0.028937,8097
caas-2node,mpi,6000000,32,1,wblock,1024,2,0,0.038717,48752
caas-2node,mpi,6000000,32,1,wblock,1024,2,1,0.034920,25805
caas-2node,mpi,6000000,32,1,wblock,1024,2,2,0.033685,21058
caas-2node,mpi,6000000,32,1,wblock,1024,2,3,0.032906,18540
caas-2node,mpi,6000000,32,1,wblock,1024,2,4,0.032367,16791
caas-2node,mpi,6000000,32,1,wblock,1024,2,5,0.061928,15622
caas-2node,mpi,6000000,32,1,wblock,1024,2,6,0.031735,14639
caas-2node,mpi,6000000,32,1,wblock,1024,2,7,0.031396,13789
caas-2node,mpi,6000000,32,1,wblock,1024,2,8,0.061003,13205
caas-2node,mpi,6000000,32,1,wblock,1024,2,9,0.031087,12680
caas-2node,mpi,6000000,32,1,wblock,1024,2,10,0.030745,12187
caas-2node,mpi,6000000,32,1,wblock,1024,2,11,0.030626,11785
caas-2node,mpi,6000000,32,1,wblock,1024,2,12,0.030494,11478
caas-2node,mpi,6000000,32,1,wblock,1024,2,13,0.030288,11089
caas-2node,mpi,6000000,32,1,wblock,1024,2,14,0.030027,10701
caas-2node,mpi,6000000,32,1,wblock,1024,2,15,0.030099,10537
caas-2node,mpi,6000000,32,1,wblock,1024,2,16,0.030078,10299
caas-2node,mpi,6000000,32,1,wblock,1024,2,17,0.029832,10061
caas-2node,mpi,6000000,32,1,wblock,1024,2,18,0.029661,9812
caas-2node,mpi,6000000,32,1,wblock,1024,2,19,0.041592,9612
caas-2node,mpi,6000000,32,1,wblock,1024,2,20,0.029593,9509
caas-2node,mpi,6000000,32,1,wblock,1024,2,21,0.029484,9283
caas-2node,mpi,6000000,32,1,wblock,1024,2,22,0.029402,9144
caas-2node,mpi,6000000,32,1,wblock,1024,2,23,0.029451,9046
caas-2node,mpi,6000000,32,1,wblock,1024,2,24,0.029329,8869
caas-2node,mpi,6000000,32,1,wblock,1024,2,25,0.029147,8701
caas-2node,mpi,6000000,32,1,wblock,1024,2,26,0.029156,8617
caas-2node,mpi,6000000,32,1,wblock,1024,2,27,0.029107,8472
caas-2node,mpi,6000000,32,1,wblock,1024,2,28,0.028925,8321
caas-2node,mpi,6000000,32,1,wblock,1024,2,29,0.028950,8239
caas-2node,mpi,6000000,32,1,wblock,1024,2,30,0.028827,8109
caas-2node,mpi,6000000,32,1,wblock,1024,2,31,0.040350,8097
caas-2node,mpi,6000000,32,1,wblock,1024,3,0,0.069493,48752
caas-2node,mpi,6000000,32,1,wblock,1024,3,1,0.034908,25805
caas-2node,mpi,6000000,32,1,wblock,1024,3,2,0.033585,21058
caas-2node,mpi,6000000,32,1,wblock,1024,3,3,0.063004,18540
caas-2node,mpi,6000000,32,1,wblock,1024,3,4,0.032322,16791
caas-2node,mpi,6000000,32,1,wblock,1024,3,5,0.032134,15622
caas-2node,mpi,6000000,32,1,wblock,1024,3,6,0.031634,14639
caas-2node,mpi,6000000,32,1,wblock,1024,3,7,0.031435,13789
caas-2node,mpi,6000000,32,1,wblock,1024,3,8,0.031134,13205
caas-2node,mpi,6000000,32,1,wblock,1024,3,9,0.030960,12680
caas-2node,mpi,6000000,32,1,wblock,1024,3,10,0.030779,12187
caas-2node,mpi,6000000,32,1,wblock,1024,3,11,0.030696,11785
caas-2node,mpi,6000000,32,1,wblock,1024,3,12,0.030574,11478
caas-2node,mpi,6000000,32,1,wblock,1024,3,13,0.030356,11089
caas-2node,mpi,6000000,32,1,wblock,1024,3,14,0.030081,10701
caas-2node,mpi,6000000,32,1,wblock,1024,3,15,0.030096,10537
caas-2node,mpi,6000000,32,1,wblock,1024,3,16,0.030082,10299
caas-2node,mpi,6000000,32,1,wblock,1024,3,17,0.029892,10061
caas-2node,mpi,6000000,32,1,wblock,1024,3,18,0.029692,9812
caas-2node,mpi,6000000,32,1,wblock,1024,3,19,0.029606,9612
caas-2node,mpi,6000000,32,1,wblock,1024,3,20,0.029643,9509
caas-2node,mpi,6000000,32,1,wblock,1024,3,21,0.029467,9283
caas-2node,mpi,6000000,32,1,wblock,1024,3,22,0.029385,9144
caas-2node,mpi,6000000,32,1,wblock,1024,3,23,0.030358,9046
caas-2node,mpi,6000000,32,1,wblock,1024,3,24,0.030954,8869
caas-2node,mpi,6000000,32,1,wblock,1024,3,25,0.029132,8701
caas-2node,mpi,6000000,32,1,wblock,1024,3,26,0.029304,8617
caas-2node,mpi,6000000,32,1,wblock,1024,3,27,0.029113,8472
caas-2node,mpi,6000000,32,1,wblock,1024,3,28,0.028902,8321
caas-2node,mpi,6000000,32,1,wblock,1024,3,29,0.028954,8239
caas-2node,mpi,6000000,32,1,wblock,1024,3,30,0.028855,8109
caas-2node,mpi,6000000,32,1,wblock,1024,3,31,0.030858,8097
caas-2node,mpi,8000000,32,1,block,1024,1,0,0.011647,22044
caas-2node,mpi,8000000,32,1,block,1024,1,1,0.018709,19494
caas-2node,mpi,8000000,32,1,block,1024,1,2,0.022916,18700
caas-2node,mpi,8000000,32,1,block,1024,1,3,0.026185,18260
caas-2node,mpi,8000000,32,1,block,1024,1,4,0.029001,17971
caas-2node,mpi,8000000,32,1,block,1024,1,5,0.031431,17686
caas-2node,mpi,8000000,32,1,block,1024,1,6,0.033661,17453
caas-2node,mpi,8000000,32,1,block,1024,1,7,0.035750,17325
caas-2node,mpi,8000000,32,1,block,1024,1,8,0.037527,17148
caas-2node,mpi,8000000,32,1,block,1024,1,9,0.039271,16991
caas-2node,mpi,8000000,32,1,block,1024,1,10,0.040948,16921
caas-2node,mpi,8000000,32,1,block,1024,1,11,0.042487,16823
caas-2node,mpi,8000000,32,1,block,1024,1,12,0.044004,16761
caas-2node,mpi,8000000,32,1,block,1024,1,13,0.045286,16573
caas-2node,mpi,8000000,32,1,block,1024,1,14,0.046782,16567
caas-2node,mpi,8000000,32,1,block,1024,1,15,0.088476,16429
caas-2node,mpi,8000000,32,1,block,1024,1,16,0.049335,16437
caas-2node,mpi,8000000,32,1,block,1024,1,17,0.050533,16365
caas-2node,mpi,8000000,32,1,block,1024,1,18,0.051751,16271
caas-2node,mpi,8000000,32,1,block,1024,1,19,0.052967,16294
caas-2node,mpi,8000000,32,1,block,1024,1,20,0.053977,16172
caas-2node,mpi,8000000,32,1,block,1024,1,21,0.054927,16115
caas-2node,mpi,8000000,32,1,block,1024,1,22,0.055956,16026
caas-2node,mpi,8000000,32,1,block,1024,1,23,0.057001,16023
caas-2node,mpi,8000000,32,1,block,1024,1,24,0.058091,15967
caas-2node,mpi,8000000,32,1,block,1024,1,25,0.059018,15941
caas-2node,mpi,8000000,32,1,block,1024,1,26,0.060205,15950
caas-2node,mpi,8000000,32,1,block,1024,1,27,0.061277,15941
caas-2node,mpi,8000000,32,1,block,1024,1,28,0.062014,15846
caas-2node,mpi,8000000,32,1,block,1024,1,29,0.062746,15767
caas-2node,mpi,8000000,32,1,block,1024,1,30,0.063730,15765
caas-2node,mpi,8000000,32,1,block,1024,1,31,0.064618,15751
caas-2node,mpi,8000000,32,1,block,1024,2,0,0.012138,22044
caas-2node,mpi,8000000,32,1,block,1024,2,1,0.018728,19494
caas-2node,mpi,8000000,32,1,block,1024,2,2,0.022866,18700
caas-2node,mpi,8000000,32,1,block,1024,2,3,0.026250,18260
caas-2node,mpi,8000000,32,1,block,1024,2,4,0.029016,17971
caas-2node,mpi,8000000,32,1,block,1024,2,5,0.031434,17686
caas-2node,mpi,8000000,32,1,block,1024,2,6,0.033626,17453
caas-2node,mpi,8000000,32,1,block,1024,2,7,0.035724,17325
caas-2node,mpi,8000000,32,1,block,1024,2,8,0.037580,17148
caas-2node,mpi,8000000,32,1,block,1024,2,9,0.039286,16991
caas-2node,mpi,8000000,32,1,block,1024,2,10,0.040988,16921
caas-2node,mpi,8000000,32,1,block,1024,2,11,0.042549,16823
caas-2node,mpi,8000000,32,1,block,1024,2,12,0.043980,16761
caas-2node,mpi,8000000,32,1,block,1024,2,13,0.089465,16573
caas-2node,mpi,8000000,32,1,block,1024,2,14,0.046762,16567
caas-2node,mpi,8000000,32,1,block,1024,2,15,0.091798,16429
caas-2node,mpi,8000000,32,1,block,1024,2,16,0.049526,16437
caas-2node,mpi,8000000,32,1,block,1024,2,17,0.050524,16365
caas-2node,mpi,8000000,32,1,block,1024,2,18,0.051740,16271
caas-2node,mpi,8000000,32,1,block,1024,2,19,0.052939,16294
caas-2node,mpi,8000000,32,1,block,1024,2,20,0.053922,16172
caas-2node,mpi,8000000,32,1,block,1024,2,21,0.055307,16115
caas-2node,mpi,8000000,32,1,block,1024,2,22,0.056016,16026
caas-2node,mpi,8000000,32,1,block,1024,2,23,0.056984,16023
caas-2node,mpi,8000000,32,1,block,1024,2,24,0.058149,15967
caas-2node,mpi,8000000,32,1,block,1024,2,25,0.059325,15941
caas-2node,mpi,8000000,32,1,block,1024,2,26,0.060225,15950
caas-2node,mpi,8000000,32,1,block,1024,2,27,0.061096,15941
caas-2node,mpi,8000000,32,1,block,1024,2,28,0.061985,15846
caas-2node,mpi,8000000,32,1,block,1024,2,29,0.062680,15767
caas-2node,mpi,8000000,32,1,block,1024,2,30,0.063631,15765
caas-2node,mpi,8000000,32,1,block,1024,2,31,0.064545,15751
caas-2node,mpi,8000000,32,1,block,1024,3,0,0.011672,22044
caas-2node,mpi,8000000,32,1,block,1024,3,1,0.018748,19494
caas-2node,mpi,8000000,32,1,block,1024,3,2,0.022937,18700
caas-2node,mpi,8000000,32,1,block,1024,3,3,0.026203,18260
caas-2node,mpi,8000000,32,1,block,1024,3,4,0.031149,17971
caas-2node,mpi,8000000,32,1,block,1024,3,5,0.031488,17686
caas-2node,mpi,8000000,32,1,block,1024,3,6,0.033680,17453
caas-2node,mpi,8000000,32,1,block,1024,3,7,0.035728,17325
caas-2node,mpi,8000000,32,1,block,1024,3,8,0.073673,17148
caas-2node,mpi,8000000,32,1,block,1024,3,9,0.039225,16991
caas-2node,mpi,8000000,32,1,block,1024,3,10,0.040904,16921
caas-2node,mpi,8000000,32,1,block,1024,3,11,0.078831,16823
caas-2node,mpi,8000000,32,1,block,1024,3,12,0.043992,16761
caas-2node,mpi,8000000,32,1,block,1024,3,13,0.045329,16573
caas-2node,mpi,8000000,32,1,block,1024,3,14,0.048660,16567
caas-2node,mpi,8000000,32,1,block,1024,3,15,0.048087,16429
caas-2node,mpi,8000000,32,1,block,1024,3,16,0.049596,16437
caas-2node,mpi,8000000,32,1,block,1024,3,17,0.050636,16365
caas-2node,mpi,8000000,32,1,block,1024,3,18,0.051754,16271
caas-2node,mpi,8000000,32,1,block,1024,3,19,0.074011,16294
caas-2node,mpi,8000000,32,1,block,1024,3,20,0.054228,16172
caas-2node,mpi,8000000,32,1,block,1024,3,21,0.055055,16115
caas-2node,mpi,8000000,32,1,block,1024,3,22,0.056077,16026
caas-2node,mpi,8000000,32,1,block,1024,3,23,0.078411,16023
caas-2node,mpi,8000000,32,1,block,1024,3,24,0.058181,15967
caas-2node,mpi,8000000,32,1,block,1024,3,25,0.059227,15941
caas-2node,mpi,8000000,32,1,block,1024,3,26,0.060292,15950
caas-2node,mpi,8000000,32,1,block,1024,3,27,0.061326,15941
caas-2node,mpi,8000000,32,1,block,1024,3,28,0.062251,15846
caas-2node,mpi,8000000,32,1,block,1024,3,29,0.062813,15767
caas-2node,mpi,8000000,32,1,block,1024,3,30,0.063873,15765
caas-2node,mpi,8000000,32,1,block,1024,3,31,0.064816,15751
caas-2node,mpi,8000000,32,1,cyclic,1024,1,0,0.090496,16923
caas-2node,mpi,8000000,32,1,cyclic,1024,1,1,0.045890,16819
caas-2node,mpi,8000000,32,1,cyclic,1024,1,2,0.085240,16855
caas-2node,mpi,8000000,32,1,cyclic,1024,1,3,0.090378,16857
caas-2node,mpi,8000000,32,1,cyclic,1024,1,4,0.046004,16881
caas-2node,mpi,8000000,32,1,cyclic,1024,1,5,0.085492,16888
caas-2node,mpi,8000000,32,1,cyclic,1024,1,6,0.090190,16836
caas-2node,mpi,8000000,32,1,cyclic,1024,1,7,0.090317,16807
caas-2node,mpi,8000000,32,1,cyclic,1024,1,8,0.046018,16885
caas-2node,mpi,8000000,32,1,cyclic,1024,1,9,0.046152,16939
caas-2node,mpi,8000000,32,1,cyclic,1024,1,10,0.084767,16890
caas-2node,mpi,8000000,32,1,cyclic,1024,1,11,0.046054,16876
caas-2node,mpi,8000000,32,1,cyclic,1024,1,12,0.046091,16936
caas-2node,mpi,8000000,32,1,cyclic,1024,1,13,0.046022,16896
caas-2node,mpi,8000000,32,1,cyclic,1024,1,14,0.046065,16863
caas-2node,mpi,8000000,32,1,cyclic,1024,1,15,0.045949,16829
caas-2node,mpi,8000000,32,1,cyclic,1024,1,16,0.046002,16858
caas-2node,mpi,8000000,32,1,cyclic,1024,1,17,0.046156,16878
caas-2node,mpi,8000000,32,1,cyclic,1024,1,18,0.045974,16831
caas-2node,mpi,8000000,32,1,cyclic,1024,1,19,0.045983,16813
caas-2node,mpi,8000000,32,1,cyclic,1024,1,20,0.046054,16879
caas-2node,mpi,8000000,32,1,cyclic,1024,1,21,0.046136,16905
caas-2node,mpi,8000000,32,1,cyclic,1024,1,22,0.046257,16890
caas-2node,mpi,8000000,32,1,cyclic,1024,1,23,0.046163,16914
caas-2node,mpi,8000000,32,1,cyclic,1024,1,24,0.045898,16812
caas-2node,mpi,8000000,32,1,cyclic,1024,1,25,0.046096,16888
caas-2node,mpi,8000000,32,1,cyclic,1024,1,26,0.046135,16941
caas-2node,mpi,8000000,32,1,cyclic,1024,1,27,0.045972,16824
caas-2node,mpi,8000000,32,1,cyclic,1024,1,28,0.047356,16864
caas-2node,mpi,8000000,32,1,cyclic,1024,1,29,0.056063,16808
caas-2node,mpi,8000000,32,1,cyclic,1024,1,30,0.047957,16874
caas-2node,mpi,8000000,32,1,cyclic,1024,1,31,0.055904,16818
caas-2node,mpi,8000000,32,1,cyclic,1024,2,0,0.085611,16923
caas-2node,mpi,8000000,32,1,cyclic,1024,2,1,0.045900,16819
caas-2node,mpi,8000000,32,1,cyclic,1024,2,2,0.046000,16855
caas-2node,mpi,8000000,32,1,cyclic,1024,2,3,0.046050,16857
caas-2node,mpi,8000000,32,1,cyclic,1024,2,4,0.090420,16881
caas-2node,mpi,8000000,32,1,cyclic,1024,2,5,0.046101,16888
caas-2node,mpi,8000000,32,1,cyclic,1024,2,6,0.045967,16836
caas-2node,mpi,8000000,32,1,cyclic,1024,2,7,0.046013,16807
caas-2node,mpi,8000000,32,1,cyclic,1024,2,8,0.085141,16885
caas-2node,mpi,8000000,32,1,cyclic,1024,2,9,0.046308,16939
caas-2node,mpi,8000000,32,1,cyclic,1024,2,10,0.085407,16890
caas-2node,mpi,8000000,32,1,cyclic,1024,2,11,0.085360,16876
caas-2node,mpi,8000000,32,1,cyclic,1024,2,12,0.046130,16936
caas-2node,mpi,8000000,32,1,cyclic,1024,2,13,0.046056,16896
caas-2node,mpi,8000000,32,1,cyclic,1024,2,14,0.090368,16863
caas-2node,mpi,8000000,32,1,cyclic,1024,2,15,0.046010,16829
caas-2node,mpi,8000000,32,1,cyclic,1024,2,16,0.046088,16858
caas-2node,mpi,8000000,32,1,cyclic,1024,2,17,0.046146,16878
caas-2node,mpi,8000000,32,1,cyclic,1024,2,18,0.045960,16831
caas-2node,mpi,8000000,32,1,cyclic,1024,2,19,0.046042,16813
caas-2node,mpi,8000000,32,1,cyclic,1024,2,20,0.046146,16879
caas-2node,mpi,8000000,32,1,cyclic,1024,2,21,0.046017,16905
caas-2node,mpi,8000000,32,1,cyclic,1024,2,22,0.046008,16890
caas-2node,mpi,8000000,32,1,cyclic,1024,2,23,0.046107,16914
caas-2node,mpi,8000000,32,1,cyclic,1024,2,24,0.045875,16812
caas-2node,mpi,8000000,32,1,cyclic,1024,2,25,0.046079,16888
caas-2node,mpi,8000000,32,1,cyclic,1024,2,26,0.046137,16941
caas-2node,mpi,8000000,32,1,cyclic,1024,2,27,0.046000,16824
caas-2node,mpi,8000000,32,1,cyclic,1024,2,28,0.046123,16864
caas-2node,mpi,8000000,32,1,cyclic,1024,2,29,0.045920,16808
caas-2node,mpi,8000000,32,1,cyclic,1024,2,30,0.046101,16874
caas-2node,mpi,8000000,32,1,cyclic,1024,2,31,0.045984,16818
caas-2node,mpi,8000000,32,1,cyclic,1024,3,0,0.046378,16923
caas-2node,mpi,8000000,32,1,cyclic,1024,3,1,0.046029,16819
caas-2node,mpi,8000000,32,1,cyclic,1024,3,2,0.090588,16855
caas-2node,mpi,8000000,32,1,cyclic,1024,3,3,0.090588,16857
caas-2node,mpi,8000000,32,1,cyclic,1024,3,4,0.046172,16881
caas-2node,mpi,8000000,32,1,cyclic,1024,3,5,0.085771,16888
caas-2node,mpi,8000000,32,1,cyclic,1024,3,6,0.046159,16836
caas-2node,mpi,8000000,32,1,cyclic,1024,3,7,0.085426,16807
caas-2node,mpi,8000000,32,1,cyclic,1024,3,8,0.046222,16885
caas-2node,mpi,8000000,32,1,cyclic,1024,3,9,0.085711,16939
caas-2node,mpi,8000000,32,1,cyclic,1024,3,10,0.046230,16890
caas-2node,mpi,8000000,32,1,cyclic,1024,3,11,0.046230,16876
caas-2node,mpi,8000000,32,1,cyclic,1024,3,12,0.046241,16936
caas-2node,mpi,8000000,32,1,cyclic,1024,3,13,0.046258,16896
caas-2node,mpi,8000000,32,1,cyclic,1024,3,14,0.046209,16863
caas-2node,mpi,8000000,32,1,cyclic,1024,3,15,0.046184,16829
caas-2node,mpi,8000000,32,1,cyclic,1024,3,16,0.046038,16858
caas-2node,mpi,8000000,32,1,cyclic,1024,3,17,0.046077,16878
caas-2node,mpi,8000000,32,1,cyclic,1024,3,18,0.045918,16831
caas-2node,mpi,8000000,32,1,cyclic,1024,3,19,0.046019,16813
caas-2node,mpi,8000000,32,1,cyclic,1024,3,20,0.046204,16879
caas-2node,mpi,8000000,32,1,cyclic,1024,3,21,0.046068,16905
caas-2node,mpi,8000000,32,1,cyclic,1024,3,22,0.046034,16890
caas-2node,mpi,8000000,32,1,cyclic,1024,3,23,0.046147,16914
caas-2node,mpi,8000000,32,1,cyclic,1024,3,24,0.045915,16812
caas-2node,mpi,8000000,32,1,cyclic,1024,3,25,0.046110,16888
caas-2node,mpi,8000000,32,1,cyclic,1024,3,26,0.046162,16941
caas-2node,mpi,8000000,32,1,cyclic,1024,3,27,0.045968,16824
caas-2node,mpi,8000000,32,1,cyclic,1024,3,28,0.046098,16864
caas-2node,mpi,8000000,32,1,cyclic,1024,3,29,0.061281,16808
caas-2node,mpi,8000000,32,1,cyclic,1024,3,30,0.046097,16874
caas-2node,mpi,8000000,32,1,cyclic,1024,3,31,0.061549,16818
caas-2node,mpi,8000000,32,1,blockcyclic,1024,1,0,0.090593,17104
caas-2node,mpi,8000000,32,1,blockcyclic,1024,1,1,0.046082,16909
caas-2node,mpi,8000000,32,1,blockcyclic,1024,1,2,0.045903,17018
caas-2node,mpi,8000000,32,1,blockcyclic,1024,1,3,0.045822,16912
caas-2node,mpi,8000000,32,1,blockcyclic,1024,1,4,0.046022,16973
caas-2node,mpi,8000000,32,1,blockcyclic,1024,1,5,0.045860,16905
caas-2node,mpi,8000000,32,1,blockcyclic,1024,1,6,0.045892,16879
caas-2node,mpi,8000000,32,1,blockcyclic,1024,1,7,0.045861,16910
caas-2node,mpi,8000000,32,1,blockcyclic,1024,1,8,0.045758,16884
caas-2node,mpi,8000000,32,1,blockcyclic,1024,1,9,0.045846,16814
caas-2node,mpi,8000000,32,1,blockcyclic,1024,1,10,0.045953,16912
caas-2node,mpi,8000000,32,1,blockcyclic,1024,1,11,0.045970,16897
caas-2node,mpi,8000000,32,1,blockcyclic,1024,1,12,0.045791,16843
caas-2node,mpi,8000000,32,1,blockcyclic,1024,1,13,0.090686,16981
caas-2node,mpi,8000000,32,1,blockcyclic,1024,1,14,0.045957,16885
caas-2node,mpi,8000000,32,1,blockcyclic,1024,1,15,0.045824,16840
caas-2node,mpi,8000000,32,1,blockcyclic,1024,1,16,0.045696,16707
caas-2node,mpi,8000000,32,1,blockcyclic,1024,1,17,0.046047,16778
caas-2node,mpi,8000000,32,1,blockcyclic,1024,1,18,0.046150,16848
caas-2node,mpi,8000000,32,1,blockcyclic,1024,1,19,0.046133,16836
caas-2node,mpi,8000000,32,1,blockcyclic,1024,1,20,0.046052,16924
caas-2node,mpi,8000000,32,1,blockcyclic,1024,1,21,0.045980,16768
caas-2node,mpi,8000000,32,1,blockcyclic,1024,1,22,0.046154,16946
caas-2node,mpi,8000000,32,1,blockcyclic,1024,1,23,0.046352,16937
caas-2node,mpi,8000000,32,1,blockcyclic,1024,1,24,0.046113,16627
caas-2node,mpi,8000000,32,1,blockcyclic,1024,1,25,0.046336,16769
caas-2node,mpi,8000000,32,1,blockcyclic,1024,1,26,0.046169,16822
caas-2node,mpi,8000000,32,1,blockcyclic,1024,1,27,0.045988,16775
caas-2node,mpi,8000000,32,1,blockcyclic,1024,1,28,0.046144,16783
caas-2node,mpi,8000000,32,1,blockcyclic,1024,1,29,0.046441,16918
caas-2node,mpi,8000000,32,1,blockcyclic,1024,1,30,0.046489,16916
caas-2node,mpi,8000000,32,1,blockcyclic,1024,1,31,0.045992,16757
caas-2node,mpi,8000000,32,1,blockcyclic,1024,2,0,0.046336,17104
caas-2node,mpi,8000000,32,1,blockcyclic,1024,2,1,0.046162,16909
caas-2node,mpi,8000000,32,1,blockcyclic,1024,2,2,0.046027,17018
caas-2node,mpi,8000000,32,1,blockcyclic,1024,2,3,0.045876,16912
caas-2node,mpi,8000000,32,1,blockcyclic,1024,2,4,0.046222,16973
caas-2node,mpi,8000000,32,1,blockcyclic,1024,2,5,0.089545,16905
caas-2node,mpi,8000000,32,1,blockcyclic,1024,2,6,0.089481,16879
caas-2node,mpi,8000000,32,1,blockcyclic,1024,2,7,0.045837,16910
caas-2node,mpi,8000000,32,1,blockcyclic,1024,2,8,0.045953,16884
caas-2node,mpi,8000000,32,1,blockcyclic,1024,2,9,0.045926,16814
caas-2node,mpi,8000000,32,1,blockcyclic,1024,2,10,0.046886,16912
caas-2node,mpi,8000000,32,1,blockcyclic,1024,2,11,0.046162,16897
caas-2node,mpi,8000000,32,1,blockcyclic,1024,2,12,0.045853,16843
caas-2node,mpi,8000000,32,1,blockcyclic,1024,2,13,0.046186,16981
caas-2node,mpi,8000000,32,1,blockcyclic,1024,2,14,0.046700,16885
caas-2node,mpi,8000000,32,1,blockcyclic,1024,2,15,0.045820,16840
caas-2node,mpi,8000000,32,1,blockcyclic,1024,2,16,0.045684,16707
caas-2node,mpi,8000000,32,1,blockcyclic,1024,2,17,0.045904,16778
caas-2node,mpi,8000000,32,1,blockcyclic,1024,2,18,0.045971,16848
caas-2node,mpi,8000000,32,1,blockcyclic,1024,2,19,0.054764,16836
caas-2node,mpi,8000000,32,1,blockcyclic,1024,2,20,0.046163,16924
caas-2node,mpi,8000000,32,1,blockcyclic,1024,2,21,0.045993,16768
caas-2node,mpi,8000000,32,1,blockcyclic,1024,2,22,0.046175,16946
caas-2node,mpi,8000000,32,1,blockcyclic,1024,2,23,0.046552,16937
caas-2node,mpi,8000000,32,1,blockcyclic,1024,2,24,0.055307,16627
caas-2node,mpi,8000000,32,1,blockcyclic,1024,2,25,0.045998,16769
caas-2node,mpi,8000000,32,1,blockcyclic,1024,2,26,0.046287,16822
caas-2node,mpi,8000000,32,1,blockcyclic,1024,2,27,0.046058,16775
caas-2node,mpi,8000000,32,1,blockcyclic,1024,2,28,0.046108,16783
caas-2node,mpi,8000000,32,1,blockcyclic,1024,2,29,0.046500,16918
caas-2node,mpi,8000000,32,1,blockcyclic,1024,2,30,0.046445,16916
caas-2node,mpi,8000000,32,1,blockcyclic,1024,2,31,0.046084,16757
caas-2node,mpi,8000000,32,1,blockcyclic,1024,3,0,0.046298,17104
caas-2node,mpi,8000000,32,1,blockcyclic,1024,3,1,0.046083,16909
caas-2node,mpi,8000000,32,1,blockcyclic,1024,3,2,0.046010,17018
caas-2node,mpi,8000000,32,1,blockcyclic,1024,3,3,0.045840,16912
caas-2node,mpi,8000000,32,1,blockcyclic,1024,3,4,0.046066,16973
caas-2node,mpi,8000000,32,1,blockcyclic,1024,3,5,0.046492,16905
caas-2node,mpi,8000000,32,1,blockcyclic,1024,3,6,0.046054,16879
caas-2node,mpi,8000000,32,1,blockcyclic,1024,3,7,0.046756,16910
caas-2node,mpi,8000000,32,1,blockcyclic,1024,3,8,0.045815,16884
caas-2node,mpi,8000000,32,1,blockcyclic,1024,3,9,0.045861,16814
caas-2node,mpi,8000000,32,1,blockcyclic,1024,3,10,0.046892,16912
caas-2node,mpi,8000000,32,1,blockcyclic,1024,3,11,0.047382,16897
caas-2node,mpi,8000000,32,1,blockcyclic,1024,3,12,0.056493,16843
caas-2node,mpi,8000000,32,1,blockcyclic,1024,3,13,0.048546,16981
caas-2node,mpi,8000000,32,1,blockcyclic,1024,3,14,0.047129,16885
caas-2node,mpi,8000000,32,1,blockcyclic,1024,3,15,0.053818,16840
caas-2node,mpi,8000000,32,1,blockcyclic,1024,3,16,0.045683,16707
caas-2node,mpi,8000000,32,1,blockcyclic,1024,3,17,0.045893,16778
caas-2node,mpi,8000000,32,1,blockcyclic,1024,3,18,0.046134,16848
caas-2node,mpi,8000000,32,1,blockcyclic,1024,3,19,0.046086,16836
caas-2node,mpi,8000000,32,1,blockcyclic,1024,3,20,0.046101,16924
caas-2node,mpi,8000000,32,1,blockcyclic,1024,3,21,0.045962,16768
caas-2node,mpi,8000000,32,1,blockcyclic,1024,3,22,0.046150,16946
caas-2node,mpi,8000000,32,1,blockcyclic,1024,3,23,0.063431,16937
caas-2node,mpi,8000000,32,1,blockcyclic,1024,3,24,0.045837,16627
caas-2node,mpi,8000000,32,1,blockcyclic,1024,3,25,0.046063,16769
caas-2node,mpi,8000000,32,1,blockcyclic,1024,3,26,0.046208,16822
caas-2node,mpi,8000000,32,1,blockcyclic,1024,3,27,0.045965,16775
caas-2node,mpi,8000000,32,1,blockcyclic,1024,3,28,0.046015,16783
caas-2node,mpi,8000000,32,1,blockcyclic,1024,3,29,0.046391,16918
caas-2node,mpi,8000000,32,1,blockcyclic,1024,3,30,0.063757,16916
caas-2node,mpi,8000000,32,1,blockcyclic,1024,3,31,0.045995,16757
caas-2node,mpi,8000000,32,1,wblock,1024,1,0,0.057687,63483
caas-2node,mpi,8000000,32,1,wblock,1024,1,1,0.052129,33694
caas-2node,mpi,8000000,32,1,wblock,1024,1,2,0.050284,27530
caas-2node,mpi,8000000,32,1,wblock,1024,1,3,0.049464,24226
caas-2node,mpi,8000000,32,1,wblock,1024,1,4,0.048772,21977
caas-2node,mpi,8000000,32,1,wblock,1024,1,5,0.048036,20357
caas-2node,mpi,8000000,32,1,wblock,1024,1,6,0.047591,19137
caas-2node,mpi,8000000,32,1,wblock,1024,1,7,0.047271,18108
caas-2node,mpi,8000000,32,1,wblock,1024,1,8,0.047396,17320
caas-2node,mpi,8000000,32,1,wblock,1024,1,9,0.046224,16491
caas-2node,mpi,8000000,32,1,wblock,1024,1,10,0.046599,15974
caas-2node,mpi,8000000,32,1,wblock,1024,1,11,0.045857,15387
caas-2node,mpi,8000000,32,1,wblock,1024,1,12,0.046031,14900
caas-2node,mpi,8000000,32,1,wblock,1024,1,13,0.045655,14546
caas-2node,mpi,8000000,32,1,wblock,1024,1,14,0.045589,14084
caas-2node,mpi,8000000,32,1,wblock,1024,1,15,0.045418,13853
caas-2node,mpi,8000000,32,1,wblock,1024,1,16,0.044913,13446
caas-2node,mpi,8000000,32,1,wblock,1024,1,17,0.045578,13167
caas-2node,mpi,8000000,32,1,wblock,1024,1,18,0.045385,12798
caas-2node,mpi,8000000,32,1,wblock,1024,1,19,0.045212,12602
caas-2node,mpi,8000000,32,1,wblock,1024,1,20,0.045501,12421
caas-2node,mpi,8000000,32,1,wblock,1024,1,21,0.071566,12151
caas-2node,mpi,8000000,32,1,wblock,1024,1,22,0.044457,11972
caas-2node,mpi,8000000,32,1,wblock,1024,1,23,0.044117,11780
caas-2node,mpi,8000000,32,1,wblock,1024,1,24,0.044068,11593
caas-2node,mpi,8000000,32,1,wblock,1024,1,25,0.044487,11494
caas-2node,mpi,8000000,32,1,wblock,1024,1,26,0.043763,11252
caas-2node,mpi,8000000,32,1,wblock,1024,1,27,0.043692,11096
caas-2node,mpi,8000000,32,1,wblock,1024,1,28,0.043593,10926
caas-2node,mpi,8000000,32,1,wblock,1024,1,29,0.043620,10795
caas-2node,mpi,8000000,32,1,wblock,1024,1,30,0.043450,10641
caas-2node,mpi,8000000,32,1,wblock,1024,1,31,0.071025,10576
caas-2node,mpi,8000000,32,1,wblock,1024,2,0,0.058684,63483
caas-2node,mpi,8000000,32,1,wblock,1024,2,1,0.052043,33694
caas-2node,mpi,8000000,32,1,wblock,1024,2,2,0.050389,27530
caas-2node,mpi,8000000,32,1,wblock,1024,2,3,0.049436,24226
caas-2node,mpi,8000000,32,1,wblock,1024,2,4,0.048530,21977
caas-2node,mpi,8000000,32,1,wblock,1024,2,5,0.048834,20357
caas-2node,mpi,8000000,32,1,wblock,1024,2,6,0.047494,19137
caas-2node,mpi,8000000,32,1,wblock,1024,2,7,0.047262,18108
caas-2node,mpi,8000000,32,1,wblock,1024,2,8,0.047322,17320
caas-2node,mpi,8000000,32,1,wblock,1024,2,9,0.046272,16491
caas-2node,mpi,8000000,32,1,wblock,1024,2,10,0.046906,15974
caas-2node,mpi,8000000,32,1,wblock,1024,2,11,0.046486,15387
caas-2node,mpi,8000000,32,1,wblock,1024,2,12,0.046133,14900
caas-2node,mpi,8000000,32,1,wblock,1024,2,13,0.045557,14546
caas-2node,mpi,8000000,32,1,wblock,1024,2,14,0.045940,14084
caas-2node,mpi,8000000,32,1,wblock,1024,2,15,0.045621,13853
caas-2node,mpi,8000000,32,1,wblock,1024,2,16,0.044903,13446
caas-2node,mpi,8000000,32,1,wblock,1024,2,17,0.048886,13167
caas-2node,mpi,8000000,32,1,wblock,1024,2,18,0.044756,12798
caas-2node,mpi,8000000,32,1,wblock,1024,2,19,0.044574,12602
caas-2node,mpi,8000000,32,1,wblock,1024,2,20,0.044543,12421
caas-2node,mpi,8000000,32,1,wblock,1024,2,21,0.044629,12151
caas-2node,mpi,8000000,32,1,wblock,1024,2,22,0.044286,11972
caas-2node,mpi,8000000,32,1,wblock,1024,2,23,0.044064,11780
caas-2node,mpi,8000000,32,1,wblock,1024,2,24,0.043995,11593
caas-2node,mpi,8000000,32,1,wblock,1024,2,25,0.044101,11494
caas-2node,mpi,8000000,32,1,wblock,1024,2,26,0.043805,11252
caas-2node,mpi,8000000,32,1,wblock,1024,2,27,0.044079,11096
caas-2node,mpi,8000000,32,1,wblock,1024,2,28,0.043623,10926
caas-2node,mpi,8000000,32,1,wblock,1024,2,29,0.043676,10795
caas-2node,mpi,8000000,32,1,wblock,1024,2,30,0.047447,10641
caas-2node,mpi,8000000,32,1,wblock,1024,2,31,0.043577,10576
caas-2node,mpi,8000000,32,1,wblock,1024,3,0,0.057646,63483
caas-2node,mpi,8000000,32,1,wblock,1024,3,1,0.052281,33694
caas-2node,mpi,8000000,32,1,wblock,1024,3,2,0.050477,27530
caas-2node,mpi,8000000,32,1,wblock,1024,3,3,0.093278,24226
caas-2node,mpi,8000000,32,1,wblock,1024,3,4,0.048562,21977
caas-2node,mpi,8000000,32,1,wblock,1024,3,5,0.047971,20357
caas-2node,mpi,8000000,32,1,wblock,1024,3,6,0.047441,19137
caas-2node,mpi,8000000,32,1,wblock,1024,3,7,0.092240,18108
caas-2node,mpi,8000000,32,1,wblock,1024,3,8,0.091920,17320
caas-2node,mpi,8000000,32,1,wblock,1024,3,9,0.046455,16491
caas-2node,mpi,8000000,32,1,wblock,1024,3,10,0.046386,15974
caas-2node,mpi,8000000,32,1,wblock,1024,3,11,0.045973,15387
caas-2node,mpi,8000000,32,1,wblock,1024,3,12,0.089524,14900
caas-2node,mpi,8000000,32,1,wblock,1024,3,13,0.045550,14546
caas-2node,mpi,8000000,32,1,wblock,1024,3,14,0.045290,14084
caas-2node,mpi,8000000,32,1,wblock,1024,3,15,0.045874,13853
caas-2node,mpi,8000000,32,1,wblock,1024,3,16,0.044972,13446
caas-2node,mpi,8000000,32,1,wblock,1024,3,17,0.044830,13167
caas-2node,mpi,8000000,32,1,wblock,1024,3,18,0.044582,12798
caas-2node,mpi,8000000,32,1,wblock,1024,3,19,0.044568,12602
caas-2node,mpi,8000000,32,1,wblock,1024,3,20,0.044424,12421
caas-2node,mpi,8000000,32,1,wblock,1024,3,21,0.044171,12151
caas-2node,mpi,8000000,32,1,wblock,1024,3,22,0.044386,11972
caas-2node,mpi,8000000,32,1,wblock,1024,3,23,0.044056,11780
caas-2node,mpi,8000000,32,1,wblock,1024,3,24,0.044002,11593
caas-2node,mpi,8000000,32,1,wblock,1024,3,25,0.044259,11494
caas-2node,mpi,8000000,32,1,wblock,1024,3,26,0.043706,11252
caas-2node,mpi,8000000,32,1,wblock,1024,3,27,0.043730,11096
caas-2node,mpi,8000000,32,1,wblock,1024,3,28,0.043775,10926
caas-2node,mpi,8000000,32,1,wblock,1024,3,29,0.043500,10795
caas-2node,mpi,8000000,32,1,wblock,1024,3,30,0.043347,10641
caas-2node,mpi,8000000,32,1,wblock,1024,3,31,0.043461,10576
caas-2node,mpi,10000000,32,1,block,1024,1,0,0.016515,26992
caas-2node,mpi,10000000,32,1,block,1024,1,1,0.025493,23994
caas-2node,mpi,10000000,32,1,block,1024,1,2,0.055750,23020
caas-2node,mpi,10000000,32,1,block,1024,1,3,0.035886,22463
caas-2node,mpi,10000000,32,1,block,1024,1,4,0.039888,22070
caas-2node,mpi,10000000,32,1,block,1024,1,5,0.043236,21752
caas-2node,mpi,10000000,32,1,block,1024,1,6,0.046145,21531
caas-2node,mpi,10000000,32,1,block,1024,1,7,0.050110,21250
caas-2node,mpi,10000000,32,1,block,1024,1,8,0.051420,21159
caas-2node,mpi,10000000,32,1,block,1024,1,9,0.053935,20944
caas-2node,mpi,10000000,32,1,block,1024,1,10,0.056571,20892
caas-2node,mpi,10000000,32,1,block,1024,1,11,0.082942,20650
caas-2node,mpi,10000000,32,1,block,1024,1,12,0.060221,20577
caas-2node,mpi,10000000,32,1,block,1024,1,13,0.063177,20433
caas-2node,mpi,10000000,32,1,block,1024,1,14,0.064754,20438
caas-2node,mpi,10000000,32,1,block,1024,1,15,0.065879,20348
caas-2node,mpi,10000000,32,1,block,1024,1,16,0.067511,20191
caas-2node,mpi,10000000,32,1,block,1024,1,17,0.069147,20088
caas-2node,mpi,10000000,32,1,block,1024,1,18,0.070900,20082
caas-2node,mpi,10000000,32,1,block,1024,1,19,0.072588,19942
caas-2node,mpi,10000000,32,1,block,1024,1,20,0.074279,19947
caas-2node,mpi,10000000,32,1,block,1024,1,21,0.075800,19928
caas-2node,mpi,10000000,32,1,block,1024,1,22,0.077039,19838
caas-2node,mpi,10000000,32,1,block,1024,1,23,0.078264,19732
caas-2node,mpi,10000000,32,1,block,1024,1,24,0.079579,19690
caas-2node,mpi,10000000,32,1,block,1024,1,25,0.081115,19660
caas-2node,mpi,10000000,32,1,block,1024,1,26,0.082599,19605
caas-2node,mpi,10000000,32,1,block,1024,1,27,0.083772,19634
caas-2node,mpi,10000000,32,1,block,1024,1,28,0.084706,19469
caas-2node,mpi,10000000,32,1,block,1024,1,29,0.086299,19533
caas-2node,mpi,10000000,32,1,block,1024,1,30,0.087279,19442
caas-2node,mpi,10000000,32,1,block,1024,1,31,0.088254,19285
caas-2node,mpi,10000000,32,1,block,1024,2,0,0.015960,26992
caas-2node,mpi,10000000,32,1,block,1024,2,1,0.025702,23994
caas-2node,mpi,10000000,32,1,block,1024,2,2,0.031344,23020
caas-2node,mpi,10000000,32,1,block,1024,2,3,0.035807,22463
caas-2node,mpi,10000000,32,1,block,1024,2,4,0.040439,22070
caas-2node,mpi,10000000,32,1,block,1024,2,5,0.043783,21752
caas-2node,mpi,10000000,32,1,block,1024,2,6,0.046180,21531
caas-2node,mpi,10000000,32,1,block,1024,2,7,0.049701,21250
caas-2node,mpi,10000000,32,1,block,1024,2,8,0.051443,21159
caas-2node,mpi,10000000,32,1,block,1024,2,9,0.054365,20944
caas-2node,mpi,10000000,32,1,block,1024,2,10,0.056155,20892
caas-2node,mpi,10000000,32,1,block,1024,2,11,0.058224,20650
caas-2node,mpi,10000000,32,1,block,1024,2,12,0.061332,20577
caas-2node,mpi,10000000,32,1,block,1024,2,13,0.063209,20433
caas-2node,mpi,10000000,32,1,block,1024,2,14,0.065349,20438
caas-2node,mpi,10000000,32,1,block,1024,2,15,0.065939,20348
caas-2node,mpi,10000000,32,1,block,1024,2,16,0.067528,20191
caas-2node,mpi,10000000,32,1,block,1024,2,17,0.069334,20088
caas-2node,mpi,10000000,32,1,block,1024,2,18,0.070894,20082
caas-2node,mpi,10000000,32,1,block,1024,2,19,0.072386,19942
caas-2node,mpi,10000000,32,1,block,1024,2,20,0.074044,19947
caas-2node,mpi,10000000,32,1,block,1024,2,21,0.075545,19928
caas-2node,mpi,10000000,32,1,block,1024,2,22,0.076899,19838
caas-2node,mpi,10000000,32,1,block,1024,2,23,0.078177,19732
caas-2node,mpi,10000000,32,1,block,1024,2,24,0.079592,19690
caas-2node,mpi,10000000,32,1,block,1024,2,25,0.081058,19660
caas-2node,mpi,10000000,32,1,block,1024,2,26,0.082349,19605
caas-2node,mpi,10000000,32,1,block,1024,2,27,0.083904,19634
caas-2node,mpi,10000000,32,1,block,1024,2,28,0.084789,19469
caas-2node,mpi,10000000,32,1,block,1024,2,29,0.086142,19533
caas-2node,mpi,10000000,32,1,block,1024,2,30,0.087372,19442
caas-2node,mpi,10000000,32,1,block,1024,2,31,0.088208,19285
caas-2node,mpi,10000000,32,1,block,1024,3,0,0.015887,26992
caas-2node,mpi,10000000,32,1,block,1024,3,1,0.025722,23994
caas-2node,mpi,10000000,32,1,block,1024,3,2,0.031490,23020
caas-2node,mpi,10000000,32,1,block,1024,3,3,0.036658,22463
caas-2node,mpi,10000000,32,1,block,1024,3,4,0.039929,22070
caas-2node,mpi,10000000,32,1,block,1024,3,5,0.044106,21752
caas-2node,mpi,10000000,32,1,block,1024,3,6,0.046046,21531
caas-2node,mpi,10000000,32,1,block,1024,3,7,0.049652,21250
caas-2node,mpi,10000000,32,1,block,1024,3,8,0.051517,21159
caas-2node,mpi,10000000,32,1,block,1024,3,9,0.054081,20944
caas-2node,mpi,10000000,32,1,block,1024,3,10,0.057019,20892
caas-2node,mpi,10000000,32,1,block,1024,3,11,0.058947,20650
caas-2node,mpi,10000000,32,1,block,1024,3,12,0.061218,20577
caas-2node,mpi,10000000,32,1,block,1024,3,13,0.063131,20433
caas-2node,mpi,10000000,32,1,block,1024,3,14,0.065091,20438
caas-2node,mpi,10000000,32,1,block,1024,3,15,0.065922,20348
caas-2node,mpi,10000000,32,1,block,1024,3,16,0.067853,20191
caas-2node,mpi,10000000,32,1,block,1024,3,17,0.069307,20088
caas-2node,mpi,10000000,32,1,block,1024,3,18,0.070943,20082
caas-2node,mpi,10000000,32,1,block,1024,3,19,0.072369,19942
caas-2node,mpi,10000000,32,1,block,1024,3,20,0.073989,19947
caas-2node,mpi,10000000,32,1,block,1024,3,21,0.075611,19928
caas-2node,mpi,10000000,32,1,block,1024,3,22,0.076882,19838
caas-2node,mpi,10000000,32,1,block,1024,3,23,0.088321,19732
caas-2node,mpi,10000000,32,1,block,1024,3,24,0.079674,19690
caas-2node,mpi,10000000,32,1,block,1024,3,25,0.081189,19660
caas-2node,mpi,10000000,32,1,block,1024,3,26,0.082503,19605
caas-2node,mpi,10000000,32,1,block,1024,3,27,0.083983,19634
caas-2node,mpi,10000000,32,1,block,1024,3,28,0.084954,19469
caas-2node,mpi,10000000,32,1,block,1024,3,29,0.086487,19533
caas-2node,mpi,10000000,32,1,block,1024,3,30,0.088090,19442
caas-2node,mpi,10000000,32,1,block,1024,3,31,0.097962,19285
caas-2node,mpi,10000000,32,1,cyclic,1024,1,0,0.124086,20842
caas-2node,mpi,10000000,32,1,cyclic,1024,1,1,0.062997,20728
caas-2node,mpi,10000000,32,1,cyclic,1024,1,2,0.062970,20733
caas-2node,mpi,10000000,32,1,cyclic,1024,1,3,0.063878,20747
caas-2node,mpi,10000000,32,1,cyclic,1024,1,4,0.063089,20775
caas-2node,mpi,10000000,32,1,cyclic,1024,1,5,0.063207,20781
caas-2node,mpi,10000000,32,1,cyclic,1024,1,6,0.063356,20794
caas-2node,mpi,10000000,32,1,cyclic,1024,1,7,0.064124,20729
caas-2node,mpi,10000000,32,1,cyclic,1024,1,8,0.123799,20728
caas-2node,mpi,10000000,32,1,cyclic,1024,1,9,0.063584,20830
caas-2node,mpi,10000000,32,1,cyclic,1024,1,10,0.063340,20849
caas-2node,mpi,10000000,32,1,cyclic,1024,1,11,0.063689,20784
caas-2node,mpi,10000000,32,1,cyclic,1024,1,12,0.063927,20802
caas-2node,mpi,10000000,32,1,cyclic,1024,1,13,0.063980,20793
caas-2node,mpi,10000000,32,1,cyclic,1024,1,14,0.063087,20767
caas-2node,mpi,10000000,32,1,cyclic,1024,1,15,0.063083,20757
caas-2node,mpi,10000000,32,1,cyclic,1024,1,16,0.063001,20741
caas-2node,mpi,10000000,32,1,cyclic,1024,1,17,0.063030,20732
caas-2node,mpi,10000000,32,1,cyclic,1024,1,18,0.063536,20727
caas-2node,mpi,10000000,32,1,cyclic,1024,1,19,0.063209,20740
caas-2node,mpi,10000000,32,1,cyclic,1024,1,20,0.075592,20784
caas-2node,mpi,10000000,32,1,cyclic,1024,1,21,0.064517,20838
caas-2node,mpi,10000000,32,1,cyclic,1024,1,22,0.063045,20786
caas-2node,mpi,10000000,32,1,cyclic,1024,1,23,0.075928,20785
caas-2node,mpi,10000000,32,1,cyclic,1024,1,24,0.063071,20729
caas-2node,mpi,10000000,32,1,cyclic,1024,1,25,0.063695,20775
caas-2node,mpi,10000000,32,1,cyclic,1024,1,26,0.063091,20808
caas-2node,mpi,10000000,32,1,cyclic,1024,1,27,0.066952,20738
caas-2node,mpi,10000000,32,1,cyclic,1024,1,28,0.063897,20761
caas-2node,mpi,10000000,32,1,cyclic,1024,1,29,0.062985,20727
caas-2node,mpi,10000000,32,1,cyclic,1024,1,30,0.066795,20773
caas-2node,mpi,10000000,32,1,cyclic,1024,1,31,0.062977,20696
caas-2node,mpi,10000000,32,1,cyclic,1024,2,0,0.115978,20842
caas-2node,mpi,10000000,32,1,cyclic,1024,2,1,0.062931,20728
caas-2node,mpi,10000000,32,1,cyclic,1024,2,2,0.063025,20733
caas-2node,mpi,10000000,32,1,cyclic,1024,2,3,0.063068,20747
caas-2node,mpi,10000000,32,1,cyclic,1024,2,4,0.063210,20775
caas-2node,mpi,10000000,32,1,cyclic,1024,2,5,0.063211,20781
caas-2node,mpi,10000000,32,1,cyclic,1024,2,6,0.063171,20794
caas-2node,mpi,10000000,32,1,cyclic,1024,2,7,0.063112,20729
caas-2node,mpi,10000000,32,1,cyclic,1024,2,8,0.063002,20728
caas-2node,mpi,10000000,32,1,cyclic,1024,2,9,0.063145,20830
caas-2node,mpi,10000000,32,1,cyclic,1024,2,10,0.063131,20849
caas-2node,mpi,10000000,32,1,cyclic,1024,2,11,0.063193,20784
caas-2node,mpi,10000000,32,1,cyclic,1024,2,12,0.063009,20802
caas-2node,mpi,10000000,32,1,cyclic,1024,2,13,0.063096,20793
caas-2node,mpi,10000000,32,1,cyclic,1024,2,14,0.063076,20767
caas-2node,mpi,10000000,32,1,cyclic,1024,2,15,0.063072,20757
caas-2node,mpi,10000000,32,1,cyclic,1024,2,16,0.063046,20741
caas-2node,mpi,10000000,32,1,cyclic,1024,2,17,0.063054,20732
caas-2node,mpi,10000000,32,1,cyclic,1024,2,18,0.063049,20727
caas-2node,mpi,10000000,32,1,cyclic,1024,2,19,0.063232,20740
caas-2node,mpi,10000000,32,1,cyclic,1024,2,20,0.063126,20784
caas-2node,mpi,10000000,32,1,cyclic,1024,2,21,0.063312,20838
caas-2node,mpi,10000000,32,1,cyclic,1024,2,22,0.063103,20786
caas-2node,mpi,10000000,32,1,cyclic,1024,2,23,0.063143,20785
caas-2node,mpi,10000000,32,1,cyclic,1024,2,24,0.063166,20729
caas-2node,mpi,10000000,32,1,cyclic,1024,2,25,0.063043,20775
caas-2node,mpi,10000000,32,1,cyclic,1024,2,26,0.063359,20808
caas-2node,mpi,10000000,32,1,cyclic,1024,2,27,0.063036,20738
caas-2node,mpi,10000000,32,1,cyclic,1024,2,28,0.063084,20761
caas-2node,mpi,10000000,32,1,cyclic,1024,2,29,0.063020,20727
caas-2node,mpi,10000000,32,1,cyclic,1024,2,30,0.063049,20773
caas-2node,mpi,10000000,32,1,cyclic,1024,2,31,0.062999,20696
caas-2node,mpi,10000000,32,1,cyclic,1024,3,0,0.063180,20842
caas-2node,mpi,10000000,32,1,cyclic,1024,3,1,0.062906,20728
caas-2node,mpi,10000000,32,1,cyclic,1024,3,2,0.062909,20733
caas-2node,mpi,10000000,32,1,cyclic,1024,3,3,0.063075,20747
caas-2node,mpi,10000000,32,1,cyclic,1024,3,4,0.068602,20775
caas-2node,mpi,10000000,32,1,cyclic,1024,3,5,0.063114,20781
caas-2node,mpi,10000000,32,1,cyclic,1024,3,6,0.063118,20794
caas-2node,mpi,10000000,32,1,cyclic,1024,3,7,0.063040,20729
caas-2node,mpi,10000000,32,1,cyclic,1024,3,8,0.069016,20728
caas-2node,mpi,10000000,32,1,cyclic,1024,3,9,0.094009,20830
caas-2node,mpi,10000000,32,1,cyclic,1024,3,10,0.124224,20849
caas-2node,mpi,10000000,32,1,cyclic,1024,3,11,0.063124,20784
caas-2node,mpi,10000000,32,1,cyclic,1024,3,12,0.123028,20802
caas-2node,mpi,10000000,32,1,cyclic,1024,3,13,0.063054,20793
caas-2node,mpi,10000000,32,1,cyclic,1024,3,14,0.068394,20767
caas-2node,mpi,10000000,32,1,cyclic,1024,3,15,0.063121,20757
caas-2node,mpi,10000000,32,1,cyclic,1024,3,16,0.063051,20741
caas-2node,mpi,10000000,32,1,cyclic,1024,3,17,0.063012,20732
caas-2node,mpi,10000000,32,1,cyclic,1024,3,18,0.062991,20727
caas-2node,mpi,10000000,32,1,cyclic,1024,3,19,0.063103,20740
caas-2node,mpi,10000000,32,1,cyclic,1024,3,20,0.063102,20784
caas-2node,mpi,10000000,32,1,cyclic,1024,3,21,0.063112,20838
caas-2node,mpi,10000000,32,1,cyclic,1024,3,22,0.062969,20786
caas-2node,mpi,10000000,32,1,cyclic,1024,3,23,0.063080,20785
caas-2node,mpi,10000000,32,1,cyclic,1024,3,24,0.062955,20729
caas-2node,mpi,10000000,32,1,cyclic,1024,3,25,0.063050,20775
caas-2node,mpi,10000000,32,1,cyclic,1024,3,26,0.063132,20808
caas-2node,mpi,10000000,32,1,cyclic,1024,3,27,0.063091,20738
caas-2node,mpi,10000000,32,1,cyclic,1024,3,28,0.063043,20761
caas-2node,mpi,10000000,32,1,cyclic,1024,3,29,0.063033,20727
caas-2node,mpi,10000000,32,1,cyclic,1024,3,30,0.063080,20773
caas-2node,mpi,10000000,32,1,cyclic,1024,3,31,0.062890,20696
caas-2node,mpi,10000000,32,1,blockcyclic,1024,1,0,0.062960,20994
caas-2node,mpi,10000000,32,1,blockcyclic,1024,1,1,0.062903,20731
caas-2node,mpi,10000000,32,1,blockcyclic,1024,1,2,0.122739,20996
caas-2node,mpi,10000000,32,1,blockcyclic,1024,1,3,0.062928,20831
caas-2node,mpi,10000000,32,1,blockcyclic,1024,1,4,0.122901,20932
caas-2node,mpi,10000000,32,1,blockcyclic,1024,1,5,0.062958,20875
caas-2node,mpi,10000000,32,1,blockcyclic,1024,1,6,0.063136,20802
caas-2node,mpi,10000000,32,1,blockcyclic,1024,1,7,0.063212,20860
caas-2node,mpi,10000000,32,1,blockcyclic,1024,1,8,0.063077,20870
caas-2node,mpi,10000000,32,1,blockcyclic,1024,1,9,0.063054,20712
caas-2node,mpi,10000000,32,1,blockcyclic,1024,1,10,0.063261,20860
caas-2node,mpi,10000000,32,1,blockcyclic,1024,1,11,0.063391,20903
caas-2node,mpi,10000000,32,1,blockcyclic,1024,1,12,0.062969,20790
caas-2node,mpi,10000000,32,1,blockcyclic,1024,1,13,0.063511,20962
caas-2node,mpi,10000000,32,1,blockcyclic,1024,1,14,0.063301,20813
caas-2node,mpi,10000000,32,1,blockcyclic,1024,1,15,0.063368,20852
caas-2node,mpi,10000000,32,1,blockcyclic,1024,1,16,0.062976,20675
caas-2node,mpi,10000000,32,1,blockcyclic,1024,1,17,0.063274,20745
caas-2node,mpi,10000000,32,1,blockcyclic,1024,1,18,0.063158,20722
caas-2node,mpi,10000000,32,1,blockcyclic,1024,1,19,0.062859,20718
caas-2node,mpi,10000000,32,1,blockcyclic,1024,1,20,0.062757,20727
caas-2node,mpi,10000000,32,1,blockcyclic,1024,1,21,0.062801,20625
caas-2node,mpi,10000000,32,1,blockcyclic,1024,1,22,0.062968,20736
caas-2node,mpi,10000000,32,1,blockcyclic,1024,1,23,0.063125,20779
caas-2node,mpi,10000000,32,1,blockcyclic,1024,1,24,0.062535,20453
caas-2node,mpi,10000000,32,1,blockcyclic,1024,1,25,0.062835,20641
caas-2node,mpi,10000000,32,1,blockcyclic,1024,1,26,0.063115,20667
caas-2node,mpi,10000000,32,1,blockcyclic,1024,1,27,0.062828,20613
caas-2node,mpi,10000000,32,1,blockcyclic,1024,1,28,0.063041,20642
caas-2node,mpi,10000000,32,1,blockcyclic,1024,1,29,0.063120,20721
caas-2node,mpi,10000000,32,1,blockcyclic,1024,1,30,0.063254,20770
caas-2node,mpi,10000000,32,1,blockcyclic,1024,1,31,0.062635,20562
caas-2node,mpi,10000000,32,1,blockcyclic,1024,2,0,0.062985,20994
caas-2node,mpi,10000000,32,1,blockcyclic,1024,2,1,0.062899,20731
caas-2node,mpi,10000000,32,1,blockcyclic,1024,2,2,0.063172,20996
caas-2node,mpi,10000000,32,1,blockcyclic,1024,2,3,0.063015,20831
caas-2node,mpi,10000000,32,1,blockcyclic,1024,2,4,0.063322,20932
caas-2node,mpi,10000000,32,1,blockcyclic,1024,2,5,0.063028,20875
caas-2node,mpi,10000000,32,1,blockcyclic,1024,2,6,0.124283,20802
caas-2node,mpi,10000000,32,1,blockcyclic,1024,2,7,0.063223,20860
caas-2node,mpi,10000000,32,1,blockcyclic,1024,2,8,0.063091,20870
caas-2node,mpi,10000000,32,1,blockcyclic,1024,2,9,0.062940,20712
caas-2node,mpi,10000000,32,1,blockcyclic,1024,2,10,0.063211,20860
caas-2node,mpi,10000000,32,1,blockcyclic,1024,2,11,0.063436,20903
caas-2node,mpi,10000000,32,1,blockcyclic,1024,2,12,0.063036,20790
caas-2node,mpi,10000000,32,1,blockcyclic,1024,2,13,0.063488,20962
caas-2node,mpi,10000000,32,1,blockcyclic,1024,2,14,0.124109,20813
caas-2node,mpi,10000000,32,1,blockcyclic,1024,2,15,0.063323,20852
caas-2node,mpi,10000000,32,1,blockcyclic,1024,2,16,0.063037,20675
caas-2node,mpi,10000000,32,1,blockcyclic,1024,2,17,0.063221,20745
caas-2node,mpi,10000000,32,1,blockcyclic,1024,2,18,0.063008,20722
caas-2node,mpi,10000000,32,1,blockcyclic,1024,2,19,0.062844,20718
caas-2node,mpi,10000000,32,1,blockcyclic,1024,2,20,0.062810,20727
caas-2node,mpi,10000000,32,1,blockcyclic,1024,2,21,0.062868,20625
caas-2node,mpi,10000000,32,1,blockcyclic,1024,2,22,0.062844,20736
caas-2node,mpi,10000000,32,1,blockcyclic,1024,2,23,0.062974,20779
caas-2node,mpi,10000000,32,1,blockcyclic,1024,2,24,0.062509,20453
caas-2node,mpi,10000000,32,1,blockcyclic,1024,2,25,0.062748,20641
caas-2node,mpi,10000000,32,1,blockcyclic,1024,2,26,0.062866,20667
caas-2node,mpi,10000000,32,1,blockcyclic,1024,2,27,0.062712,20613
caas-2node,mpi,10000000,32,1,blockcyclic,1024,2,28,0.063059,20642
caas-2node,mpi,10000000,32,1,blockcyclic,1024,2,29,0.063054,20721
caas-2node,mpi,10000000,32,1,blockcyclic,1024,2,30,0.063263,20770
caas-2node,mpi,10000000,32,1,blockcyclic,1024,2,31,0.062672,20562
caas-2node,mpi,10000000,32,1,blockcyclic,1024,3,0,0.063061,20994
caas-2node,mpi,10000000,32,1,blockcyclic,1024,3,1,0.062924,20731
caas-2node,mpi,10000000,32,1,blockcyclic,1024,3,2,0.063226,20996
caas-2node,mpi,10000000,32,1,blockcyclic,1024,3,3,0.124030,20831
caas-2node,mpi,10000000,32,1,blockcyclic,1024,3,4,0.063450,20932
caas-2node,mpi,10000000,32,1,blockcyclic,1024,3,5,0.062983,20875
caas-2node,mpi,10000000,32,1,blockcyclic,1024,3,6,0.063088,20802
caas-2node,mpi,10000000,32,1,blockcyclic,1024,3,7,0.063279,20860
caas-2node,mpi,10000000,32,1,blockcyclic,1024,3,8,0.062994,20870
caas-2node,mpi,10000000,32,1,blockcyclic,1024,3,9,0.062928,20712
caas-2node,mpi,10000000,32,1,blockcyclic,1024,3,10,0.063150,20860
caas-2node,mpi,10000000,32,1,blockcyclic,1024,3,11,0.063402,20903
caas-2node,mpi,10000000,32,1,blockcyclic,1024,3,12,0.124041,20790
caas-2node,mpi,10000000,32,1,blockcyclic,1024,3,13,0.063643,20962
caas-2node,mpi,10000000,32,1,blockcyclic,1024,3,14,0.063250,20813
caas-2node,mpi,10000000,32,1,blockcyclic,1024,3,15,0.063457,20852
caas-2node,mpi,10000000,32,1,blockcyclic,1024,3,16,0.063190,20675
caas-2node,mpi,10000000,32,1,blockcyclic,1024,3,17,0.067761,20745
caas-2node,mpi,10000000,32,1,blockcyclic,1024,3,18,0.063119,20722
caas-2node,mpi,10000000,32,1,blockcyclic,1024,3,19,0.063661,20718
caas-2node,mpi,10000000,32,1,blockcyclic,1024,3,20,0.063560,20727
caas-2node,mpi,10000000,32,1,blockcyclic,1024,3,21,0.062851,20625
caas-2node,mpi,10000000,32,1,blockcyclic,1024,3,22,0.062927,20736
caas-2node,mpi,10000000,32,1,blockcyclic,1024,3,23,0.096230,20779
caas-2node,mpi,10000000,32,1,blockcyclic,1024,3,24,0.063298,20453
caas-2node,mpi,10000000,32,1,blockcyclic,1024,3,25,0.062724,20641
caas-2node,mpi,10000000,32,1,blockcyclic,1024,3,26,0.063172,20667
caas-2node,mpi,10000000,32,1,blockcyclic,1024,3,27,0.063389,20613
caas-2node,mpi,10000000,32,1,blockcyclic,1024,3,28,0.063889,20642
caas-2node,mpi,10000000,32,1,blockcyclic,1024,3,29,0.067080,20721
caas-2node,mpi,10000000,32,1,blockcyclic,1024,3,30,0.096925,20770
caas-2node,mpi,10000000,32,1,blockcyclic,1024,3,31,0.062598,20562
caas-2node,mpi,10000000,32,1,wblock,1024,1,0,0.139690,77934
caas-2node,mpi,10000000,32,1,wblock,1024,1,1,0.071317,41474
caas-2node,mpi,10000000,32,1,wblock,1024,1,2,0.068768,33920
caas-2node,mpi,10000000,32,1,wblock,1024,1,3,0.067479,29744
caas-2node,mpi,10000000,32,1,wblock,1024,1,4,0.066544,27107
caas-2node,mpi,10000000,32,1,wblock,1024,1,5,0.065745,25128
caas-2node,mpi,10000000,32,1,wblock,1024,1,6,0.065010,23499
caas-2node,mpi,10000000,32,1,wblock,1024,1,7,0.124520,22293
caas-2node,mpi,10000000,32,1,wblock,1024,1,8,0.063884,21254
caas-2node,mpi,10000000,32,1,wblock,1024,1,9,0.063566,20418
caas-2node,mpi,10000000,32,1,wblock,1024,1,10,0.063387,19689
caas-2node,mpi,10000000,32,1,wblock,1024,1,11,0.062994,18962
caas-2node,mpi,10000000,32,1,wblock,1024,1,12,0.062619,18419
caas-2node,mpi,10000000,32,1,wblock,1024,1,13,0.062273,17810
caas-2node,mpi,10000000,32,1,wblock,1024,1,14,0.062213,17418
caas-2node,mpi,10000000,32,1,wblock,1024,1,15,0.061935,16977
caas-2node,mpi,10000000,32,1,wblock,1024,1,16,0.061478,16502
caas-2node,mpi,10000000,32,1,wblock,1024,1,17,0.061520,16240
caas-2node,mpi,10000000,32,1,wblock,1024,1,18,0.061488,15955
caas-2node,mpi,10000000,32,1,wblock,1024,1,19,0.061107,15555
caas-2node,mpi,10000000,32,1,wblock,1024,1,20,0.060941,15231
caas-2node,mpi,10000000,32,1,wblock,1024,1,21,0.060692,14966
caas-2node,mpi,10000000,32,1,wblock,1024,1,22,0.060822,14778
caas-2node,mpi,10000000,32,1,wblock,1024,1,23,0.060413,14505
caas-2node,mpi,10000000,32,1,wblock,1024,1,24,0.060335,14237
caas-2node,mpi,10000000,32,1,wblock,1024,1,25,0.060449,14164
caas-2node,mpi,10000000,32,1,wblock,1024,1,26,0.060203,13882
caas-2node,mpi,10000000,32,1,wblock,1024,1,27,0.059810,13622
caas-2node,mpi,10000000,32,1,wblock,1024,1,28,0.059990,13543
caas-2node,mpi,10000000,32,1,wblock,1024,1,29,0.059672,13273
caas-2node,mpi,10000000,32,1,wblock,1024,1,30,0.059633,13170
caas-2node,mpi,10000000,32,1,wblock,1024,1,31,0.059318,12910
caas-2node,mpi,10000000,32,1,wblock,1024,2,0,0.142881,77934
caas-2node,mpi,10000000,32,1,wblock,1024,2,1,0.071143,41474
caas-2node,mpi,10000000,32,1,wblock,1024,2,2,0.068824,33920
caas-2node,mpi,10000000,32,1,wblock,1024,2,3,0.130506,29744
caas-2node,mpi,10000000,32,1,wblock,1024,2,4,0.066416,27107
caas-2node,mpi,10000000,32,1,wblock,1024,2,5,0.065799,25128
caas-2node,mpi,10000000,32,1,wblock,1024,2,6,0.064903,23499
caas-2node,mpi,10000000,32,1,wblock,1024,2,7,0.064315,22293
caas-2node,mpi,10000000,32,1,wblock,1024,2,8,0.063896,21254
caas-2node,mpi,10000000,32,1,wblock,1024,2,9,0.063540,20418
caas-2node,mpi,10000000,32,1,wblock,1024,2,10,0.063359,19689
caas-2node,mpi,10000000,32,1,wblock,1024,2,11,0.062963,18962
caas-2node,mpi,10000000,32,1,wblock,1024,2,12,0.062579,18419
caas-2node,mpi,10000000,32,1,wblock,1024,2,13,0.062370,17810
caas-2node,mpi,10000000,32,1,wblock,1024,2,14,0.062174,17418
caas-2node,mpi,10000000,32,1,wblock,1024,2,15,0.062031,16977
caas-2node,mpi,10000000,32,1,wblock,1024,2,16,0.061500,16502
caas-2node,mpi,10000000,32,1,wblock,1024,2,17,0.061478,16240
caas-2node,mpi,10000000,32,1,wblock,1024,2,18,0.061424,15955
caas-2node,mpi,10000000,32,1,wblock,1024,2,19,0.061048,15555
caas-2node,mpi,10000000,32,1,wblock,1024,2,20,0.060781,15231
caas-2node,mpi,10000000,32,1,wblock,1024,2,21,0.060573,14966
caas-2node,mpi,10000000,32,1,wblock,1024,2,22,0.078918,14778
caas-2node,mpi,10000000,32,1,wblock,1024,2,23,0.060419,14505
caas-2node,mpi,10000000,32,1,wblock,1024,2,24,0.060265,14237
caas-2node,mpi,10000000,32,1,wblock,1024,2,25,0.060609,14164
caas-2node,mpi,10000000,32,1,wblock,1024,2,26,0.060027,13882
caas-2node,mpi,10000000,32,1,wblock,1024,2,27,0.059797,13622
caas-2node,mpi,10000000,32,1,wblock,1024,2,28,0.059856,13543
caas-2node,mpi,10000000,32,1,wblock,1024,2,29,0.059627,13273
caas-2node,mpi,10000000,32,1,wblock,1024,2,30,0.078153,13170
caas-2node,mpi,10000000,32,1,wblock,1024,2,31,0.059273,12910
caas-2node,mpi,10000000,32,1,wblock,1024,3,0,0.078383,77934
caas-2node,mpi,10000000,32,1,wblock,1024,3,1,0.071150,41474
caas-2node,mpi,10000000,32,1,wblock,1024,3,2,0.068826,33920
caas-2node,mpi,10000000,32,1,wblock,1024,3,3,0.067398,29744
caas-2node,mpi,10000000,32,1,wblock,1024,3,4,0.066477,27107
caas-2node,mpi,10000000,32,1,wblock,1024,3,5,0.065802,25128
caas-2node,mpi,10000000,32,1,wblock,1024,3,6,0.064941,23499
caas-2node,mpi,10000000,32,1,wblock,1024,3,7,0.064383,22293
caas-2node,mpi,10000000,32,1,wblock,1024,3,8,0.063911,21254
caas-2node,mpi,10000000,32,1,wblock,1024,3,9,0.063568,20418
caas-2node,mpi,10000000,32,1,wblock,1024,3,10,0.063404,19689
caas-2node,mpi,10000000,32,1,wblock,1024,3,11,0.062933,18962
caas-2node,mpi,10000000,32,1,wblock,1024,3,12,0.122764,18419
caas-2node,mpi,10000000,32,1,wblock,1024,3,13,0.062192,17810
caas-2node,mpi,10000000,32,1,wblock,1024,3,14,0.062159,17418
caas-2node,mpi,10000000,32,1,wblock,1024,3,15,0.122167,16977
caas-2node,mpi,10000000,32,1,wblock,1024,3,16,0.061776,16502
caas-2node,mpi,10000000,32,1,wblock,1024,3,17,0.061605,16240
caas-2node,mpi,10000000,32,1,wblock,1024,3,18,0.061507,15955
caas-2node,mpi,10000000,32,1,wblock,1024,3,19,0.061038,15555
caas-2node,mpi,10000000,32,1,wblock,1024,3,20,0.060953,15231
caas-2node,mpi,10000000,32,1,wblock,1024,3,21,0.060736,14966
caas-2node,mpi,10000000,32,1,wblock,1024,3,22,0.060806,14778
caas-2node,mpi,10000000,32,1,wblock,1024,3,23,0.060444,14505
caas-2node,mpi,10000000,32,1,wblock,1024,3,24,0.060181,14237
caas-2node,mpi,10000000,32,1,wblock,1024,3,25,0.060435,14164
caas-2node,mpi,10000000,32,1,wblock,1024,3,26,0.060030,13882
caas-2node,mpi,10000000,32,1,wblock,1024,3,27,0.059813,13622
caas-2node,mpi,10000000,32,1,wblock,1024,3,28,0.060165,13543
caas-2node,mpi,10000000,32,1,wblock,1024,3,29,0.059762,13273
caas-2node,mpi,10000000,32,1,wblock,1024,3,30,0.059628,13170
caas-2node,mpi,10000000,32,1,wblock,1024,3,31,0.059680,12910
caas-2node,mpi,14000000,32,1,block,1024,1,0,0.025191,36756
caas-2node,mpi,14000000,32,1,block,1024,1,1,0.040711,32692
caas-2node,mpi,14000000,32,1,block,1024,1,2,0.050064,31461
caas-2node,mpi,14000000,32,1,block,1024,1,3,0.057332,30699
caas-2node,mpi,14000000,32,1,block,1024,1,4,0.063727,30214
caas-2node,mpi,14000000,32,1,block,1024,1,5,0.135542,29735
caas-2node,mpi,14000000,32,1,block,1024,1,6,0.073894,29414
caas-2node,mpi,14000000,32,1,block,1024,1,7,0.078502,29179
caas-2node,mpi,14000000,32,1,block,1024,1,8,0.149231,28930
caas-2node,mpi,14000000,32,1,block,1024,1,9,0.086413,28647
caas-2node,mpi,14000000,32,1,block,1024,1,10,0.090111,28532
caas-2node,mpi,14000000,32,1,block,1024,1,11,0.093766,28426
caas-2node,mpi,14000000,32,1,block,1024,1,12,0.096825,28090
caas-2node,mpi,14000000,32,1,block,1024,1,13,0.100037,28075
caas-2node,mpi,14000000,32,1,block,1024,1,14,0.103170,27913
caas-2node,mpi,14000000,32,1,block,1024,1,15,0.106089,27885
caas-2node,mpi,14000000,32,1,block,1024,1,16,0.109019,27686
caas-2node,mpi,14000000,32,1,block,1024,1,17,0.111466,27586
caas-2node,mpi,14000000,32,1,block,1024,1,18,0.114079,27478
caas-2node,mpi,14000000,32,1,block,1024,1,19,0.116682,27452
caas-2node,mpi,14000000,32,1,block,1024,1,20,0.118993,27287
caas-2node,mpi,14000000,32,1,block,1024,1,21,0.121620,27265
caas-2node,mpi,14000000,32,1,block,1024,1,22,0.123849,27096
caas-2node,mpi,14000000,32,1,block,1024,1,23,0.126183,27111
caas-2node,mpi,14000000,32,1,block,1024,1,24,0.128565,27058
caas-2node,mpi,14000000,32,1,block,1024,1,25,0.130570,26934
caas-2node,mpi,14000000,32,1,block,1024,1,26,0.132932,26935
caas-2node,mpi,14000000,32,1,block,1024,1,27,0.134977,26822
caas-2node,mpi,14000000,32,1,block,1024,1,28,0.136888,26802
caas-2node,mpi,14000000,32,1,block,1024,1,29,0.138625,26644
caas-2node,mpi,14000000,32,1,block,1024,1,30,0.140709,26615
caas-2node,mpi,14000000,32,1,block,1024,1,31,0.142961,26658
caas-2node,mpi,14000000,32,1,block,1024,2,0,0.042795,36756
caas-2node,mpi,14000000,32,1,block,1024,2,1,0.040702,32692
caas-2node,mpi,14000000,32,1,block,1024,2,2,0.050081,31461
caas-2node,mpi,14000000,32,1,block,1024,2,3,0.057391,30699
caas-2node,mpi,14000000,32,1,block,1024,2,4,0.063704,30214
caas-2node,mpi,14000000,32,1,block,1024,2,5,0.069000,29735
caas-2node,mpi,14000000,32,1,block,1024,2,6,0.074001,29414
caas-2node,mpi,14000000,32,1,block,1024,2,7,0.078441,29179
caas-2node,mpi,14000000,32,1,block,1024,2,8,0.082581,28930
caas-2node,mpi,14000000,32,1,block,1024,2,9,0.086372,28647
caas-2node,mpi,14000000,32,1,block,1024,2,10,0.090146,28532
caas-2node,mpi,14000000,32,1,block,1024,2,11,0.111381,28426
caas-2node,mpi,14000000,32,1,block,1024,2,12,0.100380,28090
caas-2node,mpi,14000000,32,1,block,1024,2,13,0.103928,28075
caas-2node,mpi,14000000,32,1,block,1024,2,14,0.103212,27913
caas-2node,mpi,14000000,32,1,block,1024,2,15,0.106083,27885
caas-2node,mpi,14000000,32,1,block,1024,2,16,0.109106,27686
caas-2node,mpi,14000000,32,1,block,1024,2,17,0.111466,27586
caas-2node,mpi,14000000,32,1,block,1024,2,18,0.114403,27478
caas-2node,mpi,14000000,32,1,block,1024,2,19,0.116856,27452
caas-2node,mpi,14000000,32,1,block,1024,2,20,0.119225,27287
caas-2node,mpi,14000000,32,1,block,1024,2,21,0.121683,27265
caas-2node,mpi,14000000,32,1,block,1024,2,22,0.123818,27096
caas-2node,mpi,14000000,32,1,block,1024,2,23,0.126220,27111
caas-2node,mpi,14000000,32,1,block,1024,2,24,0.128612,27058
caas-2node,mpi,14000000,32,1,block,1024,2,25,0.130785,26934
caas-2node,mpi,14000000,32,1,block,1024,2,26,0.133070,26935
caas-2node,mpi,14000000,32,1,block,1024,2,27,0.134788,26822
caas-2node,mpi,14000000,32,1,block,1024,2,28,0.137065,26802
caas-2node,mpi,14000000,32,1,block,1024,2,29,0.139079,26644
caas-2node,mpi,14000000,32,1,block,1024,2,30,0.140723,26615
caas-2node,mpi,14000000,32,1,block,1024,2,31,0.143082,26658
caas-2node,mpi,14000000,32,1,block,1024,3,0,0.025168,36756
caas-2node,mpi,14000000,32,1,block,1024,3,1,0.040819,32692
caas-2node,mpi,14000000,32,1,block,1024,3,2,0.050076,31461
caas-2node,mpi,14000000,32,1,block,1024,3,3,0.057377,30699
caas-2node,mpi,14000000,32,1,block,1024,3,4,0.063666,30214
caas-2node,mpi,14000000,32,1,block,1024,3,5,0.069088,29735
caas-2node,mpi,14000000,32,1,block,1024,3,6,0.073940,29414
caas-2node,mpi,14000000,32,1,block,1024,3,7,0.078440,29179
caas-2node,mpi,14000000,32,1,block,1024,3,8,0.082600,28930
caas-2node,mpi,14000000,32,1,block,1024,3,9,0.086408,28647
caas-2node,mpi,14000000,32,1,block,1024,3,10,0.090189,28532
caas-2node,mpi,14000000,32,1,block,1024,3,11,0.093939,28426
caas-2node,mpi,14000000,32,1,block,1024,3,12,0.188421,28090
caas-2node,mpi,14000000,32,1,block,1024,3,13,0.100096,28075
caas-2node,mpi,14000000,32,1,block,1024,3,14,0.103003,27913
caas-2node,mpi,14000000,32,1,block,1024,3,15,0.197906,27885
caas-2node,mpi,14000000,32,1,block,1024,3,16,0.108952,27686
caas-2node,mpi,14000000,32,1,block,1024,3,17,0.111510,27586
caas-2node,mpi,14000000,32,1,block,1024,3,18,0.114098,27478
caas-2node,mpi,14000000,32,1,block,1024,3,19,0.116778,27452
caas-2node,mpi,14000000,32,1,block,1024,3,20,0.119329,27287
caas-2node,mpi,14000000,32,1,block,1024,3,21,0.121620,27265
caas-2node,mpi,14000000,32,1,block,1024,3,22,0.123799,27096
caas-2node,mpi,14000000,32,1,block,1024,3,23,0.126210,27111
caas-2node,mpi,14000000,32,1,block,1024,3,24,0.128625,27058
caas-2node,mpi,14000000,32,1,block,1024,3,25,0.130558,26934
caas-2node,mpi,14000000,32,1,block,1024,3,26,0.132946,26935
caas-2node,mpi,14000000,32,1,block,1024,3,27,0.134783,26822
caas-2node,mpi,14000000,32,1,block,1024,3,28,0.137167,26802
caas-2node,mpi,14000000,32,1,block,1024,3,29,0.138654,26644
caas-2node,mpi,14000000,32,1,block,1024,3,30,0.140698,26615
caas-2node,mpi,14000000,32,1,block,1024,3,31,0.143016,26658
caas-2node,mpi,14000000,32,1,cyclic,1024,1,0,0.101856,28558
caas-2node,mpi,14000000,32,1,cyclic,1024,1,1,0.101234,28383
caas-2node,mpi,14000000,32,1,cyclic,1024,1,2,0.101287,28384
caas-2node,mpi,14000000,32,1,cyclic,1024,1,3,0.101458,28404
caas-2node,mpi,14000000,32,1,cyclic,1024,1,4,0.101166,28344
caas-2node,mpi,14000000,32,1,cyclic,1024,1,5,0.101633,28491
caas-2node,mpi,14000000,32,1,cyclic,1024,1,6,0.101588,28477
caas-2node,mpi,14000000,32,1,cyclic,1024,1,7,0.200140,28404
caas-2node,mpi,14000000,32,1,cyclic,1024,1,8,0.101326,28390
caas-2node,mpi,14000000,32,1,cyclic,1024,1,9,0.101505,28510
caas-2node,mpi,14000000,32,1,cyclic,1024,1,10,0.101375,28453
caas-2node,mpi,14000000,32,1,cyclic,1024,1,11,0.101818,28442
caas-2node,mpi,14000000,32,1,cyclic,1024,1,12,0.101381,28482
caas-2node,mpi,14000000,32,1,cyclic,1024,1,13,0.101600,28503
caas-2node,mpi,14000000,32,1,cyclic,1024,1,14,0.199891,28447
caas-2node,mpi,14000000,32,1,cyclic,1024,1,15,0.101598,28446
caas-2node,mpi,14000000,32,1,cyclic,1024,1,16,0.101505,28426
caas-2node,mpi,14000000,32,1,cyclic,1024,1,17,0.101465,28430
caas-2node,mpi,14000000,32,1,cyclic,1024,1,18,0.101648,28502
caas-2node,mpi,14000000,32,1,cyclic,1024,1,19,0.101593,28425
caas-2node,mpi,14000000,32,1,cyclic,1024,1,20,0.101582,28454
caas-2node,mpi,14000000,32,1,cyclic,1024,1,21,0.101831,28518
caas-2node,mpi,14000000,32,1,cyclic,1024,1,22,0.101560,28463
caas-2node,mpi,14000000,32,1,cyclic,1024,1,23,0.101472,28425
caas-2node,mpi,14000000,32,1,cyclic,1024,1,24,0.101365,28407
caas-2node,mpi,14000000,32,1,cyclic,1024,1,25,0.101650,28450
caas-2node,mpi,14000000,32,1,cyclic,1024,1,26,0.115344,28441
caas-2node,mpi,14000000,32,1,cyclic,1024,1,27,0.101565,28452
caas-2node,mpi,14000000,32,1,cyclic,1024,1,28,0.115493,28465
caas-2node,mpi,14000000,32,1,cyclic,1024,1,29,0.101362,28335
caas-2node,mpi,14000000,32,1,cyclic,1024,1,30,0.101380,28411
caas-2node,mpi,14000000,32,1,cyclic,1024,1,31,0.101377,28355
caas-2node,mpi,14000000,32,1,cyclic,1024,2,0,0.101698,28558
caas-2node,mpi,14000000,32,1,cyclic,1024,2,1,0.101266,28383
caas-2node,mpi,14000000,32,1,cyclic,1024,2,2,0.101304,28384
caas-2node,mpi,14000000,32,1,cyclic,1024,2,3,0.200124,28404
caas-2node,mpi,14000000,32,1,cyclic,1024,2,4,0.101109,28344
caas-2node,mpi,14000000,32,1,cyclic,1024,2,5,0.101743,28491
caas-2node,mpi,14000000,32,1,cyclic,1024,2,6,0.101640,28477
caas-2node,mpi,14000000,32,1,cyclic,1024,2,7,0.199986,28404
caas-2node,mpi,14000000,32,1,cyclic,1024,2,8,0.101379,28390
caas-2node,mpi,14000000,32,1,cyclic,1024,2,9,0.101541,28510
caas-2node,mpi,14000000,32,1,cyclic,1024,2,10,0.101482,28453
caas-2node,mpi,14000000,32,1,cyclic,1024,2,11,0.101649,28442
caas-2node,mpi,14000000,32,1,cyclic,1024,2,12,0.101516,28482
caas-2node,mpi,14000000,32,1,cyclic,1024,2,13,0.101587,28503
caas-2node,mpi,14000000,32,1,cyclic,1024,2,14,0.101526,28447
caas-2node,mpi,14000000,32,1,cyclic,1024,2,15,0.101615,28446
caas-2node,mpi,14000000,32,1,cyclic,1024,2,16,0.101511,28426
caas-2node,mpi,14000000,32,1,cyclic,1024,2,17,0.101626,28430
caas-2node,mpi,14000000,32,1,cyclic,1024,2,18,0.101708,28502
caas-2node,mpi,14000000,32,1,cyclic,1024,2,19,0.101733,28425
caas-2node,mpi,14000000,32,1,cyclic,1024,2,20,0.101604,28454
caas-2node,mpi,14000000,32,1,cyclic,1024,2,21,0.117006,28518
caas-2node,mpi,14000000,32,1,cyclic,1024,2,22,0.101491,28463
caas-2node,mpi,14000000,32,1,cyclic,1024,2,23,0.101436,28425
caas-2node,mpi,14000000,32,1,cyclic,1024,2,24,0.101378,28407
caas-2node,mpi,14000000,32,1,cyclic,1024,2,25,0.101727,28450
caas-2node,mpi,14000000,32,1,cyclic,1024,2,26,0.101475,28441
caas-2node,mpi,14000000,32,1,cyclic,1024,2,27,0.101599,28452
caas-2node,mpi,14000000,32,1,cyclic,1024,2,28,0.101569,28465
caas-2node,mpi,14000000,32,1,cyclic,1024,2,29,0.116830,28335
caas-2node,mpi,14000000,32,1,cyclic,1024,2,30,0.101281,28411
caas-2node,mpi,14000000,32,1,cyclic,1024,2,31,0.101466,28355
caas-2node,mpi,14000000,32,1,cyclic,1024,3,0,0.101761,28558
caas-2node,mpi,14000000,32,1,cyclic,1024,3,1,0.101242,28383
caas-2node,mpi,14000000,32,1,cyclic,1024,3,2,0.101338,28384
caas-2node,mpi,14000000,32,1,cyclic,1024,3,3,0.101384,28404
caas-2node,mpi,14000000,32,1,cyclic,1024,3,4,0.101065,28344
caas-2node,mpi,14000000,32,1,cyclic,1024,3,5,0.101558,28491
caas-2node,mpi,14000000,32,1,cyclic,1024,3,6,0.101580,28477
caas-2node,mpi,14000000,32,1,cyclic,1024,3,7,0.101476,28404
caas-2node,mpi,14000000,32,1,cyclic,1024,3,8,0.101285,28390
caas-2node,mpi,14000000,32,1,cyclic,1024,3,9,0.101562,28510
caas-2node,mpi,14000000,32,1,cyclic,1024,3,10,0.101374,28453
caas-2node,mpi,14000000,32,1,cyclic,1024,3,11,0.101517,28442
caas-2node,mpi,14000000,32,1,cyclic,1024,3,12,0.101445,28482
caas-2node,mpi,14000000,32,1,cyclic,1024,3,13,0.101584,28503
caas-2node,mpi,14000000,32,1,cyclic,1024,3,14,0.188410,28447
caas-2node,mpi,14000000,32,1,cyclic,1024,3,15,0.101522,28446
caas-2node,mpi,14000000,32,1,cyclic,1024,3,16,0.101664,28426
caas-2node,mpi,14000000,32,1,cyclic,1024,3,17,0.170276,28430
caas-2node,mpi,14000000,32,1,cyclic,1024,3,18,0.101903,28502
caas-2node,mpi,14000000,32,1,cyclic,1024,3,19,0.170775,28425
caas-2node,mpi,14000000,32,1,cyclic,1024,3,20,0.101651,28454
caas-2node,mpi,14000000,32,1,cyclic,1024,3,21,0.101846,28518
caas-2node,mpi,14000000,32,1,cyclic,1024,3,22,0.101616,28463
caas-2node,mpi,14000000,32,1,cyclic,1024,3,23,0.101606,28425
caas-2node,mpi,14000000,32,1,cyclic,1024,3,24,0.101582,28407
caas-2node,mpi,14000000,32,1,cyclic,1024,3,25,0.101770,28450
caas-2node,mpi,14000000,32,1,cyclic,1024,3,26,0.101561,28441
caas-2node,mpi,14000000,32,1,cyclic,1024,3,27,0.101980,28452
caas-2node,mpi,14000000,32,1,cyclic,1024,3,28,0.101851,28465
caas-2node,mpi,14000000,32,1,cyclic,1024,3,29,0.101417,28335
caas-2node,mpi,14000000,32,1,cyclic,1024,3,30,0.101531,28411
caas-2node,mpi,14000000,32,1,cyclic,1024,3,31,0.101739,28355
caas-2node,mpi,14000000,32,1,blockcyclic,1024,1,0,0.101151,28652
caas-2node,mpi,14000000,32,1,blockcyclic,1024,1,1,0.101491,28496
caas-2node,mpi,14000000,32,1,blockcyclic,1024,1,2,0.101458,28608
caas-2node,mpi,14000000,32,1,blockcyclic,1024,1,3,0.101242,28459
caas-2node,mpi,14000000,32,1,blockcyclic,1024,1,4,0.101575,28572
caas-2node,mpi,14000000,32,1,blockcyclic,1024,1,5,0.100960,28448
caas-2node,mpi,14000000,32,1,blockcyclic,1024,1,6,0.101621,28513
caas-2node,mpi,14000000,32,1,blockcyclic,1024,1,7,0.101501,28525
caas-2node,mpi,14000000,32,1,blockcyclic,1024,1,8,0.101459,28592
caas-2node,mpi,14000000,32,1,blockcyclic,1024,1,9,0.101629,28440
caas-2node,mpi,14000000,32,1,blockcyclic,1024,1,10,0.101462,28500
caas-2node,mpi,14000000,32,1,blockcyclic,1024,1,11,0.101953,28605
caas-2node,mpi,14000000,32,1,blockcyclic,1024,1,12,0.101961,28585
caas-2node,mpi,14000000,32,1,blockcyclic,1024,1,13,0.101628,28538
caas-2node,mpi,14000000,32,1,blockcyclic,1024,1,14,0.199669,28441
caas-2node,mpi,14000000,32,1,blockcyclic,1024,1,15,0.200142,28527
caas-2node,mpi,14000000,32,1,blockcyclic,1024,1,16,0.101505,28346
caas-2node,mpi,14000000,32,1,blockcyclic,1024,1,17,0.101729,28424
caas-2node,mpi,14000000,32,1,blockcyclic,1024,1,18,0.101509,28412
caas-2node,mpi,14000000,32,1,blockcyclic,1024,1,19,0.101408,28321
caas-2node,mpi,14000000,32,1,blockcyclic,1024,1,20,0.101282,28486
caas-2node,mpi,14000000,32,1,blockcyclic,1024,1,21,0.101723,28356
caas-2node,mpi,14000000,32,1,blockcyclic,1024,1,22,0.100739,28267
caas-2node,mpi,14000000,32,1,blockcyclic,1024,1,23,0.101614,28524
caas-2node,mpi,14000000,32,1,blockcyclic,1024,1,24,0.100897,28124
caas-2node,mpi,14000000,32,1,blockcyclic,1024,1,25,0.101163,28263
caas-2node,mpi,14000000,32,1,blockcyclic,1024,1,26,0.107969,28306
caas-2node,mpi,14000000,32,1,blockcyclic,1024,1,27,0.101504,28411
caas-2node,mpi,14000000,32,1,blockcyclic,1024,1,28,0.100979,28265
caas-2node,mpi,14000000,32,1,blockcyclic,1024,1,29,0.101651,28359
caas-2node,mpi,14000000,32,1,blockcyclic,1024,1,30,0.108331,28459
caas-2node,mpi,14000000,32,1,blockcyclic,1024,1,31,0.101128,28253
caas-2node,mpi,14000000,32,1,blockcyclic,1024,2,0,0.101345,28652
caas-2node,mpi,14000000,32,1,blockcyclic,1024,2,1,0.101514,28496
caas-2node,mpi,14000000,32,1,blockcyclic,1024,2,2,0.101623,28608
caas-2node,mpi,14000000,32,1,blockcyclic,1024,2,3,0.101185,28459
caas-2node,mpi,14000000,32,1,blockcyclic,1024,2,4,0.101714,28572
caas-2node,mpi,14000000,32,1,blockcyclic,1024,2,5,0.100973,28448
caas-2node,mpi,14000000,32,1,blockcyclic,1024,2,6,0.101518,28513
caas-2node,mpi,14000000,32,1,blockcyclic,1024,2,7,0.101523,28525
caas-2node,mpi,14000000,32,1,blockcyclic,1024,2,8,0.101483,28592
caas-2node,mpi,14000000,32,1,blockcyclic,1024,2,9,0.101614,28440
caas-2node,mpi,14000000,32,1,blockcyclic,1024,2,10,0.101657,28500
caas-2node,mpi,14000000,32,1,blockcyclic,1024,2,11,0.101934,28605
caas-2node,mpi,14000000,32,1,blockcyclic,1024,2,12,0.189127,28585
caas-2node,mpi,14000000,32,1,blockcyclic,1024,2,13,0.101649,28538
caas-2node,mpi,14000000,32,1,blockcyclic,1024,2,14,0.101259,28441
caas-2node,mpi,14000000,32,1,blockcyclic,1024,2,15,0.101886,28527
caas-2node,mpi,14000000,32,1,blockcyclic,1024,2,16,0.101529,28346
caas-2node,mpi,14000000,32,1,blockcyclic,1024,2,17,0.101709,28424
caas-2node,mpi,14000000,32,1,blockcyclic,1024,2,18,0.101662,28412
caas-2node,mpi,14000000,32,1,blockcyclic,1024,2,19,0.101228,28321
caas-2node,mpi,14000000,32,1,blockcyclic,1024,2,20,0.101479,28486
caas-2node,mpi,14000000,32,1,blockcyclic,1024,2,21,0.101272,28356
caas-2node,mpi,14000000,32,1,blockcyclic,1024,2,22,0.100777,28267
caas-2node,mpi,14000000,32,1,blockcyclic,1024,2,23,0.101605,28524
caas-2node,mpi,14000000,32,1,blockcyclic,1024,2,24,0.100894,28124
caas-2node,mpi,14000000,32,1,blockcyclic,1024,2,25,0.101005,28263
caas-2node,mpi,14000000,32,1,blockcyclic,1024,2,26,0.101997,28306
caas-2node,mpi,14000000,32,1,blockcyclic,1024,2,27,0.101512,28411
caas-2node,mpi,14000000,32,1,blockcyclic,1024,2,28,0.101002,28265
caas-2node,mpi,14000000,32,1,blockcyclic,1024,2,29,0.101534,28359
caas-2node,mpi,14000000,32,1,blockcyclic,1024,2,30,0.101585,28459
caas-2node,mpi,14000000,32,1,blockcyclic,1024,2,31,0.101161,28253
caas-2node,mpi,14000000,32,1,blockcyclic,1024,3,0,0.101182,28652
caas-2node,mpi,14000000,32,1,blockcyclic,1024,3,1,0.101558,28496
caas-2node,mpi,14000000,32,1,blockcyclic,1024,3,2,0.156217,28608
caas-2node,mpi,14000000,32,1,blockcyclic,1024,3,3,0.101320,28459
caas-2node,mpi,14000000,32,1,blockcyclic,1024,3,4,0.101683,28572
caas-2node,mpi,14000000,32,1,blockcyclic,1024,3,5,0.100950,28448
caas-2node,mpi,14000000,32,1,blockcyclic,1024,3,6,0.101539,28513
caas-2node,mpi,14000000,32,1,blockcyclic,1024,3,7,0.101523,28525
caas-2node,mpi,14000000,32,1,blockcyclic,1024,3,8,0.101418,28592
caas-2node,mpi,14000000,32,1,blockcyclic,1024,3,9,0.156449,28440
caas-2node,mpi,14000000,32,1,blockcyclic,1024,3,10,0.101543,28500
caas-2node,mpi,14000000,32,1,blockcyclic,1024,3,11,0.102045,28605
caas-2node,mpi,14000000,32,1,blockcyclic,1024,3,12,0.101949,28585
caas-2node,mpi,14000000,32,1,blockcyclic,1024,3,13,0.101625,28538
caas-2node,mpi,14000000,32,1,blockcyclic,1024,3,14,0.101508,28441
caas-2node,mpi,14000000,32,1,blockcyclic,1024,3,15,0.102057,28527
caas-2node,mpi,14000000,32,1,blockcyclic,1024,3,16,0.101730,28346
caas-2node,mpi,14000000,32,1,blockcyclic,1024,3,17,0.101779,28424
caas-2node,mpi,14000000,32,1,blockcyclic,1024,3,18,0.102119,28412
caas-2node,mpi,14000000,32,1,blockcyclic,1024,3,19,0.101305,28321
caas-2node,mpi,14000000,32,1,blockcyclic,1024,3,20,0.101399,28486
caas-2node,mpi,14000000,32,1,blockcyclic,1024,3,21,0.101625,28356
caas-2node,mpi,14000000,32,1,blockcyclic,1024,3,22,0.100777,28267
caas-2node,mpi,14000000,32,1,blockcyclic,1024,3,23,0.102015,28524
caas-2node,mpi,14000000,32,1,blockcyclic,1024,3,24,0.100980,28124
caas-2node,mpi,14000000,32,1,blockcyclic,1024,3,25,0.101211,28263
caas-2node,mpi,14000000,32,1,blockcyclic,1024,3,26,0.101478,28306
caas-2node,mpi,14000000,32,1,blockcyclic,1024,3,27,0.101550,28411
caas-2node,mpi,14000000,32,1,blockcyclic,1024,3,28,0.101109,28265
caas-2node,mpi,14000000,32,1,blockcyclic,1024,3,29,0.101883,28359
caas-2node,mpi,14000000,32,1,blockcyclic,1024,3,30,0.101712,28459
caas-2node,mpi,14000000,32,1,blockcyclic,1024,3,31,0.101243,28253
caas-2node,mpi,14000000,32,1,wblock,1024,1,0,0.125626,106313
caas-2node,mpi,14000000,32,1,wblock,1024,1,1,0.114349,56690
caas-2node,mpi,14000000,32,1,wblock,1024,1,2,0.203297,46387
caas-2node,mpi,14000000,32,1,wblock,1024,1,3,0.108432,40760
caas-2node,mpi,14000000,32,1,wblock,1024,1,4,0.106698,37076
caas-2node,mpi,14000000,32,1,wblock,1024,1,5,0.105459,34327
caas-2node,mpi,14000000,32,1,wblock,1024,1,6,0.104501,32297
caas-2node,mpi,14000000,32,1,wblock,1024,1,7,0.103420,30500
caas-2node,mpi,14000000,32,1,wblock,1024,1,8,0.102867,29142
caas-2node,mpi,14000000,32,1,wblock,1024,1,9,0.102313,27889
caas-2node,mpi,14000000,32,1,wblock,1024,1,10,0.101826,26997
caas-2node,mpi,14000000,32,1,wblock,1024,1,11,0.101369,26038
caas-2node,mpi,14000000,32,1,wblock,1024,1,12,0.100821,25172
caas-2node,mpi,14000000,32,1,wblock,1024,1,13,0.100246,24485
caas-2node,mpi,14000000,32,1,wblock,1024,1,14,0.099704,23775
caas-2node,mpi,14000000,32,1,wblock,1024,1,15,0.099850,23355
caas-2node,mpi,14000000,32,1,wblock,1024,1,16,0.099034,22652
caas-2node,mpi,14000000,32,1,wblock,1024,1,17,0.098898,22209
caas-2node,mpi,14000000,32,1,wblock,1024,1,18,0.098669,21760
caas-2node,mpi,14000000,32,1,wblock,1024,1,19,0.098105,21264
caas-2node,mpi,14000000,32,1,wblock,1024,1,20,0.098517,21016
caas-2node,mpi,14000000,32,1,wblock,1024,1,21,0.110934,20581
caas-2node,mpi,14000000,32,1,wblock,1024,1,22,0.097528,20230
caas-2node,mpi,14000000,32,1,wblock,1024,1,23,0.097499,19883
caas-2node,mpi,14000000,32,1,wblock,1024,1,24,0.097209,19599
caas-2node,mpi,14000000,32,1,wblock,1024,1,25,0.096871,19292
caas-2node,mpi,14000000,32,1,wblock,1024,1,26,0.096788,19055
caas-2node,mpi,14000000,32,1,wblock,1024,1,27,0.109798,18819
caas-2node,mpi,14000000,32,1,wblock,1024,1,28,0.095988,18379
caas-2node,mpi,14000000,32,1,wblock,1024,1,29,0.096199,18274
caas-2node,mpi,14000000,32,1,wblock,1024,1,30,0.096146,18044
caas-2node,mpi,14000000,32,1,wblock,1024,1,31,0.096032,17817
caas-2node,mpi,14000000,32,1,wblock,1024,2,0,0.125513,106313
caas-2node,mpi,14000000,32,1,wblock,1024,2,1,0.114313,56690
caas-2node,mpi,14000000,32,1,wblock,1024,2,2,0.110441,46387
caas-2node,mpi,14000000,32,1,wblock,1024,2,3,0.108344,40760
caas-2node,mpi,14000000,32,1,wblock,1024,2,4,0.106811,37076
caas-2node,mpi,14000000,32,1,wblock,1024,2,5,0.105435,34327
caas-2node,mpi,14000000,32,1,wblock,1024,2,6,0.104514,32297
caas-2node,mpi,14000000,32,1,wblock,1024,2,7,0.200544,30500
caas-2node,mpi,14000000,32,1,wblock,1024,2,8,0.102824,29142
caas-2node,mpi,14000000,32,1,wblock,1024,2,9,0.102148,27889
caas-2node,mpi,14000000,32,1,wblock,1024,2,10,0.101954,26997
caas-2node,mpi,14000000,32,1,wblock,1024,2,11,0.101188,26038
caas-2node,mpi,14000000,32,1,wblock,1024,2,12,0.100750,25172
caas-2node,mpi,14000000,32,1,wblock,1024,2,13,0.100242,24485
caas-2node,mpi,14000000,32,1,wblock,1024,2,14,0.196867,23775
caas-2node,mpi,14000000,32,1,wblock,1024,2,15,0.100010,23355
caas-2node,mpi,14000000,32,1,wblock,1024,2,16,0.099177,22652
caas-2node,mpi,14000000,32,1,wblock,1024,2,17,0.099072,22209
caas-2node,mpi,14000000,32,1,wblock,1024,2,18,0.098880,21760
caas-2node,mpi,14000000,32,1,wblock,1024,2,19,0.098273,21264
caas-2node,mpi,14000000,32,1,wblock,1024,2,20,0.098481,21016
caas-2node,mpi,14000000,32,1,wblock,1024,2,21,0.098061,20581
caas-2node,mpi,14000000,32,1,wblock,1024,2,22,0.097803,20230
caas-2node,mpi,14000000,32,1,wblock,1024,2,23,0.097340,19883
caas-2node,mpi,14000000,32,1,wblock,1024,2,24,0.097394,19599
caas-2node,mpi,14000000,32,1,wblock,1024,2,25,0.097093,19292
caas-2node,mpi,14000000,32,1,wblock,1024,2,26,0.097248,19055
caas-2node,mpi,14000000,32,1,wblock,1024,2,27,0.097004,18819
caas-2node,mpi,14000000,32,1,wblock,1024,2,28,0.096209,18379
caas-2node,mpi,14000000,32,1,wblock,1024,2,29,0.096424,18274
caas-2node,mpi,14000000,32,1,wblock,1024,2,30,0.096238,18044
caas-2node,mpi,14000000,32,1,wblock,1024,2,31,0.096140,17817
caas-2node,mpi,14000000,32,1,wblock,1024,3,0,0.125576,106313
caas-2node,mpi,14000000,32,1,wblock,1024,3,1,0.114145,56690
caas-2node,mpi,14000000,32,1,wblock,1024,3,2,0.110641,46387
caas-2node,mpi,14000000,32,1,wblock,1024,3,3,0.108296,40760
caas-2node,mpi,14000000,32,1,wblock,1024,3,4,0.106813,37076
caas-2node,mpi,14000000,32,1,wblock,1024,3,5,0.105372,34327
caas-2node,mpi,14000000,32,1,wblock,1024,3,6,0.203998,32297
caas-2node,mpi,14000000,32,1,wblock,1024,3,7,0.103467,30500
caas-2node,mpi,14000000,32,1,wblock,1024,3,8,0.102866,29142
caas-2node,mpi,14000000,32,1,wblock,1024,3,9,0.201267,27889
caas-2node,mpi,14000000,32,1,wblock,1024,3,10,0.102123,26997
caas-2node,mpi,14000000,32,1,wblock,1024,3,11,0.101393,26038
caas-2node,mpi,14000000,32,1,wblock,1024,3,12,0.100678,25172
caas-2node,mpi,14000000,32,1,wblock,1024,3,13,0.100240,24485
caas-2node,mpi,14000000,32,1,wblock,1024,3,14,0.099754,23775
caas-2node,mpi,14000000,32,1,wblock,1024,3,15,0.099976,23355
caas-2node,mpi,14000000,32,1,wblock,1024,3,16,0.099046,22652
caas-2node,mpi,14000000,32,1,wblock,1024,3,17,0.098800,22209
caas-2node,mpi,14000000,32,1,wblock,1024,3,18,0.098726,21760
caas-2node,mpi,14000000,32,1,wblock,1024,3,19,0.098161,21264
caas-2node,mpi,14000000,32,1,wblock,1024,3,20,0.098371,21016
caas-2node,mpi,14000000,32,1,wblock,1024,3,21,0.097954,20581
caas-2node,mpi,14000000,32,1,wblock,1024,3,22,0.097565,20230
caas-2node,mpi,14000000,32,1,wblock,1024,3,23,0.097400,19883
caas-2node,mpi,14000000,32,1,wblock,1024,3,24,0.097122,19599
caas-2node,mpi,14000000,32,1,wblock,1024,3,25,0.096868,19292
caas-2node,mpi,14000000,32,1,wblock,1024,3,26,0.096765,19055
caas-2node,mpi,14000000,32,1,wblock,1024,3,27,0.096765,18819
caas-2node,mpi,14000000,32,1,wblock,1024,3,28,0.095916,18379
caas-2node,mpi,14000000,32,1,wblock,1024,3,29,0.096339,18274
caas-2node,mpi,14000000,32,1,wblock,1024,3,30,0.096264,18044
caas-2node,mpi,14000000,32,1,wblock,1024,3,31,0.095834,17817
caas-2node,mpi,18000000,32,1,block,1024,1,0,0.070145,46257
caas-2node,mpi,18000000,32,1,block,1024,1,1,0.057820,41262
caas-2node,mpi,18000000,32,1,block,1024,1,2,0.071252,39743
caas-2node,mpi,18000000,32,1,block,1024,1,3,0.081718,38819
caas-2node,mpi,18000000,32,1,block,1024,1,4,0.090646,38150
caas-2node,mpi,18000000,32,1,block,1024,1,5,0.098451,37636
caas-2node,mpi,18000000,32,1,block,1024,1,6,0.105343,37213
caas-2node,mpi,18000000,32,1,block,1024,1,7,0.111858,36868
caas-2node,mpi,18000000,32,1,block,1024,1,8,0.117856,36593
caas-2node,mpi,18000000,32,1,block,1024,1,9,0.123201,36251
caas-2node,mpi,18000000,32,1,block,1024,1,10,0.128616,36050
caas-2node,mpi,18000000,32,1,block,1024,1,11,0.133462,35865
caas-2node,mpi,18000000,32,1,block,1024,1,12,0.138373,35739
caas-2node,mpi,18000000,32,1,block,1024,1,13,0.142820,35474
caas-2node,mpi,18000000,32,1,block,1024,1,14,0.146908,35296
caas-2node,mpi,18000000,32,1,block,1024,1,15,0.186255,35273
caas-2node,mpi,18000000,32,1,block,1024,1,16,0.155039,34992
caas-2node,mpi,18000000,32,1,block,1024,1,17,0.158987,34885
caas-2node,mpi,18000000,32,1,block,1024,1,18,0.163130,34878
caas-2node,mpi,18000000,32,1,block,1024,1,19,0.166667,34697
caas-2node,mpi,18000000,32,1,block,1024,1,20,0.170485,34595
caas-2node,mpi,18000000,32,1,block,1024,1,21,0.173837,34536
caas-2node,mpi,18000000,32,1,block,1024,1,22,0.177177,34374
caas-2node,mpi,18000000,32,1,block,1024,1,23,0.179927,34194
caas-2node,mpi,18000000,32,1,block,1024,1,24,0.183363,34226
caas-2node,mpi,18000000,32,1,block,1024,1,25,0.186839,34156
caas-2node,mpi,18000000,32,1,block,1024,1,26,0.189476,34007
caas-2node,mpi,18000000,32,1,block,1024,1,27,0.192700,33997
caas-2node,mpi,18000000,32,1,block,1024,1,28,0.195563,33914
caas-2node,mpi,18000000,32,1,block,1024,1,29,0.198607,33823
caas-2node,mpi,18000000,32,1,block,1024,1,30,0.201523,33834
caas-2node,mpi,18000000,32,1,block,1024,1,31,0.204310,33770
caas-2node,mpi,18000000,32,1,block,1024,2,0,0.035789,46257
caas-2node,mpi,18000000,32,1,block,1024,2,1,0.057842,41262
caas-2node,mpi,18000000,32,1,block,1024,2,2,0.139741,39743
caas-2node,mpi,18000000,32,1,block,1024,2,3,0.081768,38819
caas-2node,mpi,18000000,32,1,block,1024,2,4,0.090580,38150
caas-2node,mpi,18000000,32,1,block,1024,2,5,0.098311,37636
caas-2node,mpi,18000000,32,1,block,1024,2,6,0.105340,37213
caas-2node,mpi,18000000,32,1,block,1024,2,7,0.111790,36868
caas-2node,mpi,18000000,32,1,block,1024,2,8,0.117936,36593
caas-2node,mpi,18000000,32,1,block,1024,2,9,0.123223,36251
caas-2node,mpi,18000000,32,1,block,1024,2,10,0.128518,36050
caas-2node,mpi,18000000,32,1,block,1024,2,11,0.202289,35865
caas-2node,mpi,18000000,32,1,block,1024,2,12,0.138429,35739
caas-2node,mpi,18000000,32,1,block,1024,2,13,0.142863,35474
caas-2node,mpi,18000000,32,1,block,1024,2,14,0.147178,35296
caas-2node,mpi,18000000,32,1,block,1024,2,15,0.151750,35273
caas-2node,mpi,18000000,32,1,block,1024,2,16,0.155193,34992
caas-2node,mpi,18000000,32,1,block,1024,2,17,0.159049,34885
caas-2node,mpi,18000000,32,1,block,1024,2,18,0.163090,34878
caas-2node,mpi,18000000,32,1,block,1024,2,19,0.166661,34697
caas-2node,mpi,18000000,32,1,block,1024,2,20,0.170162,34595
caas-2node,mpi,18000000,32,1,block,1024,2,21,0.173711,34536
caas-2node,mpi,18000000,32,1,block,1024,2,22,0.176864,34374
caas-2node,mpi,18000000,32,1,block,1024,2,23,0.179842,34194
caas-2node,mpi,18000000,32,1,block,1024,2,24,0.183549,34226
caas-2node,mpi,18000000,32,1,block,1024,2,25,0.186563,34156
caas-2node,mpi,18000000,32,1,block,1024,2,26,0.189521,34007
caas-2node,mpi,18000000,32,1,block,1024,2,27,0.193019,33997
caas-2node,mpi,18000000,32,1,block,1024,2,28,0.195656,33914
caas-2node,mpi,18000000,32,1,block,1024,2,29,0.198667,33823
caas-2node,mpi,18000000,32,1,block,1024,2,30,0.201740,33834
caas-2node,mpi,18000000,32,1,block,1024,2,31,0.204324,33770
caas-2node,mpi,18000000,32,1,block,1024,3,0,0.036138,46257
caas-2node,mpi,18000000,32,1,block,1024,3,1,0.058029,41262
caas-2node,mpi,18000000,32,1,block,1024,3,2,0.071792,39743
caas-2node,mpi,18000000,32,1,block,1024,3,3,0.169620,38819
caas-2node,mpi,18000000,32,1,block,1024,3,4,0.092285,38150
caas-2node,mpi,18000000,32,1,block,1024,3,5,0.185259,37636
caas-2node,mpi,18000000,32,1,block,1024,3,6,0.107061,37213
caas-2node,mpi,18000000,32,1,block,1024,3,7,0.113194,36868
caas-2node,mpi,18000000,32,1,block,1024,3,8,0.118933,36593
caas-2node,mpi,18000000,32,1,block,1024,3,9,0.124445,36251
caas-2node,mpi,18000000,32,1,block,1024,3,10,0.130614,36050
caas-2node,mpi,18000000,32,1,block,1024,3,11,0.134953,35865
caas-2node,mpi,18000000,32,1,block,1024,3,12,0.140919,35739
caas-2node,mpi,18000000,32,1,block,1024,3,13,0.165887,35474
caas-2node,mpi,18000000,32,1,block,1024,3,14,0.149800,35296
caas-2node,mpi,18000000,32,1,block,1024,3,15,0.237237,35273
caas-2node,mpi,18000000,32,1,block,1024,3,16,0.159464,34992
caas-2node,mpi,18000000,32,1,block,1024,3,17,0.160799,34885
caas-2node,mpi,18000000,32,1,block,1024,3,18,0.164777,34878
caas-2node,mpi,18000000,32,1,block,1024,3,19,0.168058,34697
caas-2node,mpi,18000000,32,1,block,1024,3,20,0.171635,34595
caas-2node,mpi,18000000,32,1,block,1024,3,21,0.174466,34536
caas-2node,mpi,18000000,32,1,block,1024,3,22,0.179394,34374
caas-2node,mpi,18000000,32,1,block,1024,3,23,0.185319,34194
caas-2node,mpi,18000000,32,1,block,1024,3,24,0.185794,34226
caas-2node,mpi,18000000,32,1,block,1024,3,25,0.188060,34156
caas-2node,mpi,18000000,32,1,block,1024,3,26,0.190621,34007
caas-2node,mpi,18000000,32,1,block,1024,3,27,0.194093,33997
caas-2node,mpi,18000000,32,1,block,1024,3,28,0.197793,33914
caas-2node,mpi,18000000,32,1,block,1024,3,29,0.201380,33823
caas-2node,mpi,18000000,32,1,block,1024,3,30,0.218228,33834
caas-2node,mpi,18000000,32,1,block,1024,3,31,0.206587,33770
caas-2node,mpi,18000000,32,1,cyclic,1024,1,0,0.145242,36138
caas-2node,mpi,18000000,32,1,cyclic,1024,1,1,0.144680,35944
caas-2node,mpi,18000000,32,1,cyclic,1024,1,2,0.144617,35897
caas-2node,mpi,18000000,32,1,cyclic,1024,1,3,0.144723,35899
caas-2node,mpi,18000000,32,1,cyclic,1024,1,4,0.144529,35883
caas-2node,mpi,18000000,32,1,cyclic,1024,1,5,0.144916,36015
caas-2node,mpi,18000000,32,1,cyclic,1024,1,6,0.145178,36019
caas-2node,mpi,18000000,32,1,cyclic,1024,1,7,0.144602,35861
caas-2node,mpi,18000000,32,1,cyclic,1024,1,8,0.144881,35970
caas-2node,mpi,18000000,32,1,cyclic,1024,1,9,0.144756,35988
caas-2node,mpi,18000000,32,1,cyclic,1024,1,10,0.144731,35974
caas-2node,mpi,18000000,32,1,cyclic,1024,1,11,0.144976,35986
caas-2node,mpi,18000000,32,1,cyclic,1024,1,12,0.285529,35935
caas-2node,mpi,18000000,32,1,cyclic,1024,1,13,0.286049,36061
caas-2node,mpi,18000000,32,1,cyclic,1024,1,14,0.144842,35954
caas-2node,mpi,18000000,32,1,cyclic,1024,1,15,0.145063,35976
caas-2node,mpi,18000000,32,1,cyclic,1024,1,16,0.145032,36014
caas-2node,mpi,18000000,32,1,cyclic,1024,1,17,0.144874,35985
caas-2node,mpi,18000000,32,1,cyclic,1024,1,18,0.144970,36028
caas-2node,mpi,18000000,32,1,cyclic,1024,1,19,0.144874,35962
caas-2node,mpi,18000000,32,1,cyclic,1024,1,20,0.145178,36031
caas-2node,mpi,18000000,32,1,cyclic,1024,1,21,0.144831,35991
caas-2node,mpi,18000000,32,1,cyclic,1024,1,22,0.144767,35994
caas-2node,mpi,18000000,32,1,cyclic,1024,1,23,0.145022,35986
caas-2node,mpi,18000000,32,1,cyclic,1024,1,24,0.144769,35946
caas-2node,mpi,18000000,32,1,cyclic,1024,1,25,0.144940,35988
caas-2node,mpi,18000000,32,1,cyclic,1024,1,26,0.145016,36045
caas-2node,mpi,18000000,32,1,cyclic,1024,1,27,0.145280,35997
caas-2node,mpi,18000000,32,1,cyclic,1024,1,28,0.145099,36040
caas-2node,mpi,18000000,32,1,cyclic,1024,1,29,0.144801,35931
caas-2node,mpi,18000000,32,1,cyclic,1024,1,30,0.144834,35997
caas-2node,mpi,18000000,32,1,cyclic,1024,1,31,0.144945,35932
caas-2node,mpi,18000000,32,1,cyclic,1024,2,0,0.145376,36138
caas-2node,mpi,18000000,32,1,cyclic,1024,2,1,0.144707,35944
caas-2node,mpi,18000000,32,1,cyclic,1024,2,2,0.144647,35897
caas-2node,mpi,18000000,32,1,cyclic,1024,2,3,0.285421,35899
caas-2node,mpi,18000000,32,1,cyclic,1024,2,4,0.144493,35883
caas-2node,mpi,18000000,32,1,cyclic,1024,2,5,0.144858,36015
caas-2node,mpi,18000000,32,1,cyclic,1024,2,6,0.144975,36019
caas-2node,mpi,18000000,32,1,cyclic,1024,2,7,0.144604,35861
caas-2node,mpi,18000000,32,1,cyclic,1024,2,8,0.144994,35970
caas-2node,mpi,18000000,32,1,cyclic,1024,2,9,0.285579,35988
caas-2node,mpi,18000000,32,1,cyclic,1024,2,10,0.144783,35974
caas-2node,mpi,18000000,32,1,cyclic,1024,2,11,0.144885,35986
caas-2node,mpi,18000000,32,1,cyclic,1024,2,12,0.144542,35935
caas-2node,mpi,18000000,32,1,cyclic,1024,2,13,0.145009,36061
caas-2node,mpi,18000000,32,1,cyclic,1024,2,14,0.144937,35954
caas-2node,mpi,18000000,32,1,cyclic,1024,2,15,0.145099,35976
caas-2node,mpi,18000000,32,1,cyclic,1024,2,16,0.144955,36014
caas-2node,mpi,18000000,32,1,cyclic,1024,2,17,0.145083,35985
caas-2node,mpi,18000000,32,1,cyclic,1024,2,18,0.145028,36028
caas-2node,mpi,18000000,32,1,cyclic,1024,2,19,0.145738,35962
caas-2node,mpi,18000000,32,1,cyclic,1024,2,20,0.145166,36031
caas-2node,mpi,18000000,32,1,cyclic,1024,2,21,0.144804,35991
caas-2node,mpi,18000000,32,1,cyclic,1024,2,22,0.144662,35994
caas-2node,mpi,18000000,32,1,cyclic,1024,2,23,0.144868,35986
caas-2node,mpi,18000000,32,1,cyclic,1024,2,24,0.144765,35946
caas-2node,mpi,18000000,32,1,cyclic,1024,2,25,0.144770,35988
caas-2node,mpi,18000000,32,1,cyclic,1024,2,26,0.145033,36045
caas-2node,mpi,18000000,32,1,cyclic,1024,2,27,0.144921,35997
caas-2node,mpi,18000000,32,1,cyclic,1024,2,28,0.145840,36040
caas-2node,mpi,18000000,32,1,cyclic,1024,2,29,0.144859,35931
caas-2node,mpi,18000000,32,1,cyclic,1024,2,30,0.144796,35997
caas-2node,mpi,18000000,32,1,cyclic,1024,2,31,0.144998,35932
caas-2node,mpi,18000000,32,1,cyclic,1024,3,0,0.145341,36138
caas-2node,mpi,18000000,32,1,cyclic,1024,3,1,0.144689,35944
caas-2node,mpi,18000000,32,1,cyclic,1024,3,2,0.144703,35897
caas-2node,mpi,18000000,32,1,cyclic,1024,3,3,0.144871,35899
caas-2node,mpi,18000000,32,1,cyclic,1024,3,4,0.146427,35883
caas-2node,mpi,18000000,32,1,cyclic,1024,3,5,0.144965,36015
caas-2node,mpi,18000000,32,1,cyclic,1024,3,6,0.145083,36019
caas-2node,mpi,18000000,32,1,cyclic,1024,3,7,0.144652,35861
caas-2node,mpi,18000000,32,1,cyclic,1024,3,8,0.144800,35970
caas-2node,mpi,18000000,32,1,cyclic,1024,3,9,0.144701,35988
caas-2node,mpi,18000000,32,1,cyclic,1024,3,10,0.282801,35974
caas-2node,mpi,18000000,32,1,cyclic,1024,3,11,0.144985,35986
caas-2node,mpi,18000000,32,1,cyclic,1024,3,12,0.144578,35935
caas-2node,mpi,18000000,32,1,cyclic,1024,3,13,0.145240,36061
caas-2node,mpi,18000000,32,1,cyclic,1024,3,14,0.144826,35954
caas-2node,mpi,18000000,32,1,cyclic,1024,3,15,0.283248,35976
caas-2node,mpi,18000000,32,1,cyclic,1024,3,16,0.145111,36014
caas-2node,mpi,18000000,32,1,cyclic,1024,3,17,0.153968,35985
caas-2node,mpi,18000000,32,1,cyclic,1024,3,18,0.145298,36028
caas-2node,mpi,18000000,32,1,cyclic,1024,3,19,0.145146,35962
caas-2node,mpi,18000000,32,1,cyclic,1024,3,20,0.145383,36031
caas-2node,mpi,18000000,32,1,cyclic,1024,3,21,0.145074,35991
caas-2node,mpi,18000000,32,1,cyclic,1024,3,22,0.145045,35994
caas-2node,mpi,18000000,32,1,cyclic,1024,3,23,0.145149,35986
caas-2node,mpi,18000000,32,1,cyclic,1024,3,24,0.144896,35946
caas-2node,mpi,18000000,32,1,cyclic,1024,3,25,0.145088,35988
caas-2node,mpi,18000000,32,1,cyclic,1024,3,26,0.145355,36045
caas-2node,mpi,18000000,32,1,cyclic,1024,3,27,0.147619,35997
caas-2node,mpi,18000000,32,1,cyclic,1024,3,28,0.151405,36040
caas-2node,mpi,18000000,32,1,cyclic,1024,3,29,0.145049,35931
caas-2node,mpi,18000000,32,1,cyclic,1024,3,30,0.145249,35997
caas-2node,mpi,18000000,32,1,cyclic,1024,3,31,0.144953,35932
caas-2node,mpi,18000000,32,1,blockcyclic,1024,1,0,0.144814,36229
caas-2node,mpi,18000000,32,1,blockcyclic,1024,1,1,0.145231,36114
caas-2node,mpi,18000000,32,1,blockcyclic,1024,1,2,0.144778,36095
caas-2node,mpi,18000000,32,1,blockcyclic,1024,1,3,0.144355,35909
caas-2node,mpi,18000000,32,1,blockcyclic,1024,1,4,0.145481,36196
caas-2node,mpi,18000000,32,1,blockcyclic,1024,1,5,0.144198,35957
caas-2node,mpi,18000000,32,1,blockcyclic,1024,1,6,0.145223,36083
caas-2node,mpi,18000000,32,1,blockcyclic,1024,1,7,0.144637,35943
caas-2node,mpi,18000000,32,1,blockcyclic,1024,1,8,0.144850,36138
caas-2node,mpi,18000000,32,1,blockcyclic,1024,1,9,0.145027,36002
caas-2node,mpi,18000000,32,1,blockcyclic,1024,1,10,0.145068,36052
caas-2node,mpi,18000000,32,1,blockcyclic,1024,1,11,0.145253,36114
caas-2node,mpi,18000000,32,1,blockcyclic,1024,1,12,0.145433,36129
caas-2node,mpi,18000000,32,1,blockcyclic,1024,1,13,0.145295,36116
caas-2node,mpi,18000000,32,1,blockcyclic,1024,1,14,0.144950,36058
caas-2node,mpi,18000000,32,1,blockcyclic,1024,1,15,0.145104,36029
caas-2node,mpi,18000000,32,1,blockcyclic,1024,1,16,0.144966,35833
caas-2node,mpi,18000000,32,1,blockcyclic,1024,1,17,0.144905,35880
caas-2node,mpi,18000000,32,1,blockcyclic,1024,1,18,0.145542,36015
caas-2node,mpi,18000000,32,1,blockcyclic,1024,1,19,0.144974,35885
caas-2node,mpi,18000000,32,1,blockcyclic,1024,1,20,0.145355,36135
caas-2node,mpi,18000000,32,1,blockcyclic,1024,1,21,0.144926,35896
caas-2node,mpi,18000000,32,1,blockcyclic,1024,1,22,0.143693,35754
caas-2node,mpi,18000000,32,1,blockcyclic,1024,1,23,0.144964,36060
caas-2node,mpi,18000000,32,1,blockcyclic,1024,1,24,0.144556,35750
caas-2node,mpi,18000000,32,1,blockcyclic,1024,1,25,0.144723,35853
caas-2node,mpi,18000000,32,1,blockcyclic,1024,1,26,0.144235,35782
caas-2node,mpi,18000000,32,1,blockcyclic,1024,1,27,0.144653,35880
caas-2node,mpi,18000000,32,1,blockcyclic,1024,1,28,0.144415,35880
caas-2node,mpi,18000000,32,1,blockcyclic,1024,1,29,0.145109,35915
caas-2node,mpi,18000000,32,1,blockcyclic,1024,1,30,0.144844,35976
caas-2node,mpi,18000000,32,1,blockcyclic,1024,1,31,0.144258,35709
caas-2node,mpi,18000000,32,1,blockcyclic,1024,2,0,0.144908,36229
caas-2node,mpi,18000000,32,1,blockcyclic,1024,2,1,0.145097,36114
caas-2node,mpi,18000000,32,1,blockcyclic,1024,2,2,0.144996,36095
caas-2node,mpi,18000000,32,1,blockcyclic,1024,2,3,0.144526,35909
caas-2node,mpi,18000000,32,1,blockcyclic,1024,2,4,0.145436,36196
caas-2node,mpi,18000000,32,1,blockcyclic,1024,2,5,0.144317,35957
caas-2node,mpi,18000000,32,1,blockcyclic,1024,2,6,0.145168,36083
caas-2node,mpi,18000000,32,1,blockcyclic,1024,2,7,0.144621,35943
caas-2node,mpi,18000000,32,1,blockcyclic,1024,2,8,0.144788,36138
caas-2node,mpi,18000000,32,1,blockcyclic,1024,2,9,0.144998,36002
caas-2node,mpi,18000000,32,1,blockcyclic,1024,2,10,0.144860,36052
caas-2node,mpi,18000000,32,1,blockcyclic,1024,2,11,0.145269,36114
caas-2node,mpi,18000000,32,1,blockcyclic,1024,2,12,0.145473,36129
caas-2node,mpi,18000000,32,1,blockcyclic,1024,2,13,0.145470,36116
caas-2node,mpi,18000000,32,1,blockcyclic,1024,2,14,0.144859,36058
caas-2node,mpi,18000000,32,1,blockcyclic,1024,2,15,0.145020,36029
caas-2node,mpi,18000000,32,1,blockcyclic,1024,2,16,0.145002,35833
caas-2node,mpi,18000000,32,1,blockcyclic,1024,2,17,0.144800,35880
caas-2node,mpi,18000000,32,1,blockcyclic,1024,2,18,0.145083,36015
caas-2node,mpi,18000000,32,1,blockcyclic,1024,2,19,0.144855,35885
caas-2node,mpi,18000000,32,1,blockcyclic,1024,2,20,0.145267,36135
caas-2node,mpi,18000000,32,1,blockcyclic,1024,2,21,0.144671,35896
caas-2node,mpi,18000000,32,1,blockcyclic,1024,2,22,0.144012,35754
caas-2node,mpi,18000000,32,1,blockcyclic,1024,2,23,0.145306,36060
caas-2node,mpi,18000000,32,1,blockcyclic,1024,2,24,0.144609,35750
caas-2node,mpi,18000000,32,1,blockcyclic,1024,2,25,0.144449,35853
caas-2node,mpi,18000000,32,1,blockcyclic,1024,2,26,0.144456,35782
caas-2node,mpi,18000000,32,1,blockcyclic,1024,2,27,0.144767,35880
caas-2node,mpi,18000000,32,1,blockcyclic,1024,2,28,0.144557,35880
caas-2node,mpi,18000000,32,1,blockcyclic,1024,2,29,0.144974,35915
caas-2node,mpi,18000000,32,1,blockcyclic,1024,2,30,0.144968,35976
caas-2node,mpi,18000000,32,1,blockcyclic,1024,2,31,0.144278,35709
caas-2node,mpi,18000000,32,1,blockcyclic,1024,3,0,0.144698,36229
caas-2node,mpi,18000000,32,1,blockcyclic,1024,3,1,0.145201,36114
caas-2node,mpi,18000000,32,1,blockcyclic,1024,3,2,0.145035,36095
caas-2node,mpi,18000000,32,1,blockcyclic,1024,3,3,0.144391,35909
caas-2node,mpi,18000000,32,1,blockcyclic,1024,3,4,0.145487,36196
caas-2node,mpi,18000000,32,1,blockcyclic,1024,3,5,0.144237,35957
caas-2node,mpi,18000000,32,1,blockcyclic,1024,3,6,0.145327,36083
caas-2node,mpi,18000000,32,1,blockcyclic,1024,3,7,0.144526,35943
caas-2node,mpi,18000000,32,1,blockcyclic,1024,3,8,0.144849,36138
caas-2node,mpi,18000000,32,1,blockcyclic,1024,3,9,0.144999,36002
caas-2node,mpi,18000000,32,1,blockcyclic,1024,3,10,0.144893,36052
caas-2node,mpi,18000000,32,1,blockcyclic,1024,3,11,0.145299,36114
caas-2node,mpi,18000000,32,1,blockcyclic,1024,3,12,0.145347,36129
caas-2node,mpi,18000000,32,1,blockcyclic,1024,3,13,0.144924,36116
caas-2node,mpi,18000000,32,1,blockcyclic,1024,3,14,0.145031,36058
caas-2node,mpi,18000000,32,1,blockcyclic,1024,3,15,0.145287,36029
caas-2node,mpi,18000000,32,1,blockcyclic,1024,3,16,0.144789,35833
caas-2node,mpi,18000000,32,1,blockcyclic,1024,3,17,0.144824,35880
caas-2node,mpi,18000000,32,1,blockcyclic,1024,3,18,0.144977,36015
caas-2node,mpi,18000000,32,1,blockcyclic,1024,3,19,0.144851,35885
caas-2node,mpi,18000000,32,1,blockcyclic,1024,3,20,0.145188,36135
caas-2node,mpi,18000000,32,1,blockcyclic,1024,3,21,0.144855,35896
caas-2node,mpi,18000000,32,1,blockcyclic,1024,3,22,0.143666,35754
caas-2node,mpi,18000000,32,1,blockcyclic,1024,3,23,0.145246,36060
caas-2node,mpi,18000000,32,1,blockcyclic,1024,3,24,0.144835,35750
caas-2node,mpi,18000000,32,1,blockcyclic,1024,3,25,0.144460,35853
caas-2node,mpi,18000000,32,1,blockcyclic,1024,3,26,0.144323,35782
caas-2node,mpi,18000000,32,1,blockcyclic,1024,3,27,0.144619,35880
caas-2node,mpi,18000000,32,1,blockcyclic,1024,3,28,0.144408,35880
caas-2node,mpi,18000000,32,1,blockcyclic,1024,3,29,0.144965,35915
caas-2node,mpi,18000000,32,1,blockcyclic,1024,3,30,0.144857,35976
caas-2node,mpi,18000000,32,1,blockcyclic,1024,3,31,0.144370,35709
caas-2node,mpi,18000000,32,1,wblock,1024,1,0,0.178102,134083
caas-2node,mpi,18000000,32,1,wblock,1024,1,1,0.162768,71683
caas-2node,mpi,18000000,32,1,wblock,1024,1,2,0.164607,58595
caas-2node,mpi,18000000,32,1,wblock,1024,1,3,0.159798,51587
caas-2node,mpi,18000000,32,1,wblock,1024,1,4,0.152116,46892
caas-2node,mpi,18000000,32,1,wblock,1024,1,5,0.156000,43378
caas-2node,mpi,18000000,32,1,wblock,1024,1,6,0.149064,40769
caas-2node,mpi,18000000,32,1,wblock,1024,1,7,0.148141,38756
caas-2node,mpi,18000000,32,1,wblock,1024,1,8,0.146817,36853
caas-2node,mpi,18000000,32,1,wblock,1024,1,9,0.145922,35329
caas-2node,mpi,18000000,32,1,wblock,1024,1,10,0.145632,34129
caas-2node,mpi,18000000,32,1,wblock,1024,1,11,0.144318,32891
caas-2node,mpi,18000000,32,1,wblock,1024,1,12,0.143839,31855
caas-2node,mpi,18000000,32,1,wblock,1024,1,13,0.150659,30934
caas-2node,mpi,18000000,32,1,wblock,1024,1,14,0.143075,30250
caas-2node,mpi,18000000,32,1,wblock,1024,1,15,0.142376,29432
caas-2node,mpi,18000000,32,1,wblock,1024,1,16,0.141874,28799
caas-2node,mpi,18000000,32,1,wblock,1024,1,17,0.141126,28091
caas-2node,mpi,18000000,32,1,wblock,1024,1,18,0.140933,27593
caas-2node,mpi,18000000,32,1,wblock,1024,1,19,0.140233,26931
caas-2node,mpi,18000000,32,1,wblock,1024,1,20,0.140024,26462
caas-2node,mpi,18000000,32,1,wblock,1024,1,21,0.139760,26056
caas-2node,mpi,18000000,32,1,wblock,1024,1,22,0.139784,25675
caas-2node,mpi,18000000,32,1,wblock,1024,1,23,0.139131,25190
caas-2node,mpi,18000000,32,1,wblock,1024,1,24,0.138679,24730
caas-2node,mpi,18000000,32,1,wblock,1024,1,25,0.138639,24459
caas-2node,mpi,18000000,32,1,wblock,1024,1,26,0.138106,24058
caas-2node,mpi,18000000,32,1,wblock,1024,1,27,0.141660,23712
caas-2node,mpi,18000000,32,1,wblock,1024,1,28,0.137879,23473
caas-2node,mpi,18000000,32,1,wblock,1024,1,29,0.137614,23155
caas-2node,mpi,18000000,32,1,wblock,1024,1,30,0.137803,22968
caas-2node,mpi,18000000,32,1,wblock,1024,1,31,0.140701,22599
caas-2node,mpi,18000000,32,1,wblock,1024,2,0,0.178412,134083
caas-2node,mpi,18000000,32,1,wblock,1024,2,1,0.162651,71683
caas-2node,mpi,18000000,32,1,wblock,1024,2,2,0.157371,58595
caas-2node,mpi,18000000,32,1,wblock,1024,2,3,0.154335,51587
caas-2node,mpi,18000000,32,1,wblock,1024,2,4,0.152299,46892
caas-2node,mpi,18000000,32,1,wblock,1024,2,5,0.150372,43378
caas-2node,mpi,18000000,32,1,wblock,1024,2,6,0.148995,40769
caas-2node,mpi,18000000,32,1,wblock,1024,2,7,0.148151,38756
caas-2node,mpi,18000000,32,1,wblock,1024,2,8,0.146862,36853
caas-2node,mpi,18000000,32,1,wblock,1024,2,9,0.146089,35329
caas-2node,mpi,18000000,32,1,wblock,1024,2,10,0.145395,34129
caas-2node,mpi,18000000,32,1,wblock,1024,2,11,0.144335,32891
caas-2node,mpi,18000000,32,1,wblock,1024,2,12,0.143742,31855
caas-2node,mpi,18000000,32,1,wblock,1024,2,13,0.143099,30934
caas-2node,mpi,18000000,32,1,wblock,1024,2,14,0.142917,30250
caas-2node,mpi,18000000,32,1,wblock,1024,2,15,0.142304,29432
caas-2node,mpi,18000000,32,1,wblock,1024,2,16,0.141916,28799
caas-2node,mpi,18000000,32,1,wblock,1024,2,17,0.141457,28091
caas-2node,mpi,18000000,32,1,wblock,1024,2,18,0.140920,27593
caas-2node,mpi,18000000,32,1,wblock,1024,2,19,0.140207,26931
caas-2node,mpi,18000000,32,1,wblock,1024,2,20,0.140136,26462
caas-2node,mpi,18000000,32,1,wblock,1024,2,21,0.139864,26056
caas-2node,mpi,18000000,32,1,wblock,1024,2,22,0.139747,25675
caas-2node,mpi,18000000,32,1,wblock,1024,2,23,0.139290,25190
caas-2node,mpi,18000000,32,1,wblock,1024,2,24,0.138748,24730
caas-2node,mpi,18000000,32,1,wblock,1024,2,25,0.138703,24459
caas-2node,mpi,18000000,32,1,wblock,1024,2,26,0.138082,24058
caas-2node,mpi,18000000,32,1,wblock,1024,2,27,0.137804,23712
caas-2node,mpi,18000000,32,1,wblock,1024,2,28,0.137944,23473
caas-2node,mpi,18000000,32,1,wblock,1024,2,29,0.137625,23155
caas-2node,mpi,18000000,32,1,wblock,1024,2,30,0.137769,22968
caas-2node,mpi,18000000,32,1,wblock,1024,2,31,0.137190,22599
caas-2node,mpi,18000000,32,1,wblock,1024,3,0,0.178247,134083
caas-2node,mpi,18000000,32,1,wblock,1024,3,1,0.162873,71683
caas-2node,mpi,18000000,32,1,wblock,1024,3,2,0.157274,58595
caas-2node,mpi,18000000,32,1,wblock,1024,3,3,0.154732,51587
caas-2node,mpi,18000000,32,1,wblock,1024,3,4,0.152320,46892
caas-2node,mpi,18000000,32,1,wblock,1024,3,5,0.150260,43378
caas-2node,mpi,18000000,32,1,wblock,1024,3,6,0.148960,40769
caas-2node,mpi,18000000,32,1,wblock,1024,3,7,0.148028,38756
caas-2node,mpi,18000000,32,1,wblock,1024,3,8,0.146790,36853
caas-2node,mpi,18000000,32,1,wblock,1024,3,9,0.146122,35329
caas-2node,mpi,18000000,32,1,wblock,1024,3,10,0.145320,34129
caas-2node,mpi,18000000,32,1,wblock,1024,3,11,0.144525,32891
caas-2node,mpi,18000000,32,1,wblock,1024,3,12,0.143986,31855
caas-2node,mpi,18000000,32,1,wblock,1024,3,13,0.143146,30934
caas-2node,mpi,18000000,32,1,wblock,1024,3,14,0.142954,30250
caas-2node,mpi,18000000,32,1,wblock,1024,3,15,0.142396,29432
caas-2node,mpi,18000000,32,1,wblock,1024,3,16,0.142074,28799
caas-2node,mpi,18000000,32,1,wblock,1024,3,17,0.141431,28091
caas-2node,mpi,18000000,32,1,wblock,1024,3,18,0.141083,27593
caas-2node,mpi,18000000,32,1,wblock,1024,3,19,0.140337,26931
caas-2node,mpi,18000000,32,1,wblock,1024,3,20,0.140614,26462
caas-2node,mpi,18000000,32,1,wblock,1024,3,21,0.139861,26056
caas-2node,mpi,18000000,32,1,wblock,1024,3,22,0.139662,25675
caas-2node,mpi,18000000,32,1,wblock,1024,3,23,0.139099,25190
caas-2node,mpi,18000000,32,1,wblock,1024,3,24,0.138654,24730
caas-2node,mpi,18000000,32,1,wblock,1024,3,25,0.138829,24459
caas-2node,mpi,18000000,32,1,wblock,1024,3,26,0.138133,24058
caas-2node,mpi,18000000,32,1,wblock,1024,3,27,0.137949,23712
caas-2node,mpi,18000000,32,1,wblock,1024,3,28,0.137842,23473
caas-2node,mpi,18000000,32,1,wblock,1024,3,29,0.137765,23155
caas-2node,mpi,18000000,32,1,wblock,1024,3,30,0.137699,22968
caas-2node,mpi,18000000,32,1,wblock,1024,3,31,0.137540,22599
caas-2node,mpi,20000000,32,1,block,1024,1,0,0.041414,50986
caas-2node,mpi,20000000,32,1,block,1024,1,1,0.067131,45483
caas-2node,mpi,20000000,32,1,block,1024,1,2,0.082744,43822
caas-2node,mpi,20000000,32,1,block,1024,1,3,0.094987,42781
caas-2node,mpi,20000000,32,1,block,1024,1,4,0.105305,42103
caas-2node,mpi,20000000,32,1,block,1024,1,5,0.114359,41542
caas-2node,mpi,20000000,32,1,block,1024,1,6,0.122282,41010
caas-2node,mpi,20000000,32,1,block,1024,1,7,0.130009,40786
caas-2node,mpi,20000000,32,1,block,1024,1,8,0.136617,40279
caas-2node,mpi,20000000,32,1,block,1024,1,9,0.143254,40024
caas-2node,mpi,20000000,32,1,block,1024,1,10,0.149397,39875
caas-2node,mpi,20000000,32,1,block,1024,1,11,0.154972,39570
caas-2node,mpi,20000000,32,1,block,1024,1,12,0.160499,39350
caas-2node,mpi,20000000,32,1,block,1024,1,13,0.166027,39239
caas-2node,mpi,20000000,32,1,block,1024,1,14,0.170815,39002
caas-2node,mpi,20000000,32,1,block,1024,1,15,0.175483,38727
caas-2node,mpi,20000000,32,1,block,1024,1,16,0.180539,38749
caas-2node,mpi,20000000,32,1,block,1024,1,17,0.185145,38613
caas-2node,mpi,20000000,32,1,block,1024,1,18,0.189347,38416
caas-2node,mpi,20000000,32,1,block,1024,1,19,0.193610,38346
caas-2node,mpi,20000000,32,1,block,1024,1,20,0.197377,38101
caas-2node,mpi,20000000,32,1,block,1024,1,21,0.201657,38073
caas-2node,mpi,20000000,32,1,block,1024,1,22,0.205953,38011
caas-2node,mpi,20000000,32,1,block,1024,1,23,0.209316,37816
caas-2node,mpi,20000000,32,1,block,1024,1,24,0.213099,37771
caas-2node,mpi,20000000,32,1,block,1024,1,25,0.216978,37677
caas-2node,mpi,20000000,32,1,block,1024,1,26,0.220968,37611
caas-2node,mpi,20000000,32,1,block,1024,1,27,0.224290,37626
caas-2node,mpi,20000000,32,1,block,1024,1,28,0.226999,37377
caas-2node,mpi,20000000,32,1,block,1024,1,29,0.230751,37367
caas-2node,mpi,20000000,32,1,block,1024,1,30,0.233479,37233
caas-2node,mpi,20000000,32,1,block,1024,1,31,0.236885,37241
caas-2node,mpi,20000000,32,1,block,1024,2,0,0.041291,50986
caas-2node,mpi,20000000,32,1,block,1024,2,1,0.067020,45483
caas-2node,mpi,20000000,32,1,block,1024,2,2,0.082716,43822
caas-2node,mpi,20000000,32,1,block,1024,2,3,0.094862,42781
caas-2node,mpi,20000000,32,1,block,1024,2,4,0.105130,42103
caas-2node,mpi,20000000,32,1,block,1024,2,5,0.114136,41542
caas-2node,mpi,20000000,32,1,block,1024,2,6,0.122199,41010
caas-2node,mpi,20000000,32,1,block,1024,2,7,0.129974,40786
caas-2node,mpi,20000000,32,1,block,1024,2,8,0.136742,40279
caas-2node,mpi,20000000,32,1,block,1024,2,9,0.143190,40024
caas-2node,mpi,20000000,32,1,block,1024,2,10,0.149416,39875
caas-2node,mpi,20000000,32,1,block,1024,2,11,0.155194,39570
caas-2node,mpi,20000000,32,1,block,1024,2,12,0.160501,39350
caas-2node,mpi,20000000,32,1,block,1024,2,13,0.165975,39239
caas-2node,mpi,20000000,32,1,block,1024,2,14,0.170823,39002
caas-2node,mpi,20000000,32,1,block,1024,2,15,0.175430,38727
caas-2node,mpi,20000000,32,1,block,1024,2,16,0.180566,38749
caas-2node,mpi,20000000,32,1,block,1024,2,17,0.185006,38613
caas-2node,mpi,20000000,32,1,block,1024,2,18,0.189298,38416
caas-2node,mpi,20000000,32,1,block,1024,2,19,0.193533,38346
caas-2node,mpi,20000000,32,1,block,1024,2,20,0.197467,38101
caas-2node,mpi,20000000,32,1,block,1024,2,21,0.201639,38073
caas-2node,mpi,20000000,32,1,block,1024,2,22,0.205619,38011
caas-2node,mpi,20000000,32,1,block,1024,2,23,0.209272,37816
caas-2node,mpi,20000000,32,1,block,1024,2,24,0.213107,37771
caas-2node,mpi,20000000,32,1,block,1024,2,25,0.216906,37677
caas-2node,mpi,20000000,32,1,block,1024,2,26,0.220450,37611
caas-2node,mpi,20000000,32,1,block,1024,2,27,0.224057,37626
caas-2node,mpi,20000000,32,1,block,1024,2,28,0.226960,37377
caas-2node,mpi,20000000,32,1,block,1024,2,29,0.230723,37367
caas-2node,mpi,20000000,32,1,block,1024,2,30,0.233595,37233
caas-2node,mpi,20000000,32,1,block,1024,2,31,0.237074,37241
caas-2node,mpi,20000000,32,1,block,1024,3,0,0.041321,50986
caas-2node,mpi,20000000,32,1,block,1024,3,1,0.067021,45483
caas-2node,mpi,20000000,32,1,block,1024,3,2,0.082609,43822
caas-2node,mpi,20000000,32,1,block,1024,3,3,0.094722,42781
caas-2node,mpi,20000000,32,1,block,1024,3,4,0.105194,42103
caas-2node,mpi,20000000,32,1,block,1024,3,5,0.114153,41542
caas-2node,mpi,20000000,32,1,block,1024,3,6,0.122153,41010
caas-2node,mpi,20000000,32,1,block,1024,3,7,0.129882,40786
caas-2node,mpi,20000000,32,1,block,1024,3,8,0.136580,40279
caas-2node,mpi,20000000,32,1,block,1024,3,9,0.143126,40024
caas-2node,mpi,20000000,32,1,block,1024,3,10,0.149454,39875
caas-2node,mpi,20000000,32,1,block,1024,3,11,0.155022,39570
caas-2node,mpi,20000000,32,1,block,1024,3,12,0.160491,39350
caas-2node,mpi,20000000,32,1,block,1024,3,13,0.165989,39239
caas-2node,mpi,20000000,32,1,block,1024,3,14,0.170825,39002
caas-2node,mpi,20000000,32,1,block,1024,3,15,0.175480,38727
caas-2node,mpi,20000000,32,1,block,1024,3,16,0.180589,38749
caas-2node,mpi,20000000,32,1,block,1024,3,17,0.184994,38613
caas-2node,mpi,20000000,32,1,block,1024,3,18,0.189241,38416
caas-2node,mpi,20000000,32,1,block,1024,3,19,0.193616,38346
caas-2node,mpi,20000000,32,1,block,1024,3,20,0.197551,38101
caas-2node,mpi,20000000,32,1,block,1024,3,21,0.201875,38073
caas-2node,mpi,20000000,32,1,block,1024,3,22,0.205823,38011
caas-2node,mpi,20000000,32,1,block,1024,3,23,0.209150,37816
caas-2node,mpi,20000000,32,1,block,1024,3,24,0.213197,37771
caas-2node,mpi,20000000,32,1,block,1024,3,25,0.216942,37677
caas-2node,mpi,20000000,32,1,block,1024,3,26,0.220300,37611
caas-2node,mpi,20000000,32,1,block,1024,3,27,0.224157,37626
caas-2node,mpi,20000000,32,1,block,1024,3,28,0.227232,37377
caas-2node,mpi,20000000,32,1,block,1024,3,29,0.230569,37367
caas-2node,mpi,20000000,32,1,block,1024,3,30,0.233813,37233
caas-2node,mpi,20000000,32,1,block,1024,3,31,0.237078,37241
caas-2node,mpi,20000000,32,1,cyclic,1024,1,0,0.168880,39859
caas-2node,mpi,20000000,32,1,cyclic,1024,1,1,0.168200,39716
caas-2node,mpi,20000000,32,1,cyclic,1024,1,2,0.168074,39657
caas-2node,mpi,20000000,32,1,cyclic,1024,1,3,0.168250,39637
caas-2node,mpi,20000000,32,1,cyclic,1024,1,4,0.168036,39644
caas-2node,mpi,20000000,32,1,cyclic,1024,1,5,0.168286,39759
caas-2node,mpi,20000000,32,1,cyclic,1024,1,6,0.168346,39752
caas-2node,mpi,20000000,32,1,cyclic,1024,1,7,0.168111,39601
caas-2node,mpi,20000000,32,1,cyclic,1024,1,8,0.168345,39734
caas-2node,mpi,20000000,32,1,cyclic,1024,1,9,0.168125,39725
caas-2node,mpi,20000000,32,1,cyclic,1024,1,10,0.168082,39679
caas-2node,mpi,20000000,32,1,cyclic,1024,1,11,0.168586,39758
caas-2node,mpi,20000000,32,1,cyclic,1024,1,12,0.167942,39679
caas-2node,mpi,20000000,32,1,cyclic,1024,1,13,0.168160,39722
caas-2node,mpi,20000000,32,1,cyclic,1024,1,14,0.168288,39728
caas-2node,mpi,20000000,32,1,cyclic,1024,1,15,0.168511,39732
caas-2node,mpi,20000000,32,1,cyclic,1024,1,16,0.168123,39671
caas-2node,mpi,20000000,32,1,cyclic,1024,1,17,0.168254,39705
caas-2node,mpi,20000000,32,1,cyclic,1024,1,18,0.168363,39776
caas-2node,mpi,20000000,32,1,cyclic,1024,1,19,0.168258,39677
caas-2node,mpi,20000000,32,1,cyclic,1024,1,20,0.168294,39716
caas-2node,mpi,20000000,32,1,cyclic,1024,1,21,0.167955,39652
caas-2node,mpi,20000000,32,1,cyclic,1024,1,22,0.167875,39664
caas-2node,mpi,20000000,32,1,cyclic,1024,1,23,0.168133,39688
caas-2node,mpi,20000000,32,1,cyclic,1024,1,24,0.168143,39684
caas-2node,mpi,20000000,32,1,cyclic,1024,1,25,0.168255,39745
caas-2node,mpi,20000000,32,1,cyclic,1024,1,26,0.168280,39723
caas-2node,mpi,20000000,32,1,cyclic,1024,1,27,0.168251,39709
caas-2node,mpi,20000000,32,1,cyclic,1024,1,28,0.168426,39782
caas-2node,mpi,20000000,32,1,cyclic,1024,1,29,0.168227,39669
caas-2node,mpi,20000000,32,1,cyclic,1024,1,30,0.168246,39689
caas-2node,mpi,20000000,32,1,cyclic,1024,1,31,0.168173,39675
caas-2node,mpi,20000000,32,1,cyclic,1024,2,0,0.168712,39859
caas-2node,mpi,20000000,32,1,cyclic,1024,2,1,0.168448,39716
caas-2node,mpi,20000000,32,1,cyclic,1024,2,2,0.168096,39657
caas-2node,mpi,20000000,32,1,cyclic,1024,2,3,0.168094,39637
caas-2node,mpi,20000000,32,1,cyclic,1024,2,4,0.168153,39644
caas-2node,mpi,20000000,32,1,cyclic,1024,2,5,0.168353,39759
caas-2node,mpi,20000000,32,1,cyclic,1024,2,6,0.168421,39752
caas-2node,mpi,20000000,32,1,cyclic,1024,2,7,0.168095,39601
caas-2node,mpi,20000000,32,1,cyclic,1024,2,8,0.168593,39734
caas-2node,mpi,20000000,32,1,cyclic,1024,2,9,0.168247,39725
caas-2node,mpi,20000000,32,1,cyclic,1024,2,10,0.168059,39679
caas-2node,mpi,20000000,32,1,cyclic,1024,2,11,0.168767,39758
caas-2node,mpi,20000000,32,1,cyclic,1024,2,12,0.168018,39679
caas-2node,mpi,20000000,32,1,cyclic,1024,2,13,0.168212,39722
caas-2node,mpi,20000000,32,1,cyclic,1024,2,14,0.168425,39728
caas-2node,mpi,20000000,32,1,cyclic,1024,2,15,0.168493,39732
caas-2node,mpi,20000000,32,1,cyclic,1024,2,16,0.168389,39671
caas-2node,mpi,20000000,32,1,cyclic,1024,2,17,0.168311,39705
caas-2node,mpi,20000000,32,1,cyclic,1024,2,18,0.168411,39776
caas-2node,mpi,20000000,32,1,cyclic,1024,2,19,0.168431,39677
caas-2node,mpi,20000000,32,1,cyclic,1024,2,20,0.168177,39716
caas-2node,mpi,20000000,32,1,cyclic,1024,2,21,0.167891,39652
caas-2node,mpi,20000000,32,1,cyclic,1024,2,22,0.168025,39664
caas-2node,mpi,20000000,32,1,cyclic,1024,2,23,0.168249,39688
caas-2node,mpi,20000000,32,1,cyclic,1024,2,24,0.168376,39684
caas-2node,mpi,20000000,32,1,cyclic,1024,2,25,0.168320,39745
caas-2node,mpi,20000000,32,1,cyclic,1024,2,26,0.168248,39723
caas-2node,mpi,20000000,32,1,cyclic,1024,2,27,0.168431,39709
caas-2node,mpi,20000000,32,1,cyclic,1024,2,28,0.168548,39782
caas-2node,mpi,20000000,32,1,cyclic,1024,2,29,0.168165,39669
caas-2node,mpi,20000000,32,1,cyclic,1024,2,30,0.168189,39689
caas-2node,mpi,20000000,32,1,cyclic,1024,2,31,0.168117,39675
caas-2node,mpi,20000000,32,1,cyclic,1024,3,0,0.168867,39859
caas-2node,mpi,20000000,32,1,cyclic,1024,3,1,0.168287,39716
caas-2node,mpi,20000000,32,1,cyclic,1024,3,2,0.168261,39657
caas-2node,mpi,20000000,32,1,cyclic,1024,3,3,0.168158,39637
caas-2node,mpi,20000000,32,1,cyclic,1024,3,4,0.168156,39644
caas-2node,mpi,20000000,32,1,cyclic,1024,3,5,0.168305,39759
caas-2node,mpi,20000000,32,1,cyclic,1024,3,6,0.168456,39752
caas-2node,mpi,20000000,32,1,cyclic,1024,3,7,0.168123,39601
caas-2node,mpi,20000000,32,1,cyclic,1024,3,8,0.168300,39734
caas-2node,mpi,20000000,32,1,cyclic,1024,3,9,0.168147,39725
caas-2node,mpi,20000000,32,1,cyclic,1024,3,10,0.168053,39679
caas-2node,mpi,20000000,32,1,cyclic,1024,3,11,0.168517,39758
caas-2node,mpi,20000000,32,1,cyclic,1024,3,12,0.167981,39679
caas-2node,mpi,20000000,32,1,cyclic,1024,3,13,0.168210,39722
caas-2node,mpi,20000000,32,1,cyclic,1024,3,14,0.168570,39728
caas-2node,mpi,20000000,32,1,cyclic,1024,3,15,0.168438,39732
caas-2node,mpi,20000000,32,1,cyclic,1024,3,16,0.168269,39671
caas-2node,mpi,20000000,32,1,cyclic,1024,3,17,0.168224,39705
caas-2node,mpi,20000000,32,1,cyclic,1024,3,18,0.168818,39776
caas-2node,mpi,20000000,32,1,cyclic,1024,3,19,0.168661,39677
caas-2node,mpi,20000000,32,1,cyclic,1024,3,20,0.168218,39716
caas-2node,mpi,20000000,32,1,cyclic,1024,3,21,0.167939,39652
caas-2node,mpi,20000000,32,1,cyclic,1024,3,22,0.168459,39664
caas-2node,mpi,20000000,32,1,cyclic,1024,3,23,0.168204,39688
caas-2node,mpi,20000000,32,1,cyclic,1024,3,24,0.168015,39684
caas-2node,mpi,20000000,32,1,cyclic,1024,3,25,0.168320,39745
caas-2node,mpi,20000000,32,1,cyclic,1024,3,26,0.168201,39723
caas-2node,mpi,20000000,32,1,cyclic,1024,3,27,0.168240,39709
caas-2node,mpi,20000000,32,1,cyclic,1024,3,28,0.168495,39782
caas-2node,mpi,20000000,32,1,cyclic,1024,3,29,0.168243,39669
caas-2node,mpi,20000000,32,1,cyclic,1024,3,30,0.173903,39689
caas-2node,mpi,20000000,32,1,cyclic,1024,3,31,0.174058,39675
caas-2node,mpi,20000000,32,1,blockcyclic,1024,1,0,0.168378,39998
caas-2node,mpi,20000000,32,1,blockcyclic,1024,1,1,0.168498,39836
caas-2node,mpi,20000000,32,1,blockcyclic,1024,1,2,0.168536,39869
caas-2node,mpi,20000000,32,1,blockcyclic,1024,1,3,0.167955,39614
caas-2node,mpi,20000000,32,1,blockcyclic,1024,1,4,0.169176,39998
caas-2node,mpi,20000000,32,1,blockcyclic,1024,1,5,0.167806,39754
caas-2node,mpi,20000000,32,1,blockcyclic,1024,1,6,0.168069,39728
caas-2node,mpi,20000000,32,1,blockcyclic,1024,1,7,0.167294,39555
caas-2node,mpi,20000000,32,1,blockcyclic,1024,1,8,0.167981,39802
caas-2node,mpi,20000000,32,1,blockcyclic,1024,1,9,0.168190,39730
caas-2node,mpi,20000000,32,1,blockcyclic,1024,1,10,0.167974,39744
caas-2node,mpi,20000000,32,1,blockcyclic,1024,1,11,0.168457,39797
caas-2node,mpi,20000000,32,1,blockcyclic,1024,1,12,0.168015,39758
caas-2node,mpi,20000000,32,1,blockcyclic,1024,1,13,0.167889,39778
caas-2node,mpi,20000000,32,1,blockcyclic,1024,1,14,0.168039,39730
caas-2node,mpi,20000000,32,1,blockcyclic,1024,1,15,0.167621,39567
caas-2node,mpi,20000000,32,1,blockcyclic,1024,1,16,0.167997,39603
caas-2node,mpi,20000000,32,1,blockcyclic,1024,1,17,0.167764,39541
caas-2node,mpi,20000000,32,1,blockcyclic,1024,1,18,0.168235,39676
caas-2node,mpi,20000000,32,1,blockcyclic,1024,1,19,0.167642,39511
caas-2node,mpi,20000000,32,1,blockcyclic,1024,1,20,0.168192,39817
caas-2node,mpi,20000000,32,1,blockcyclic,1024,1,21,0.168477,39716
caas-2node,mpi,20000000,32,1,blockcyclic,1024,1,22,0.167202,39526
caas-2node,mpi,20000000,32,1,blockcyclic,1024,1,23,0.168828,39861
caas-2node,mpi,20000000,32,1,blockcyclic,1024,1,24,0.168683,39574
caas-2node,mpi,20000000,32,1,blockcyclic,1024,1,25,0.168234,39643
caas-2node,mpi,20000000,32,1,blockcyclic,1024,1,26,0.168137,39555
caas-2node,mpi,20000000,32,1,blockcyclic,1024,1,27,0.168351,39662
caas-2node,mpi,20000000,32,1,blockcyclic,1024,1,28,0.168394,39709
caas-2node,mpi,20000000,32,1,blockcyclic,1024,1,29,0.168692,39710
caas-2node,mpi,20000000,32,1,blockcyclic,1024,1,30,0.168576,39795
caas-2node,mpi,20000000,32,1,blockcyclic,1024,1,31,0.167865,39450
caas-2node,mpi,20000000,32,1,blockcyclic,1024,2,0,0.168197,39998
caas-2node,mpi,20000000,32,1,blockcyclic,1024,2,1,0.168551,39836
caas-2node,mpi,20000000,32,1,blockcyclic,1024,2,2,0.168608,39869
caas-2node,mpi,20000000,32,1,blockcyclic,1024,2,3,0.168000,39614
caas-2node,mpi,20000000,32,1,blockcyclic,1024,2,4,0.169188,39998
caas-2node,mpi,20000000,32,1,blockcyclic,1024,2,5,0.167795,39754
caas-2node,mpi,20000000,32,1,blockcyclic,1024,2,6,0.168094,39728
caas-2node,mpi,20000000,32,1,blockcyclic,1024,2,7,0.167348,39555
caas-2node,mpi,20000000,32,1,blockcyclic,1024,2,8,0.167824,39802
caas-2node,mpi,20000000,32,1,blockcyclic,1024,2,9,0.168155,39730
caas-2node,mpi,20000000,32,1,blockcyclic,1024,2,10,0.168058,39744
caas-2node,mpi,20000000,32,1,blockcyclic,1024,2,11,0.168422,39797
caas-2node,mpi,20000000,32,1,blockcyclic,1024,2,12,0.167987,39758
caas-2node,mpi,20000000,32,1,blockcyclic,1024,2,13,0.167900,39778
caas-2node,mpi,20000000,32,1,blockcyclic,1024,2,14,0.168085,39730
caas-2node,mpi,20000000,32,1,blockcyclic,1024,2,15,0.167685,39567
caas-2node,mpi,20000000,32,1,blockcyclic,1024,2,16,0.168116,39603
caas-2node,mpi,20000000,32,1,blockcyclic,1024,2,17,0.167891,39541
caas-2node,mpi,20000000,32,1,blockcyclic,1024,2,18,0.167909,39676
caas-2node,mpi,20000000,32,1,blockcyclic,1024,2,19,0.167645,39511
caas-2node,mpi,20000000,32,1,blockcyclic,1024,2,20,0.168345,39817
caas-2node,mpi,20000000,32,1,blockcyclic,1024,2,21,0.168374,39716
caas-2node,mpi,20000000,32,1,blockcyclic,1024,2,22,0.167138,39526
caas-2node,mpi,20000000,32,1,blockcyclic,1024,2,23,0.168773,39861
caas-2node,mpi,20000000,32,1,blockcyclic,1024,2,24,0.168565,39574
caas-2node,mpi,20000000,32,1,blockcyclic,1024,2,25,0.168150,39643
caas-2node,mpi,20000000,32,1,blockcyclic,1024,2,26,0.167911,39555
caas-2node,mpi,20000000,32,1,blockcyclic,1024,2,27,0.168370,39662
caas-2node,mpi,20000000,32,1,blockcyclic,1024,2,28,0.168244,39709
caas-2node,mpi,20000000,32,1,blockcyclic,1024,2,29,0.168659,39710
caas-2node,mpi,20000000,32,1,blockcyclic,1024,2,30,0.168713,39795
caas-2node,mpi,20000000,32,1,blockcyclic,1024,2,31,0.167924,39450
caas-2node,mpi,20000000,32,1,blockcyclic,1024,3,0,0.168218,39998
caas-2node,mpi,20000000,32,1,blockcyclic,1024,3,1,0.168497,39836
caas-2node,mpi,20000000,32,1,blockcyclic,1024,3,2,0.168787,39869
caas-2node,mpi,20000000,32,1,blockcyclic,1024,3,3,0.168015,39614
caas-2node,mpi,20000000,32,1,blockcyclic,1024,3,4,0.169203,39998
caas-2node,mpi,20000000,32,1,blockcyclic,1024,3,5,0.167866,39754
caas-2node,mpi,20000000,32,1,blockcyclic,1024,3,6,0.167962,39728
caas-2node,mpi,20000000,32,1,blockcyclic,1024,3,7,0.167339,39555
caas-2node,mpi,20000000,32,1,blockcyclic,1024,3,8,0.167835,39802
caas-2node,mpi,20000000,32,1,blockcyclic,1024,3,9,0.168287,39730
caas-2node,mpi,20000000,32,1,blockcyclic,1024,3,10,0.167964,39744
caas-2node,mpi,20000000,32,1,blockcyclic,1024,3,11,0.168563,39797
caas-2node,mpi,20000000,32,1,blockcyclic,1024,3,12,0.168029,39758
caas-2node,mpi,20000000,32,1,blockcyclic,1024,3,13,0.167924,39778
caas-2node,mpi,20000000,32,1,blockcyclic,1024,3,14,0.167935,39730
caas-2node,mpi,20000000,32,1,blockcyclic,1024,3,15,0.167615,39567
caas-2node,mpi,20000000,32,1,blockcyclic,1024,3,16,0.168055,39603
caas-2node,mpi,20000000,32,1,blockcyclic,1024,3,17,0.167749,39541
caas-2node,mpi,20000000,32,1,blockcyclic,1024,3,18,0.168131,39676
caas-2node,mpi,20000000,32,1,blockcyclic,1024,3,19,0.167686,39511
caas-2node,mpi,20000000,32,1,blockcyclic,1024,3,20,0.168505,39817
caas-2node,mpi,20000000,32,1,blockcyclic,1024,3,21,0.168661,39716
caas-2node,mpi,20000000,32,1,blockcyclic,1024,3,22,0.167334,39526
caas-2node,mpi,20000000,32,1,blockcyclic,1024,3,23,0.168870,39861
caas-2node,mpi,20000000,32,1,blockcyclic,1024,3,24,0.168573,39574
caas-2node,mpi,20000000,32,1,blockcyclic,1024,3,25,0.168186,39643
caas-2node,mpi,20000000,32,1,blockcyclic,1024,3,26,0.167907,39555
caas-2node,mpi,20000000,32,1,blockcyclic,1024,3,27,0.168394,39662
caas-2node,mpi,20000000,32,1,blockcyclic,1024,3,28,0.168146,39709
caas-2node,mpi,20000000,32,1,blockcyclic,1024,3,29,0.168703,39710
caas-2node,mpi,20000000,32,1,blockcyclic,1024,3,30,0.168571,39795
caas-2node,mpi,20000000,32,1,blockcyclic,1024,3,31,0.167997,39450
caas-2node,mpi,20000000,32,1,wblock,1024,1,0,0.207286,147837
caas-2node,mpi,20000000,32,1,wblock,1024,1,1,0.188324,78980
caas-2node,mpi,20000000,32,1,wblock,1024,1,2,0.183031,64731
caas-2node,mpi,20000000,32,1,wblock,1024,1,3,0.179368,56965
caas-2node,mpi,20000000,32,1,wblock,1024,1,4,0.176408,51606
caas-2node,mpi,20000000,32,1,wblock,1024,1,5,0.174678,47941
caas-2node,mpi,20000000,32,1,wblock,1024,1,6,0.173324,45120
caas-2node,mpi,20000000,32,1,wblock,1024,1,7,0.171841,42641
caas-2node,mpi,20000000,32,1,wblock,1024,1,8,0.170556,40705
caas-2node,mpi,20000000,32,1,wblock,1024,1,9,0.169342,39006
caas-2node,mpi,20000000,32,1,wblock,1024,1,10,0.168714,37610
caas-2node,mpi,20000000,32,1,wblock,1024,1,11,0.167618,36269
caas-2node,mpi,20000000,32,1,wblock,1024,1,12,0.167394,35303
caas-2node,mpi,20000000,32,1,wblock,1024,1,13,0.166129,34173
caas-2node,mpi,20000000,32,1,wblock,1024,1,14,0.165877,33377
caas-2node,mpi,20000000,32,1,wblock,1024,1,15,0.165245,32486
caas-2node,mpi,20000000,32,1,wblock,1024,1,16,0.164418,31672
caas-2node,mpi,20000000,32,1,wblock,1024,1,17,0.164091,31030
caas-2node,mpi,20000000,32,1,wblock,1024,1,18,0.163810,30451
caas-2node,mpi,20000000,32,1,wblock,1024,1,19,0.163534,29838
caas-2node,mpi,20000000,32,1,wblock,1024,1,20,0.162592,29218
caas-2node,mpi,20000000,32,1,wblock,1024,1,21,0.162321,28746
caas-2node,mpi,20000000,32,1,wblock,1024,1,22,0.162092,28278
caas-2node,mpi,20000000,32,1,wblock,1024,1,23,0.161853,27798
caas-2node,mpi,20000000,32,1,wblock,1024,1,24,0.161574,27432
caas-2node,mpi,20000000,32,1,wblock,1024,1,25,0.161130,27029
caas-2node,mpi,20000000,32,1,wblock,1024,1,26,0.160773,26538
caas-2node,mpi,20000000,32,1,wblock,1024,1,27,0.160601,26292
caas-2node,mpi,20000000,32,1,wblock,1024,1,28,0.160074,25823
caas-2node,mpi,20000000,32,1,wblock,1024,1,29,0.159725,25543
caas-2node,mpi,20000000,32,1,wblock,1024,1,30,0.159147,25158
caas-2node,mpi,20000000,32,1,wblock,1024,1,31,0.159584,25011
caas-2node,mpi,20000000,32,1,wblock,1024,2,0,0.206694,147837
caas-2node,mpi,20000000,32,1,wblock,1024,2,1,0.188370,78980
caas-2node,mpi,20000000,32,1,wblock,1024,2,2,0.182647,64731
caas-2node,mpi,20000000,32,1,wblock,1024,2,3,0.179382,56965
caas-2node,mpi,20000000,32,1,wblock,1024,2,4,0.176380,51606
caas-2node,mpi,20000000,32,1,wblock,1024,2,5,0.174623,47941
caas-2node,mpi,20000000,32,1,wblock,1024,2,6,0.173322,45120
caas-2node,mpi,20000000,32,1,wblock,1024,2,7,0.171770,42641
caas-2node,mpi,20000000,32,1,wblock,1024,2,8,0.170431,40705
caas-2node,mpi,20000000,32,1,wblock,1024,2,9,0.169703,39006
caas-2node,mpi,20000000,32,1,wblock,1024,2,10,0.168681,37610
caas-2node,mpi,20000000,32,1,wblock,1024,2,11,0.167582,36269
caas-2node,mpi,20000000,32,1,wblock,1024,2,12,0.167305,35303
caas-2node,mpi,20000000,32,1,wblock,1024,2,13,0.166202,34173
caas-2node,mpi,20000000,32,1,wblock,1024,2,14,0.165928,33377
caas-2node,mpi,20000000,32,1,wblock,1024,2,15,0.165317,32486
caas-2node,mpi,20000000,32,1,wblock,1024,2,16,0.164511,31672
caas-2node,mpi,20000000,32,1,wblock,1024,2,17,0.164136,31030
caas-2node,mpi,20000000,32,1,wblock,1024,2,18,0.163651,30451
caas-2node,mpi,20000000,32,1,wblock,1024,2,19,0.163553,29838
caas-2node,mpi,20000000,32,1,wblock,1024,2,20,0.162811,29218
caas-2node,mpi,20000000,32,1,wblock,1024,2,21,0.162529,28746
caas-2node,mpi,20000000,32,1,wblock,1024,2,22,0.162015,28278
caas-2node,mpi,20000000,32,1,wblock,1024,2,23,0.161571,27798
caas-2node,mpi,20000000,32,1,wblock,1024,2,24,0.161672,27432
caas-2node,mpi,20000000,32,1,wblock,1024,2,25,0.161298,27029
caas-2node,mpi,20000000,32,1,wblock,1024,2,26,0.172030,26538
caas-2node,mpi,20000000,32,1,wblock,1024,2,27,0.171993,26292
caas-2node,mpi,20000000,32,1,wblock,1024,2,28,0.163732,25823
caas-2node,mpi,20000000,32,1,wblock,1024,2,29,0.159747,25543
caas-2node,mpi,20000000,32,1,wblock,1024,2,30,0.163418,25158
caas-2node,mpi,20000000,32,1,wblock,1024,2,31,0.159577,25011
caas-2node,mpi,20000000,32,1,wblock,1024,3,0,0.206581,147837
caas-2node,mpi,20000000,32,1,wblock,1024,3,1,0.188374,78980
caas-2node,mpi,20000000,32,1,wblock,1024,3,2,0.182664,64731
caas-2node,mpi,20000000,32,1,wblock,1024,3,3,0.179324,56965
caas-2node,mpi,20000000,32,1,wblock,1024,3,4,0.176465,51606
caas-2node,mpi,20000000,32,1,wblock,1024,3,5,0.174607,47941
caas-2node,mpi,20000000,32,1,wblock,1024,3,6,0.173257,45120
caas-2node,mpi,20000000,32,1,wblock,1024,3,7,0.171870,42641
caas-2node,mpi,20000000,32,1,wblock,1024,3,8,0.170681,40705
caas-2node,mpi,20000000,32,1,wblock,1024,3,9,0.169445,39006
caas-2node,mpi,20000000,32,1,wblock,1024,3,10,0.168545,37610
caas-2node,mpi,20000000,32,1,wblock,1024,3,11,0.167616,36269
caas-2node,mpi,20000000,32,1,wblock,1024,3,12,0.167259,35303
caas-2node,mpi,20000000,32,1,wblock,1024,3,13,0.166534,34173
caas-2node,mpi,20000000,32,1,wblock,1024,3,14,0.166016,33377
caas-2node,mpi,20000000,32,1,wblock,1024,3,15,0.165123,32486
caas-2node,mpi,20000000,32,1,wblock,1024,3,16,0.164590,31672
caas-2node,mpi,20000000,32,1,wblock,1024,3,17,0.164059,31030
caas-2node,mpi,20000000,32,1,wblock,1024,3,18,0.163783,30451
caas-2node,mpi,20000000,32,1,wblock,1024,3,19,0.163476,29838
caas-2node,mpi,20000000,32,1,wblock,1024,3,20,0.162616,29218
caas-2node,mpi,20000000,32,1,wblock,1024,3,21,0.162498,28746
caas-2node,mpi,20000000,32,1,wblock,1024,3,22,0.161956,28278
caas-2node,mpi,20000000,32,1,wblock,1024,3,23,0.161551,27798
caas-2node,mpi,20000000,32,1,wblock,1024,3,24,0.161514,27432
caas-2node,mpi,20000000,32,1,wblock,1024,3,25,0.161127,27029
caas-2node,mpi,20000000,32,1,wblock,1024,3,26,0.160421,26538
caas-2node,mpi,20000000,32,1,wblock,1024,3,27,0.160552,26292
caas-2node,mpi,20000000,32,1,wblock,1024,3,28,0.159885,25823
caas-2node,mpi,20000000,32,1,wblock,1024,3,29,0.159618,25543
caas-2node,mpi,20000000,32,1,wblock,1024,3,30,0.159378,25158
caas-2node,mpi,20000000,32,1,wblock,1024,3,31,0.159579,25011
caas-2node,mpi_sieve,500000000,32,1,block,1024,1,0,0.023904,1008475
caas-2node,mpi_sieve,500000000,32,1,block,1024,1,1,0.023829,921922
caas-2node,mpi_sieve,500000000,32,1,block,1024,1,2,0.023810,894197
caas-2node,mpi_sieve,500000000,32,1,block,1024,1,3,0.024264,876893
caas-2node,mpi_sieve,500000000,32,1,block,1024,1,4,0.024752,864969
caas-2node,mpi_sieve,500000000,32,1,block,1024,1,5,0.024390,855027
caas-2node,mpi_sieve,500000000,32,1,block,1024,1,6,0.024755,847925
caas-2node,mpi_sieve,500000000,32,1,block,1024,1,7,0.024940,840734
caas-2node,mpi_sieve,500000000,32,1,block,1024,1,8,0.024564,835285
caas-2node,mpi_sieve,500000000,32,1,block,1024,1,9,0.024779,830454
caas-2node,mpi_sieve,500000000,32,1,block,1024,1,10,0.024919,826288
caas-2node,mpi_sieve,500000000,32,1,block,1024,1,11,0.024539,822238
caas-2node,mpi_sieve,500000000,32,1,block,1024,1,12,0.024306,817970
caas-2node,mpi_sieve,500000000,32,1,block,1024,1,13,0.024642,815092
caas-2node,mpi_sieve,500000000,32,1,block,1024,1,14,0.025065,811975
caas-2node,mpi_sieve,500000000,32,1,block,1024,1,15,0.024281,809874
caas-2node,mpi_sieve,500000000,32,1,block,1024,1,16,0.025696,806872
caas-2node,mpi_sieve,500000000,32,1,block,1024,1,17,0.027038,804201
caas-2node,mpi_sieve,500000000,32,1,block,1024,1,18,0.026098,801798
caas-2node,mpi_sieve,500000000,32,1,block,1024,1,19,0.027190,800083
caas-2node,mpi_sieve,500000000,32,1,block,1024,1,20,0.027201,797599
caas-2node,mpi_sieve,500000000,32,1,block,1024,1,21,0.027494,795808
caas-2node,mpi_sieve,500000000,32,1,block,1024,1,22,0.026655,793979
caas-2node,mpi_sieve,500000000,32,1,block,1024,1,23,0.025760,792096
caas-2node,mpi_sieve,500000000,32,1,block,1024,1,24,0.027398,790870
caas-2node,mpi_sieve,500000000,32,1,block,1024,1,25,0.027550,789127
caas-2node,mpi_sieve,500000000,32,1,block,1024,1,26,0.026821,787267
caas-2node,mpi_sieve,500000000,32,1,block,1024,1,27,0.027658,785964
caas-2node,mpi_sieve,500000000,32,1,block,1024,1,28,0.027723,784833
caas-2node,mpi_sieve,500000000,32,1,block,1024,1,29,0.026251,783454
caas-2node,mpi_sieve,500000000,32,1,block,1024,1,30,0.026884,781952
caas-2node,mpi_sieve,500000000,32,1,block,1024,1,31,0.026085,780646
caas-2node,mpi_sieve,500000000,32,1,block,1024,2,0,0.023999,1008475
caas-2node,mpi_sieve,500000000,32,1,block,1024,2,1,0.023973,921922
caas-2node,mpi_sieve,500000000,32,1,block,1024,2,2,0.024295,894197
caas-2node,mpi_sieve,500000000,32,1,block,1024,2,3,0.024362,876893
caas-2node,mpi_sieve,500000000,32,1,block,1024,2,4,0.024773,864969
caas-2node,mpi_sieve,500000000,32,1,block,1024,2,5,0.024460,855027
caas-2node,mpi_sieve,500000000,32,1,block,1024,2,6,0.025201,847925
caas-2node,mpi_sieve,500000000,32,1,block,1024,2,7,0.024809,840734
caas-2node,mpi_sieve,500000000,32,1,block,1024,2,8,0.024741,835285
caas-2node,mpi_sieve,500000000,32,1,block,1024,2,9,0.025533,830454
caas-2node,mpi_sieve,500000000,32,1,block,1024,2,10,0.025946,826288
caas-2node,mpi_sieve,500000000,32,1,block,1024,2,11,0.025915,822238
caas-2node,mpi_sieve,500000000,32,1,block,1024,2,12,0.024322,817970
caas-2node,mpi_sieve,500000000,32,1,block,1024,2,13,0.026152,815092
caas-2node,mpi_sieve,500000000,32,1,block,1024,2,14,0.025392,811975
caas-2node,mpi_sieve,500000000,32,1,block,1024,2,15,0.024307,809874
caas-2node,mpi_sieve,500000000,32,1,block,1024,2,16,0.026865,806872
caas-2node,mpi_sieve,500000000,32,1,block,1024,2,17,0.026885,804201
caas-2node,mpi_sieve,500000000,32,1,block,1024,2,18,0.027016,801798
caas-2node,mpi_sieve,500000000,32,1,block,1024,2,19,0.027143,800083
caas-2node,mpi_sieve,500000000,32,1,block,1024,2,20,0.027234,797599
caas-2node,mpi_sieve,500000000,32,1,block,1024,2,21,0.027329,795808
caas-2node,mpi_sieve,500000000,32,1,block,1024,2,22,0.027157,793979
caas-2node,mpi_sieve,500000000,32,1,block,1024,2,23,0.027276,792096
caas-2node,mpi_sieve,500000000,32,1,block,1024,2,24,0.027523,790870
caas-2node,mpi_sieve,500000000,32,1,block,1024,2,25,0.027350,789127
caas-2node,mpi_sieve,500000000,32,1,block,1024,2,26,0.027487,787267
caas-2node,mpi_sieve,500000000,32,1,block,1024,2,27,0.027048,785964
caas-2node,mpi_sieve,500000000,32,1,block,1024,2,28,0.026683,784833
caas-2node,mpi_sieve,500000000,32,1,block,1024,2,29,0.027598,783454
caas-2node,mpi_sieve,500000000,32,1,block,1024,2,30,0.027205,781952
caas-2node,mpi_sieve,500000000,32,1,block,1024,2,31,0.026019,780646
caas-2node,mpi_sieve,500000000,32,1,block,1024,3,0,0.023837,1008475
caas-2node,mpi_sieve,500000000,32,1,block,1024,3,1,0.024338,921922
caas-2node,mpi_sieve,500000000,32,1,block,1024,3,2,0.024246,894197
caas-2node,mpi_sieve,500000000,32,1,block,1024,3,3,0.024472,876893
caas-2node,mpi_sieve,500000000,32,1,block,1024,3,4,0.024655,864969
caas-2node,mpi_sieve,500000000,32,1,block,1024,3,5,0.024390,855027
caas-2node,mpi_sieve,500000000,32,1,block,1024,3,6,0.024686,847925
caas-2node,mpi_sieve,500000000,32,1,block,1024,3,7,0.025121,840734
caas-2node,mpi_sieve,500000000,32,1,block,1024,3,8,0.024840,835285
caas-2node,mpi_sieve,500000000,32,1,block,1024,3,9,0.025372,830454
caas-2node,mpi_sieve,500000000,32,1,block,1024,3,10,0.025119,826288
caas-2node,mpi_sieve,500000000,32,1,block,1024,3,11,0.025593,822238
caas-2node,mpi_sieve,500000000,32,1,block,1024,3,12,0.025721,817970
caas-2node,mpi_sieve,500000000,32,1,block,1024,3,13,0.024461,815092
caas-2node,mpi_sieve,500000000,32,1,block,1024,3,14,0.025456,811975
caas-2node,mpi_sieve,500000000,32,1,block,1024,3,15,0.024439,809874
caas-2node,mpi_sieve,500000000,32,1,block,1024,3,16,0.027106,806872
caas-2node,mpi_sieve,500000000,32,1,block,1024,3,17,0.026449,804201
caas-2node,mpi_sieve,500000000,32,1,block,1024,3,18,0.026550,801798
caas-2node,mpi_sieve,500000000,32,1,block,1024,3,19,0.026971,800083
caas-2node,mpi_sieve,500000000,32,1,block,1024,3,20,0.026467,797599
caas-2node,mpi_sieve,500000000,32,1,block,1024,3,21,0.026667,795808
caas-2node,mpi_sieve,500000000,32,1,block,1024,3,22,0.027096,793979
caas-2node,mpi_sieve,500000000,32,1,block,1024,3,23,0.027021,792096
caas-2node,mpi_sieve,500000000,32,1,block,1024,3,24,0.027262,790870
caas-2node,mpi_sieve,500000000,32,1,block,1024,3,25,0.027385,789127
caas-2node,mpi_sieve,500000000,32,1,block,1024,3,26,0.029207,787267
caas-2node,mpi_sieve,500000000,32,1,block,1024,3,27,0.027285,785964
caas-2node,mpi_sieve,500000000,32,1,block,1024,3,28,0.026738,784833
caas-2node,mpi_sieve,500000000,32,1,block,1024,3,29,0.029752,783454
caas-2node,mpi_sieve,500000000,32,1,block,1024,3,30,0.026952,781952
caas-2node,mpi_sieve,500000000,32,1,block,1024,3,31,0.026806,780646
