site,impl,n,procs,threads,dist,chunk,run,rank,compute,count
caas-1node,mpi,1000000,8,1,block,1024,1,0,0.004509,11734
caas-1node,mpi,1000000,8,1,block,1024,1,1,0.007164,10310
caas-1node,mpi,1000000,8,1,block,1024,1,2,0.008726,9860
caas-1node,mpi,1000000,8,1,block,1024,1,3,0.009966,9634
caas-1node,mpi,1000000,8,1,block,1024,1,4,0.011021,9448
caas-1node,mpi,1000000,8,1,block,1024,1,5,0.011901,9252
caas-1node,mpi,1000000,8,1,block,1024,1,6,0.012773,9210
caas-1node,mpi,1000000,8,1,block,1024,1,7,0.013464,9050
caas-1node,mpi,1000000,8,1,block,1024,2,0,0.004532,11734
caas-1node,mpi,1000000,8,1,block,1024,2,1,0.007174,10310
caas-1node,mpi,1000000,8,1,block,1024,2,2,0.008735,9860
caas-1node,mpi,1000000,8,1,block,1024,2,3,0.009978,9634
caas-1node,mpi,1000000,8,1,block,1024,2,4,0.011009,9448
caas-1node,mpi,1000000,8,1,block,1024,2,5,0.011905,9252
caas-1node,mpi,1000000,8,1,block,1024,2,6,0.012750,9210
caas-1node,mpi,1000000,8,1,block,1024,2,7,0.013469,9050
caas-1node,mpi,1000000,8,1,block,1024,3,0,0.004518,11734
caas-1node,mpi,1000000,8,1,block,1024,3,1,0.007156,10310
caas-1node,mpi,1000000,8,1,block,1024,3,2,0.008723,9860
caas-1node,mpi,1000000,8,1,block,1024,3,3,0.009967,9634
caas-1node,mpi,1000000,8,1,block,1024,3,4,0.011027,9448
caas-1node,mpi,1000000,8,1,block,1024,3,5,0.011934,9252
caas-1node,mpi,1000000,8,1,block,1024,3,6,0.012763,9210
caas-1node,mpi,1000000,8,1,block,1024,3,7,0.013458,9050
caas-1node,mpi,1000000,8,1,cyclic,1024,1,0,0.009991,9839
caas-1node,mpi,1000000,8,1,cyclic,1024,1,1,0.009996,9816
caas-1node,mpi,1000000,8,1,cyclic,1024,1,2,0.009956,9832
caas-1node,mpi,1000000,8,1,cyclic,1024,1,3,0.010027,9791
caas-1node,mpi,1000000,8,1,cyclic,1024,1,4,0.010013,9815
caas-1node,mpi,1000000,8,1,cyclic,1024,1,5,0.010029,9807
caas-1node,mpi,1000000,8,1,cyclic,1024,1,6,0.009981,9837
caas-1node,mpi,1000000,8,1,cyclic,1024,1,7,0.010045,9761
caas-1node,mpi,1000000,8,1,cyclic,1024,2,0,0.009972,9839
caas-1node,mpi,1000000,8,1,cyclic,1024,2,1,0.009962,9816
caas-1node,mpi,1000000,8,1,cyclic,1024,2,2,0.009985,9832
caas-1node,mpi,1000000,8,1,cyclic,1024,2,3,0.009972,9791
caas-1node,mpi,1000000,8,1,cyclic,1024,2,4,0.009958,9815
caas-1node,mpi,1000000,8,1,cyclic,1024,2,5,0.009976,9807
caas-1node,mpi,1000000,8,1,cyclic,1024,2,6,0.010000,9837
caas-1node,mpi,1000000,8,1,cyclic,1024,2,7,0.009970,9761
caas-1node,mpi,1000000,8,1,cyclic,1024,3,0,0.009965,9839
caas-1node,mpi,1000000,8,1,cyclic,1024,3,1,0.009928,9816
caas-1node,mpi,1000000,8,1,cyclic,1024,3,2,0.009947,9832
caas-1node,mpi,1000000,8,1,cyclic,1024,3,3,0.009960,9791
caas-1node,mpi,1000000,8,1,cyclic,1024,3,4,0.009950,9815
caas-1node,mpi,1000000,8,1,cyclic,1024,3,5,0.009945,9807
caas-1node,mpi,1000000,8,1,cyclic,1024,3,6,0.009990,9837
caas-1node,mpi,1000000,8,1,cyclic,1024,3,7,0.009974,9761
caas-1node,mpi,1000000,8,1,blockcyclic,1024,1,0,0.009963,9994
caas-1node,mpi,1000000,8,1,blockcyclic,1024,1,1,0.009842,9809
caas-1node,mpi,1000000,8,1,blockcyclic,1024,1,2,0.009880,9844
caas-1node,mpi,1000000,8,1,blockcyclic,1024,1,3,0.010005,9839
caas-1node,mpi,1000000,8,1,blockcyclic,1024,1,4,0.009937,9822
caas-1node,mpi,1000000,8,1,blockcyclic,1024,1,5,0.009953,9690
caas-1node,mpi,1000000,8,1,blockcyclic,1024,1,6,0.010027,9784
caas-1node,mpi,1000000,8,1,blockcyclic,1024,1,7,0.009980,9716
caas-1node,mpi,1000000,8,1,blockcyclic,1024,2,0,0.009963,9994
caas-1node,mpi,1000000,8,1,blockcyclic,1024,2,1,0.009858,9809
caas-1node,mpi,1000000,8,1,blockcyclic,1024,2,2,0.009897,9844
caas-1node,mpi,1000000,8,1,blockcyclic,1024,2,3,0.009978,9839
caas-1node,mpi,1000000,8,1,blockcyclic,1024,2,4,0.009920,9822
caas-1node,mpi,1000000,8,1,blockcyclic,1024,2,5,0.009960,9690
caas-1node,mpi,1000000,8,1,blockcyclic,1024,2,6,0.010036,9784
caas-1node,mpi,1000000,8,1,blockcyclic,1024,2,7,0.010005,9716
caas-1node,mpi,1000000,8,1,blockcyclic,1024,3,0,0.009956,9994
caas-1node,mpi,1000000,8,1,blockcyclic,1024,3,1,0.009835,9809
caas-1node,mpi,1000000,8,1,blockcyclic,1024,3,2,0.009890,9844
caas-1node,mpi,1000000,8,1,blockcyclic,1024,3,3,0.009998,9839
caas-1node,mpi,1000000,8,1,blockcyclic,1024,3,4,0.009935,9822
caas-1node,mpi,1000000,8,1,blockcyclic,1024,3,5,0.009949,9690
caas-1node,mpi,1000000,8,1,blockcyclic,1024,3,6,0.010046,9784
caas-1node,mpi,1000000,8,1,blockcyclic,1024,3,7,0.009992,9716
caas-1node,mpi,1000000,8,1,wblock,1024,1,0,0.011711,22044
caas-1node,mpi,1000000,8,1,wblock,1024,1,1,0.010414,11565
caas-1node,mpi,1000000,8,1,wblock,1024,1,2,0.010046,9453
caas-1node,mpi,1000000,8,1,wblock,1024,1,3,0.009788,8275
caas-1node,mpi,1000000,8,1,wblock,1024,1,4,0.009631,7521
caas-1node,mpi,1000000,8,1,wblock,1024,1,5,0.009513,6980
caas-1node,mpi,1000000,8,1,wblock,1024,1,6,0.009372,6516
caas-1node,mpi,1000000,8,1,wblock,1024,1,7,0.009281,6144
caas-1node,mpi,1000000,8,1,wblock,1024,2,0,0.011710,22044
caas-1node,mpi,1000000,8,1,wblock,1024,2,1,0.010417,11565
caas-1node,mpi,1000000,8,1,wblock,1024,2,2,0.010026,9453
caas-1node,mpi,1000000,8,1,wblock,1024,2,3,0.009795,8275
caas-1node,mpi,1000000,8,1,wblock,1024,2,4,0.009619,7521
caas-1node,mpi,1000000,8,1,wblock,1024,2,5,0.009494,6980
caas-1node,mpi,1000000,8,1,wblock,1024,2,6,0.009390,6516
caas-1node,mpi,1000000,8,1,wblock,1024,2,7,0.009294,6144
caas-1node,mpi,1000000,8,1,wblock,1024,3,0,0.011777,22044
caas-1node,mpi,1000000,8,1,wblock,1024,3,1,0.010399,11565
caas-1node,mpi,1000000,8,1,wblock,1024,3,2,0.010024,9453
caas-1node,mpi,1000000,8,1,wblock,1024,3,3,0.009799,8275
caas-1node,mpi,1000000,8,1,wblock,1024,3,4,0.009643,7521
caas-1node,mpi,1000000,8,1,wblock,1024,3,5,0.009515,6980
caas-1node,mpi,1000000,8,1,wblock,1024,3,6,0.009392,6516
caas-1node,mpi,1000000,8,1,wblock,1024,3,7,0.009277,6144
caas-1node,mpi,2000000,8,1,block,1024,1,0,0.011634,22044
caas-1node,mpi,2000000,8,1,block,1024,1,1,0.018687,19494
caas-1node,mpi,2000000,8,1,block,1024,1,2,0.022884,18700
caas-1node,mpi,2000000,8,1,block,1024,1,3,0.026162,18260
caas-1node,mpi,2000000,8,1,block,1024,1,4,0.028975,17971
caas-1node,mpi,2000000,8,1,block,1024,1,5,0.031441,17686
caas-1node,mpi,2000000,8,1,block,1024,1,6,0.033587,17453
caas-1node,mpi,2000000,8,1,block,1024,1,7,0.035647,17325
caas-1node,mpi,2000000,8,1,block,1024,2,0,0.011629,22044
caas-1node,mpi,2000000,8,1,block,1024,2,1,0.018655,19494
caas-1node,mpi,2000000,8,1,block,1024,2,2,0.022876,18700
caas-1node,mpi,2000000,8,1,block,1024,2,3,0.026169,18260
caas-1node,mpi,2000000,8,1,block,1024,2,4,0.029028,17971
caas-1node,mpi,2000000,8,1,block,1024,2,5,0.031440,17686
caas-1node,mpi,2000000,8,1,block,1024,2,6,0.033601,17453
caas-1node,mpi,2000000,8,1,block,1024,2,7,0.035653,17325
caas-1node,mpi,2000000,8,1,block,1024,3,0,0.011652,22044
caas-1node,mpi,2000000,8,1,block,1024,3,1,0.018664,19494
caas-1node,mpi,2000000,8,1,block,1024,3,2,0.022846,18700
caas-1node,mpi,2000000,8,1,block,1024,3,3,0.026174,18260
caas-1node,mpi,2000000,8,1,block,1024,3,4,0.029003,17971
caas-1node,mpi,2000000,8,1,block,1024,3,5,0.031434,17686
caas-1node,mpi,2000000,8,1,block,1024,3,6,0.033600,17453
caas-1node,mpi,2000000,8,1,block,1024,3,7,0.035689,17325
caas-1node,mpi,2000000,8,1,cyclic,1024,1,0,0.026208,18650
caas-1node,mpi,2000000,8,1,cyclic,1024,1,1,0.026140,18640
caas-1node,mpi,2000000,8,1,cyclic,1024,1,2,0.026235,18674
caas-1node,mpi,2000000,8,1,cyclic,1024,1,3,0.026111,18519
caas-1node,mpi,2000000,8,1,cyclic,1024,1,4,0.026175,18612
caas-1node,mpi,2000000,8,1,cyclic,1024,1,5,0.026219,18660
caas-1node,mpi,2000000,8,1,cyclic,1024,1,6,0.026147,18581
caas-1node,mpi,2000000,8,1,cyclic,1024,1,7,0.026213,18597
caas-1node,mpi,2000000,8,1,cyclic,1024,2,0,0.026198,18650
caas-1node,mpi,2000000,8,1,cyclic,1024,2,1,0.026184,18640
caas-1node,mpi,2000000,8,1,cyclic,1024,2,2,0.026183,18674
caas-1node,mpi,2000000,8,1,cyclic,1024,2,3,0.026128,18519
caas-1node,mpi,2000000,8,1,cyclic,1024,2,4,0.026188,18612
caas-1node,mpi,2000000,8,1,cyclic,1024,2,5,0.026263,18660
caas-1node,mpi,2000000,8,1,cyclic,1024,2,6,0.026150,18581
caas-1node,mpi,2000000,8,1,cyclic,1024,2,7,0.026206,18597
caas-1node,mpi,2000000,8,1,cyclic,1024,3,0,0.026173,18650
caas-1node,mpi,2000000,8,1,cyclic,1024,3,1,0.026146,18640
caas-1node,mpi,2000000,8,1,cyclic,1024,3,2,0.026202,18674
caas-1node,mpi,2000000,8,1,cyclic,1024,3,3,0.026141,18519
caas-1node,mpi,2000000,8,1,cyclic,1024,3,4,0.026192,18612
caas-1node,mpi,2000000,8,1,cyclic,1024,3,5,0.026226,18660
caas-1node,mpi,2000000,8,1,cyclic,1024,3,6,0.026119,18581
caas-1node,mpi,2000000,8,1,cyclic,1024,3,7,0.026230,18597
caas-1node,mpi,2000000,8,1,blockcyclic,1024,1,0,0.026180,18771
caas-1node,mpi,2000000,8,1,blockcyclic,1024,1,1,0.026055,18557
caas-1node,mpi,2000000,8,1,blockcyclic,1024,1,2,0.026140,18669
caas-1node,mpi,2000000,8,1,blockcyclic,1024,1,3,0.026328,18541
caas-1node,mpi,2000000,8,1,blockcyclic,1024,1,4,0.026410,18652
caas-1node,mpi,2000000,8,1,blockcyclic,1024,1,5,0.026279,18504
caas-1node,mpi,2000000,8,1,blockcyclic,1024,1,6,0.026431,18646
caas-1node,mpi,2000000,8,1,blockcyclic,1024,1,7,0.026310,18593
caas-1node,mpi,2000000,8,1,blockcyclic,1024,2,0,0.026094,18771
caas-1node,mpi,2000000,8,1,blockcyclic,1024,2,1,0.025962,18557
caas-1node,mpi,2000000,8,1,blockcyclic,1024,2,2,0.026034,18669
caas-1node,mpi,2000000,8,1,blockcyclic,1024,2,3,0.026062,18541
caas-1node,mpi,2000000,8,1,blockcyclic,1024,2,4,0.026160,18652
caas-1node,mpi,2000000,8,1,blockcyclic,1024,2,5,0.026162,18504
caas-1node,mpi,2000000,8,1,blockcyclic,1024,2,6,0.026319,18646
caas-1node,mpi,2000000,8,1,blockcyclic,1024,2,7,0.026449,18593
caas-1node,mpi,2000000,8,1,blockcyclic,1024,3,0,0.026160,18771
caas-1node,mpi,2000000,8,1,blockcyclic,1024,3,1,0.025978,18557
caas-1node,mpi,2000000,8,1,blockcyclic,1024,3,2,0.026070,18669
caas-1node,mpi,2000000,8,1,blockcyclic,1024,3,3,0.027697,18541
caas-1node,mpi,2000000,8,1,blockcyclic,1024,3,4,0.027618,18652
caas-1node,mpi,2000000,8,1,blockcyclic,1024,3,5,0.026217,18504
caas-1node,mpi,2000000,8,1,blockcyclic,1024,3,6,0.026319,18646
caas-1node,mpi,2000000,8,1,blockcyclic,1024,3,7,0.026269,18593
caas-1node,mpi,2000000,8,1,wblock,1024,1,0,0.030289,41538
caas-1node,mpi,2000000,8,1,wblock,1024,1,1,0.027212,21945
caas-1node,mpi,2000000,8,1,wblock,1024,1,2,0.026267,17922
caas-1node,mpi,2000000,8,1,wblock,1024,1,3,0.025749,15772
caas-1node,mpi,2000000,8,1,wblock,1024,1,4,0.025325,14307
caas-1node,mpi,2000000,8,1,wblock,1024,1,5,0.024984,13223
caas-1node,mpi,2000000,8,1,wblock,1024,1,6,0.024715,12436
caas-1node,mpi,2000000,8,1,wblock,1024,1,7,0.024528,11790
caas-1node,mpi,2000000,8,1,wblock,1024,2,0,0.030264,41538
caas-1node,mpi,2000000,8,1,wblock,1024,2,1,0.027241,21945
caas-1node,mpi,2000000,8,1,wblock,1024,2,2,0.026290,17922
caas-1node,mpi,2000000,8,1,wblock,1024,2,3,0.025744,15772
caas-1node,mpi,2000000,8,1,wblock,1024,2,4,0.025365,14307
caas-1node,mpi,2000000,8,1,wblock,1024,2,5,0.024994,13223
caas-1node,mpi,2000000,8,1,wblock,1024,2,6,0.024755,12436
caas-1node,mpi,2000000,8,1,wblock,1024,2,7,0.024587,11790
caas-1node,mpi,2000000,8,1,wblock,1024,3,0,0.030386,41538
caas-1node,mpi,2000000,8,1,wblock,1024,3,1,0.027246,21945
caas-1node,mpi,2000000,8,1,wblock,1024,3,2,0.026459,17922
caas-1node,mpi,2000000,8,1,wblock,1024,3,3,0.025767,15772
caas-1node,mpi,2000000,8,1,wblock,1024,3,4,0.025339,14307
caas-1node,mpi,2000000,8,1,wblock,1024,3,5,0.024987,13223
caas-1node,mpi,2000000,8,1,wblock,1024,3,6,0.024758,12436
caas-1node,mpi,2000000,8,1,wblock,1024,3,7,0.024587,11790
caas-1node,mpi,4000000,8,1,block,1024,1,0,0.030403,41538
caas-1node,mpi,4000000,8,1,block,1024,1,1,0.048991,36960
caas-1node,mpi,4000000,8,1,block,1024,1,2,0.060407,35657
caas-1node,mpi,4000000,8,1,block,1024,1,3,0.069197,34778
caas-1node,mpi,4000000,8,1,block,1024,1,4,0.076626,34139
caas-1node,mpi,4000000,8,1,block,1024,1,5,0.083302,33744
caas-1node,mpi,4000000,8,1,block,1024,1,6,0.089216,33334
caas-1node,mpi,4000000,8,1,block,1024,1,7,0.094592,32996
caas-1node,mpi,4000000,8,1,block,1024,2,0,0.030303,41538
caas-1node,mpi,4000000,8,1,block,1024,2,1,0.048983,36960
caas-1node,mpi,4000000,8,1,block,1024,2,2,0.060331,35657
caas-1node,mpi,4000000,8,1,block,1024,2,3,0.069183,34778
caas-1node,mpi,4000000,8,1,block,1024,2,4,0.076701,34139
caas-1node,mpi,4000000,8,1,block,1024,2,5,0.083288,33744
caas-1node,mpi,4000000,8,1,block,1024,2,6,0.089182,33334
caas-1node,mpi,4000000,8,1,block,1024,2,7,0.094583,32996
caas-1node,mpi,4000000,8,1,block,1024,3,0,0.030481,41538
caas-1node,mpi,4000000,8,1,block,1024,3,1,0.049161,36960
caas-1node,mpi,4000000,8,1,block,1024,3,2,0.060378,35657
caas-1node,mpi,4000000,8,1,block,1024,3,3,0.069151,34778
caas-1node,mpi,4000000,8,1,block,1024,3,4,0.076623,34139
caas-1node,mpi,4000000,8,1,block,1024,3,5,0.083272,33744
caas-1node,mpi,4000000,8,1,block,1024,3,6,0.089163,33334
caas-1node,mpi,4000000,8,1,block,1024,3,7,0.094525,32996
caas-1node,mpi,4000000,8,1,cyclic,1024,1,0,0.069081,35406
caas-1node,mpi,4000000,8,1,cyclic,1024,1,1,0.068996,35375
caas-1node,mpi,4000000,8,1,cyclic,1024,1,2,0.069140,35437
caas-1node,mpi,4000000,8,1,cyclic,1024,1,3,0.069205,35352
caas-1node,mpi,4000000,8,1,cyclic,1024,1,4,0.069110,35418
caas-1node,mpi,4000000,8,1,cyclic,1024,1,5,0.069189,35432
caas-1node,mpi,4000000,8,1,cyclic,1024,1,6,0.069100,35383
caas-1node,mpi,4000000,8,1,cyclic,1024,1,7,0.069180,35343
caas-1node,mpi,4000000,8,1,cyclic,1024,2,0,0.069116,35406
caas-1node,mpi,4000000,8,1,cyclic,1024,2,1,0.069020,35375
caas-1node,mpi,4000000,8,1,cyclic,1024,2,2,0.069145,35437
caas-1node,mpi,4000000,8,1,cyclic,1024,2,3,0.069220,35352
caas-1node,mpi,4000000,8,1,cyclic,1024,2,4,0.069148,35418
caas-1node,mpi,4000000,8,1,cyclic,1024,2,5,0.069203,35432
caas-1node,mpi,4000000,8,1,cyclic,1024,2,6,0.069123,35383
caas-1node,mpi,4000000,8,1,cyclic,1024,2,7,0.069194,35343
caas-1node,mpi,4000000,8,1,cyclic,1024,3,0,0.069125,35406
caas-1node,mpi,4000000,8,1,cyclic,1024,3,1,0.069047,35375
caas-1node,mpi,4000000,8,1,cyclic,1024,3,2,0.069171,35437
caas-1node,mpi,4000000,8,1,cyclic,1024,3,3,0.069245,35352
caas-1node,mpi,4000000,8,1,cyclic,1024,3,4,0.069155,35418
caas-1node,mpi,4000000,8,1,cyclic,1024,3,5,0.069209,35432
caas-1node,mpi,4000000,8,1,cyclic,1024,3,6,0.069125,35383
caas-1node,mpi,4000000,8,1,cyclic,1024,3,7,0.069234,35343
caas-1node,mpi,4000000,8,1,blockcyclic,1024,1,0,0.069036,35436
caas-1node,mpi,4000000,8,1,blockcyclic,1024,1,1,0.068914,35262
caas-1node,mpi,4000000,8,1,blockcyclic,1024,1,2,0.068965,35470
caas-1node,mpi,4000000,8,1,blockcyclic,1024,1,3,0.069035,35335
caas-1node,mpi,4000000,8,1,blockcyclic,1024,1,4,0.069181,35465
caas-1node,mpi,4000000,8,1,blockcyclic,1024,1,5,0.069291,35327
caas-1node,mpi,4000000,8,1,blockcyclic,1024,1,6,0.069441,35440
caas-1node,mpi,4000000,8,1,blockcyclic,1024,1,7,0.069269,35411
caas-1node,mpi,4000000,8,1,blockcyclic,1024,2,0,0.069146,35436
caas-1node,mpi,4000000,8,1,blockcyclic,1024,2,1,0.068743,35262
caas-1node,mpi,4000000,8,1,blockcyclic,1024,2,2,0.068952,35470
caas-1node,mpi,4000000,8,1,blockcyclic,1024,2,3,0.068933,35335
caas-1node,mpi,4000000,8,1,blockcyclic,1024,2,4,0.069184,35465
caas-1node,mpi,4000000,8,1,blockcyclic,1024,2,5,0.069241,35327
caas-1node,mpi,4000000,8,1,blockcyclic,1024,2,6,0.069666,35440
caas-1node,mpi,4000000,8,1,blockcyclic,1024,2,7,0.069525,35411
caas-1node,mpi,4000000,8,1,blockcyclic,1024,3,0,0.069023,35436
caas-1node,mpi,4000000,8,1,blockcyclic,1024,3,1,0.069011,35262
caas-1node,mpi,4000000,8,1,blockcyclic,1024,3,2,0.068967,35470
caas-1node,mpi,4000000,8,1,blockcyclic,1024,3,3,0.069076,35335
caas-1node,mpi,4000000,8,1,blockcyclic,1024,3,4,0.069336,35465
caas-1node,mpi,4000000,8,1,blockcyclic,1024,3,5,0.069304,35327
caas-1node,mpi,4000000,8,1,blockcyclic,1024,3,6,0.069422,35440
caas-1node,mpi,4000000,8,1,blockcyclic,1024,3,7,0.069275,35411
caas-1node,mpi,4000000,8,1,wblock,1024,1,0,0.079394,78498
caas-1node,mpi,4000000,8,1,wblock,1024,1,1,0.071840,41757
caas-1node,mpi,4000000,8,1,wblock,1024,1,2,0.069515,34196
caas-1node,mpi,4000000,8,1,wblock,1024,1,3,0.068201,29959
caas-1node,mpi,4000000,8,1,wblock,1024,1,4,0.067062,27315
caas-1node,mpi,4000000,8,1,wblock,1024,1,5,0.066335,25294
caas-1node,mpi,4000000,8,1,wblock,1024,1,6,0.065483,23649
caas-1node,mpi,4000000,8,1,wblock,1024,1,7,0.065078,22478
caas-1node,mpi,4000000,8,1,wblock,1024,2,0,0.079163,78498
caas-1node,mpi,4000000,8,1,wblock,1024,2,1,0.071871,41757
caas-1node,mpi,4000000,8,1,wblock,1024,2,2,0.069498,34196
caas-1node,mpi,4000000,8,1,wblock,1024,2,3,0.067994,29959
caas-1node,mpi,4000000,8,1,wblock,1024,2,4,0.067076,27315
caas-1node,mpi,4000000,8,1,wblock,1024,2,5,0.066284,25294
caas-1node,mpi,4000000,8,1,wblock,1024,2,6,0.065481,23649
caas-1node,mpi,4000000,8,1,wblock,1024,2,7,0.065119,22478
caas-1node,mpi,4000000,8,1,wblock,1024,3,0,0.079250,78498
caas-1node,mpi,4000000,8,1,wblock,1024,3,1,0.071835,41757
caas-1node,mpi,4000000,8,1,wblock,1024,3,2,0.069497,34196
caas-1node,mpi,4000000,8,1,wblock,1024,3,3,0.068022,29959
caas-1node,mpi,4000000,8,1,wblock,1024,3,4,0.067088,27315
caas-1node,mpi,4000000,8,1,wblock,1024,3,5,0.066257,25294
caas-1node,mpi,4000000,8,1,wblock,1024,3,6,0.065478,23649
caas-1node,mpi,4000000,8,1,wblock,1024,3,7,0.065071,22478
caas-1node,mpi,6000000,8,1,block,1024,1,0,0.053113,60238
caas-1node,mpi,6000000,8,1,block,1024,1,1,0.086431,53917
caas-1node,mpi,6000000,8,1,block,1024,1,2,0.106580,51926
caas-1node,mpi,6000000,8,1,block,1024,1,3,0.122401,50735
caas-1node,mpi,6000000,8,1,block,1024,1,4,0.135734,49901
caas-1node,mpi,6000000,8,1,block,1024,1,5,0.147540,49231
caas-1node,mpi,6000000,8,1,block,1024,1,6,0.158360,48737
caas-1node,mpi,6000000,8,1,block,1024,1,7,0.167821,48164
caas-1node,mpi,6000000,8,1,block,1024,2,0,0.053041,60238
caas-1node,mpi,6000000,8,1,block,1024,2,1,0.086451,53917
caas-1node,mpi,6000000,8,1,block,1024,2,2,0.106541,51926
caas-1node,mpi,6000000,8,1,block,1024,2,3,0.122423,50735
caas-1node,mpi,6000000,8,1,block,1024,2,4,0.135880,49901
caas-1node,mpi,6000000,8,1,block,1024,2,5,0.147504,49231
caas-1node,mpi,6000000,8,1,block,1024,2,6,0.158217,48737
caas-1node,mpi,6000000,8,1,block,1024,2,7,0.167653,48164
caas-1node,mpi,6000000,8,1,block,1024,3,0,0.053146,60238
caas-1node,mpi,6000000,8,1,block,1024,3,1,0.086489,53917
caas-1node,mpi,6000000,8,1,block,1024,3,2,0.106601,51926
caas-1node,mpi,6000000,8,1,block,1024,3,3,0.122400,50735
caas-1node,mpi,6000000,8,1,block,1024,3,4,0.135800,49901
caas-1node,mpi,6000000,8,1,block,1024,3,5,0.147490,49231
caas-1node,mpi,6000000,8,1,block,1024,3,6,0.158216,48737
caas-1node,mpi,6000000,8,1,block,1024,3,7,0.167600,48164
caas-1node,mpi,6000000,8,1,cyclic,1024,1,0,0.122255,51583
caas-1node,mpi,6000000,8,1,cyclic,1024,1,1,0.122229,51603
caas-1node,mpi,6000000,8,1,cyclic,1024,1,2,0.122236,51596
caas-1node,mpi,6000000,8,1,cyclic,1024,1,3,0.122436,51551
caas-1node,mpi,6000000,8,1,cyclic,1024,1,4,0.122523,51689
caas-1node,mpi,6000000,8,1,cyclic,1024,1,5,0.122467,51639
caas-1node,mpi,6000000,8,1,cyclic,1024,1,6,0.122453,51649
caas-1node,mpi,6000000,8,1,cyclic,1024,1,7,0.122411,51539
caas-1node,mpi,6000000,8,1,cyclic,1024,2,0,0.122171,51583
caas-1node,mpi,6000000,8,1,cyclic,1024,2,1,0.122172,51603
caas-1node,mpi,6000000,8,1,cyclic,1024,2,2,0.122216,51596
caas-1node,mpi,6000000,8,1,cyclic,1024,2,3,0.122449,51551
caas-1node,mpi,6000000,8,1,cyclic,1024,2,4,0.122465,51689
caas-1node,mpi,6000000,8,1,cyclic,1024,2,5,0.122385,51639
caas-1node,mpi,6000000,8,1,cyclic,1024,2,6,0.122392,51649
caas-1node,mpi,6000000,8,1,cyclic,1024,2,7,0.122400,51539
caas-1node,mpi,6000000,8,1,cyclic,1024,3,0,0.122202,51583
caas-1node,mpi,6000000,8,1,cyclic,1024,3,1,0.122172,51603
caas-1node,mpi,6000000,8,1,cyclic,1024,3,2,0.122188,51596
caas-1node,mpi,6000000,8,1,cyclic,1024,3,3,0.122386,51551
caas-1node,mpi,6000000,8,1,cyclic,1024,3,4,0.122454,51689
caas-1node,mpi,6000000,8,1,cyclic,1024,3,5,0.122358,51639
caas-1node,mpi,6000000,8,1,cyclic,1024,3,6,0.122382,51649
caas-1node,mpi,6000000,8,1,cyclic,1024,3,7,0.122368,51539
caas-1node,mpi,6000000,8,1,blockcyclic,1024,1,0,0.122085,51533
caas-1node,mpi,6000000,8,1,blockcyclic,1024,1,1,0.122340,51513
caas-1node,mpi,6000000,8,1,blockcyclic,1024,1,2,0.122009,51653
caas-1node,mpi,6000000,8,1,blockcyclic,1024,1,3,0.122135,51529
caas-1node,mpi,6000000,8,1,blockcyclic,1024,1,4,0.122227,51578
caas-1node,mpi,6000000,8,1,blockcyclic,1024,1,5,0.122460,51636
caas-1node,mpi,6000000,8,1,blockcyclic,1024,1,6,0.122690,51714
caas-1node,mpi,6000000,8,1,blockcyclic,1024,1,7,0.122513,51693
caas-1node,mpi,6000000,8,1,blockcyclic,1024,2,0,0.122027,51533
caas-1node,mpi,6000000,8,1,blockcyclic,1024,2,1,0.122208,51513
caas-1node,mpi,6000000,8,1,blockcyclic,1024,2,2,0.122072,51653
caas-1node,mpi,6000000,8,1,blockcyclic,1024,2,3,0.121993,51529
caas-1node,mpi,6000000,8,1,blockcyclic,1024,2,4,0.122116,51578
caas-1node,mpi,6000000,8,1,blockcyclic,1024,2,5,0.122509,51636
caas-1node,mpi,6000000,8,1,blockcyclic,1024,2,6,0.122710,51714
caas-1node,mpi,6000000,8,1,blockcyclic,1024,2,7,0.122436,51693
caas-1node,mpi,6000000,8,1,blockcyclic,1024,3,0,0.122073,51533
caas-1node,mpi,6000000,8,1,blockcyclic,1024,3,1,0.122331,51513
caas-1node,mpi,6000000,8,1,blockcyclic,1024,3,2,0.122132,51653
caas-1node,mpi,6000000,8,1,blockcyclic,1024,3,3,0.121981,51529
caas-1node,mpi,6000000,8,1,blockcyclic,1024,3,4,0.122056,51578
caas-1node,mpi,6000000,8,1,blockcyclic,1024,3,5,0.122715,51636
caas-1node,mpi,6000000,8,1,blockcyclic,1024,3,6,0.122712,51714
caas-1node,mpi,6000000,8,1,blockcyclic,1024,3,7,0.122436,51693
caas-1node,mpi,6000000,8,1,wblock,1024,1,0,0.139437,114155
caas-1node,mpi,6000000,8,1,wblock,1024,1,1,0.126868,60841
caas-1node,mpi,6000000,8,1,wblock,1024,1,2,0.123031,49857
caas-1node,mpi,6000000,8,1,wblock,1024,1,3,0.120535,43805
caas-1node,mpi,6000000,8,1,wblock,1024,1,4,0.118873,39784
caas-1node,mpi,6000000,8,1,wblock,1024,1,5,0.117562,36982
caas-1node,mpi,6000000,8,1,wblock,1024,1,6,0.116393,34659
caas-1node,mpi,6000000,8,1,wblock,1024,1,7,0.115222,32766
caas-1node,mpi,6000000,8,1,wblock,1024,2,0,0.139477,114155
caas-1node,mpi,6000000,8,1,wblock,1024,2,1,0.126861,60841
caas-1node,mpi,6000000,8,1,wblock,1024,2,2,0.123010,49857
caas-1node,mpi,6000000,8,1,wblock,1024,2,3,0.120511,43805
caas-1node,mpi,6000000,8,1,wblock,1024,2,4,0.118723,39784
caas-1node,mpi,6000000,8,1,wblock,1024,2,5,0.117572,36982
caas-1node,mpi,6000000,8,1,wblock,1024,2,6,0.116346,34659
caas-1node,mpi,6000000,8,1,wblock,1024,2,7,0.115220,32766
caas-1node,mpi,6000000,8,1,wblock,1024,3,0,0.139546,114155
caas-1node,mpi,6000000,8,1,wblock,1024,3,1,0.126892,60841
caas-1node,mpi,6000000,8,1,wblock,1024,3,2,0.123033,49857
caas-1node,mpi,6000000,8,1,wblock,1024,3,3,0.120569,43805
caas-1node,mpi,6000000,8,1,wblock,1024,3,4,0.118720,39784
caas-1node,mpi,6000000,8,1,wblock,1024,3,5,0.117588,36982
caas-1node,mpi,6000000,8,1,wblock,1024,3,6,0.116459,34659
caas-1node,mpi,6000000,8,1,wblock,1024,3,7,0.115279,32766
caas-1node,mpi,8000000,8,1,block,1024,1,0,0.079155,78498
caas-1node,mpi,8000000,8,1,block,1024,1,1,0.129445,70435
caas-1node,mpi,8000000,8,1,block,1024,1,2,0.159825,67883
caas-1node,mpi,8000000,8,1,block,1024,1,3,0.183910,66330
caas-1node,mpi,8000000,8,1,block,1024,1,4,0.203977,65367
caas-1node,mpi,8000000,8,1,block,1024,1,5,0.221695,64336
caas-1node,mpi,8000000,8,1,block,1024,1,6,0.237769,63799
caas-1node,mpi,8000000,8,1,block,1024,1,7,0.252226,63129
caas-1node,mpi,8000000,8,1,block,1024,2,0,0.079187,78498
caas-1node,mpi,8000000,8,1,block,1024,2,1,0.129496,70435
caas-1node,mpi,8000000,8,1,block,1024,2,2,0.159905,67883
caas-1node,mpi,8000000,8,1,block,1024,2,3,0.183617,66330
caas-1node,mpi,8000000,8,1,block,1024,2,4,0.204205,65367
caas-1node,mpi,8000000,8,1,block,1024,2,5,0.221611,64336
caas-1node,mpi,8000000,8,1,block,1024,2,6,0.237833,63799
caas-1node,mpi,8000000,8,1,block,1024,2,7,0.252262,63129
caas-1node,mpi,8000000,8,1,block,1024,3,0,0.079221,78498
caas-1node,mpi,8000000,8,1,block,1024,3,1,0.129428,70435
caas-1node,mpi,8000000,8,1,block,1024,3,2,0.159852,67883
caas-1node,mpi,8000000,8,1,block,1024,3,3,0.183621,66330
caas-1node,mpi,8000000,8,1,block,1024,3,4,0.204074,65367
caas-1node,mpi,8000000,8,1,block,1024,3,5,0.221508,64336
caas-1node,mpi,8000000,8,1,block,1024,3,6,0.237725,63799
caas-1node,mpi,8000000,8,1,block,1024,3,7,0.252230,63129
caas-1node,mpi,8000000,8,1,cyclic,1024,1,0,0.183528,67478
caas-1node,mpi,8000000,8,1,cyclic,1024,1,1,0.183639,67524
caas-1node,mpi,8000000,8,1,cyclic,1024,1,2,0.183549,67517
caas-1node,mpi,8000000,8,1,cyclic,1024,1,3,0.183606,67370
caas-1node,mpi,8000000,8,1,cyclic,1024,1,4,0.183725,67560
caas-1node,mpi,8000000,8,1,cyclic,1024,1,5,0.183655,67497
caas-1node,mpi,8000000,8,1,cyclic,1024,1,6,0.183618,67463
caas-1node,mpi,8000000,8,1,cyclic,1024,1,7,0.183654,67368
caas-1node,mpi,8000000,8,1,cyclic,1024,2,0,0.183492,67478
caas-1node,mpi,8000000,8,1,cyclic,1024,2,1,0.183602,67524
caas-1node,mpi,8000000,8,1,cyclic,1024,2,2,0.183552,67517
caas-1node,mpi,8000000,8,1,cyclic,1024,2,3,0.183560,67370
caas-1node,mpi,8000000,8,1,cyclic,1024,2,4,0.183766,67560
caas-1node,mpi,8000000,8,1,cyclic,1024,2,5,0.183645,67497
caas-1node,mpi,8000000,8,1,cyclic,1024,2,6,0.183603,67463
caas-1node,mpi,8000000,8,1,cyclic,1024,2,7,0.183599,67368
caas-1node,mpi,8000000,8,1,cyclic,1024,3,0,0.183540,67478
caas-1node,mpi,8000000,8,1,cyclic,1024,3,1,0.183642,67524
caas-1node,mpi,8000000,8,1,cyclic,1024,3,2,0.183597,67517
caas-1node,mpi,8000000,8,1,cyclic,1024,3,3,0.183571,67370
caas-1node,mpi,8000000,8,1,cyclic,1024,3,4,0.183744,67560
caas-1node,mpi,8000000,8,1,cyclic,1024,3,5,0.183619,67497
caas-1node,mpi,8000000,8,1,cyclic,1024,3,6,0.183541,67463
caas-1node,mpi,8000000,8,1,cyclic,1024,3,7,0.183632,67368
caas-1node,mpi,8000000,8,1,blockcyclic,1024,1,0,0.182907,67322
caas-1node,mpi,8000000,8,1,blockcyclic,1024,1,1,0.183370,67270
caas-1node,mpi,8000000,8,1,blockcyclic,1024,1,2,0.183533,67600
caas-1node,mpi,8000000,8,1,blockcyclic,1024,1,3,0.183504,67420
caas-1node,mpi,8000000,8,1,blockcyclic,1024,1,4,0.183465,67523
caas-1node,mpi,8000000,8,1,blockcyclic,1024,1,5,0.183857,67572
caas-1node,mpi,8000000,8,1,blockcyclic,1024,1,6,0.184037,67626
caas-1node,mpi,8000000,8,1,blockcyclic,1024,1,7,0.183561,67444
caas-1node,mpi,8000000,8,1,blockcyclic,1024,2,0,0.183059,67322
caas-1node,mpi,8000000,8,1,blockcyclic,1024,2,1,0.183359,67270
caas-1node,mpi,8000000,8,1,blockcyclic,1024,2,2,0.183538,67600
caas-1node,mpi,8000000,8,1,blockcyclic,1024,2,3,0.183448,67420
caas-1node,mpi,8000000,8,1,blockcyclic,1024,2,4,0.183431,67523
caas-1node,mpi,8000000,8,1,blockcyclic,1024,2,5,0.183874,67572
caas-1node,mpi,8000000,8,1,blockcyclic,1024,2,6,0.184046,67626
caas-1node,mpi,8000000,8,1,blockcyclic,1024,2,7,0.183619,67444
caas-1node,mpi,8000000,8,1,blockcyclic,1024,3,0,0.183052,67322
caas-1node,mpi,8000000,8,1,blockcyclic,1024,3,1,0.183368,67270
caas-1node,mpi,8000000,8,1,blockcyclic,1024,3,2,0.183555,67600
caas-1node,mpi,8000000,8,1,blockcyclic,1024,3,3,0.183477,67420
caas-1node,mpi,8000000,8,1,blockcyclic,1024,3,4,0.183445,67523
caas-1node,mpi,8000000,8,1,blockcyclic,1024,3,5,0.183879,67572
caas-1node,mpi,8000000,8,1,blockcyclic,1024,3,6,0.184032,67626
caas-1node,mpi,8000000,8,1,blockcyclic,1024,3,7,0.183490,67444
caas-1node,mpi,8000000,8,1,wblock,1024,1,0,0.208527,148933
caas-1node,mpi,8000000,8,1,wblock,1024,1,1,0.190394,79579
caas-1node,mpi,8000000,8,1,wblock,1024,1,2,0.184422,65172
caas-1node,mpi,8000000,8,1,wblock,1024,1,3,0.181024,57383
caas-1node,mpi,8000000,8,1,wblock,1024,1,4,0.178393,52013
caas-1node,mpi,8000000,8,1,wblock,1024,1,5,0.176430,48324
caas-1node,mpi,8000000,8,1,wblock,1024,1,6,0.174973,45435
caas-1node,mpi,8000000,8,1,wblock,1024,1,7,0.173374,42938
caas-1node,mpi,8000000,8,1,wblock,1024,2,0,0.208495,148933
caas-1node,mpi,8000000,8,1,wblock,1024,2,1,0.190307,79579
caas-1node,mpi,8000000,8,1,wblock,1024,2,2,0.184431,65172
caas-1node,mpi,8000000,8,1,wblock,1024,2,3,0.181034,57383
caas-1node,mpi,8000000,8,1,wblock,1024,2,4,0.178277,52013
caas-1node,mpi,8000000,8,1,wblock,1024,2,5,0.176410,48324
caas-1node,mpi,8000000,8,1,wblock,1024,2,6,0.174959,45435
caas-1node,mpi,8000000,8,1,wblock,1024,2,7,0.173393,42938
caas-1node,mpi,8000000,8,1,wblock,1024,3,0,0.208709,148933
caas-1node,mpi,8000000,8,1,wblock,1024,3,1,0.190358,79579
caas-1node,mpi,8000000,8,1,wblock,1024,3,2,0.184483,65172
caas-1node,mpi,8000000,8,1,wblock,1024,3,3,0.181203,57383
caas-1node,mpi,8000000,8,1,wblock,1024,3,4,0.178330,52013
caas-1node,mpi,8000000,8,1,wblock,1024,3,5,0.176446,48324
caas-1node,mpi,8000000,8,1,wblock,1024,3,6,0.175049,45435
caas-1node,mpi,8000000,8,1,wblock,1024,3,7,0.173446,42938
caas-1node,mpi,10000000,8,1,block,1024,1,0,0.108083,96469
caas-1node,mpi,10000000,8,1,block,1024,1,1,0.176947,86603
caas-1node,mpi,10000000,8,1,block,1024,1,2,0.218944,83645
caas-1node,mpi,10000000,8,1,block,1024,1,3,0.251751,81796
caas-1node,mpi,10000000,8,1,block,1024,1,4,0.279343,80303
caas-1node,mpi,10000000,8,1,block,1024,1,5,0.304169,79445
caas-1node,mpi,10000000,8,1,block,1024,1,6,0.326234,78589
caas-1node,mpi,10000000,8,1,block,1024,1,7,0.345770,77729
caas-1node,mpi,10000000,8,1,block,1024,2,0,0.108104,96469
caas-1node,mpi,10000000,8,1,block,1024,2,1,0.177069,86603
caas-1node,mpi,10000000,8,1,block,1024,2,2,0.218969,83645
caas-1node,mpi,10000000,8,1,block,1024,2,3,0.251798,81796
caas-1node,mpi,10000000,8,1,block,1024,2,4,0.279238,80303
caas-1node,mpi,10000000,8,1,block,1024,2,5,0.304002,79445
caas-1node,mpi,10000000,8,1,block,1024,2,6,0.326070,78589
caas-1node,mpi,10000000,8,1,block,1024,2,7,0.345728,77729
caas-1node,mpi,10000000,8,1,block,1024,3,0,0.108067,96469
caas-1node,mpi,10000000,8,1,block,1024,3,1,0.177007,86603
caas-1node,mpi,10000000,8,1,block,1024,3,2,0.218954,83645
caas-1node,mpi,10000000,8,1,block,1024,3,3,0.251792,81796
caas-1node,mpi,10000000,8,1,block,1024,3,4,0.279324,80303
caas-1node,mpi,10000000,8,1,block,1024,3,5,0.304005,79445
caas-1node,mpi,10000000,8,1,block,1024,3,6,0.326027,78589
caas-1node,mpi,10000000,8,1,block,1024,3,7,0.345898,77729
caas-1node,mpi,10000000,8,1,cyclic,1024,1,0,0.251451,83040
caas-1node,mpi,10000000,8,1,cyclic,1024,1,1,0.251549,83065
caas-1node,mpi,10000000,8,1,cyclic,1024,1,2,0.251549,83117
caas-1node,mpi,10000000,8,1,cyclic,1024,1,3,0.252309,83009
caas-1node,mpi,10000000,8,1,cyclic,1024,1,4,0.251798,83122
caas-1node,mpi,10000000,8,1,cyclic,1024,1,5,0.251894,83139
caas-1node,mpi,10000000,8,1,cyclic,1024,1,6,0.251799,83120
caas-1node,mpi,10000000,8,1,cyclic,1024,1,7,0.251697,82967
caas-1node,mpi,10000000,8,1,cyclic,1024,2,0,0.251410,83040
caas-1node,mpi,10000000,8,1,cyclic,1024,2,1,0.251517,83065
caas-1node,mpi,10000000,8,1,cyclic,1024,2,2,0.251522,83117
caas-1node,mpi,10000000,8,1,cyclic,1024,2,3,0.252027,83009
caas-1node,mpi,10000000,8,1,cyclic,1024,2,4,0.251674,83122
caas-1node,mpi,10000000,8,1,cyclic,1024,2,5,0.251773,83139
caas-1node,mpi,10000000,8,1,cyclic,1024,2,6,0.251719,83120
caas-1node,mpi,10000000,8,1,cyclic,1024,2,7,0.251963,82967
caas-1node,mpi,10000000,8,1,cyclic,1024,3,0,0.251472,83040
caas-1node,mpi,10000000,8,1,cyclic,1024,3,1,0.251477,83065
caas-1node,mpi,10000000,8,1,cyclic,1024,3,2,0.251562,83117
caas-1node,mpi,10000000,8,1,cyclic,1024,3,3,0.251835,83009
caas-1node,mpi,10000000,8,1,cyclic,1024,3,4,0.251801,83122
caas-1node,mpi,10000000,8,1,cyclic,1024,3,5,0.251850,83139
caas-1node,mpi,10000000,8,1,cyclic,1024,3,6,0.251800,83120
caas-1node,mpi,10000000,8,1,cyclic,1024,3,7,0.251729,82967
caas-1node,mpi,10000000,8,1,blockcyclic,1024,1,0,0.251119,82992
caas-1node,mpi,10000000,8,1,blockcyclic,1024,1,1,0.251385,82829
caas-1node,mpi,10000000,8,1,blockcyclic,1024,1,2,0.251834,83245
caas-1node,mpi,10000000,8,1,blockcyclic,1024,1,3,0.251696,83065
caas-1node,mpi,10000000,8,1,blockcyclic,1024,1,4,0.251606,83091
caas-1node,mpi,10000000,8,1,blockcyclic,1024,1,5,0.251943,83183
caas-1node,mpi,10000000,8,1,blockcyclic,1024,1,6,0.251814,83121
caas-1node,mpi,10000000,8,1,blockcyclic,1024,1,7,0.251738,83053
caas-1node,mpi,10000000,8,1,blockcyclic,1024,2,0,0.250948,82992
caas-1node,mpi,10000000,8,1,blockcyclic,1024,2,1,0.251215,82829
caas-1node,mpi,10000000,8,1,blockcyclic,1024,2,2,0.251789,83245
caas-1node,mpi,10000000,8,1,blockcyclic,1024,2,3,0.251630,83065
caas-1node,mpi,10000000,8,1,blockcyclic,1024,2,4,0.251353,83091
caas-1node,mpi,10000000,8,1,blockcyclic,1024,2,5,0.251854,83183
caas-1node,mpi,10000000,8,1,blockcyclic,1024,2,6,0.251934,83121
caas-1node,mpi,10000000,8,1,blockcyclic,1024,2,7,0.251601,83053
caas-1node,mpi,10000000,8,1,blockcyclic,1024,3,0,0.250927,82992
caas-1node,mpi,10000000,8,1,blockcyclic,1024,3,1,0.251263,82829
caas-1node,mpi,10000000,8,1,blockcyclic,1024,3,2,0.251723,83245
caas-1node,mpi,10000000,8,1,blockcyclic,1024,3,3,0.251720,83065
caas-1node,mpi,10000000,8,1,blockcyclic,1024,3,4,0.251522,83091
caas-1node,mpi,10000000,8,1,blockcyclic,1024,3,5,0.251810,83183
caas-1node,mpi,10000000,8,1,blockcyclic,1024,3,6,0.251700,83121
caas-1node,mpi,10000000,8,1,blockcyclic,1024,3,7,0.251692,83053
caas-1node,mpi,10000000,8,1,wblock,1024,1,0,0.284994,183072
caas-1node,mpi,10000000,8,1,wblock,1024,1,1,0.260641,98027
caas-1node,mpi,10000000,8,1,wblock,1024,1,2,0.253001,80323
caas-1node,mpi,10000000,8,1,wblock,1024,1,3,0.248097,70624
caas-1node,mpi,10000000,8,1,wblock,1024,1,4,0.244757,64252
caas-1node,mpi,10000000,8,1,wblock,1024,1,5,0.242159,59480
caas-1node,mpi,10000000,8,1,wblock,1024,1,6,0.239853,55905
caas-1node,mpi,10000000,8,1,wblock,1024,1,7,0.237702,52896
caas-1node,mpi,10000000,8,1,wblock,1024,2,0,0.285027,183072
caas-1node,mpi,10000000,8,1,wblock,1024,2,1,0.260712,98027
caas-1node,mpi,10000000,8,1,wblock,1024,2,2,0.252970,80323
caas-1node,mpi,10000000,8,1,wblock,1024,2,3,0.248079,70624
caas-1node,mpi,10000000,8,1,wblock,1024,2,4,0.244984,64252
caas-1node,mpi,10000000,8,1,wblock,1024,2,5,0.241986,59480
caas-1node,mpi,10000000,8,1,wblock,1024,2,6,0.239833,55905
caas-1node,mpi,10000000,8,1,wblock,1024,2,7,0.237863,52896
caas-1node,mpi,10000000,8,1,wblock,1024,3,0,0.285063,183072
caas-1node,mpi,10000000,8,1,wblock,1024,3,1,0.260827,98027
caas-1node,mpi,10000000,8,1,wblock,1024,3,2,0.252984,80323
caas-1node,mpi,10000000,8,1,wblock,1024,3,3,0.248140,70624
caas-1node,mpi,10000000,8,1,wblock,1024,3,4,0.244975,64252
caas-1node,mpi,10000000,8,1,wblock,1024,3,5,0.241968,59480
caas-1node,mpi,10000000,8,1,wblock,1024,3,6,0.240003,55905
caas-1node,mpi,10000000,8,1,wblock,1024,3,7,0.237974,52896
caas-1node,mpi,14000000,8,1,block,1024,1,0,0.173037,131608
caas-1node,mpi,14000000,8,1,block,1024,1,1,0.284429,118542
caas-1node,mpi,14000000,8,1,block,1024,1,2,0.352499,114535
caas-1node,mpi,14000000,8,1,block,1024,1,3,0.405405,111963
caas-1node,mpi,14000000,8,1,block,1024,1,4,0.450291,110202
caas-1node,mpi,14000000,8,1,block,1024,1,5,0.489688,108759
caas-1node,mpi,14000000,8,1,block,1024,1,6,0.525864,107749
caas-1node,mpi,14000000,8,1,block,1024,1,7,0.558301,106719
caas-1node,mpi,14000000,8,1,block,1024,2,0,0.172945,131608
caas-1node,mpi,14000000,8,1,block,1024,2,1,0.284615,118542
caas-1node,mpi,14000000,8,1,block,1024,2,2,0.352208,114535
caas-1node,mpi,14000000,8,1,block,1024,2,3,0.405361,111963
caas-1node,mpi,14000000,8,1,block,1024,2,4,0.450459,110202
caas-1node,mpi,14000000,8,1,block,1024,2,5,0.489705,108759
caas-1node,mpi,14000000,8,1,block,1024,2,6,0.525872,107749
caas-1node,mpi,14000000,8,1,block,1024,2,7,0.558420,106719
caas-1node,mpi,14000000,8,1,block,1024,3,0,0.173312,131608
caas-1node,mpi,14000000,8,1,block,1024,3,1,0.285086,118542
caas-1node,mpi,14000000,8,1,block,1024,3,2,0.352454,114535
caas-1node,mpi,14000000,8,1,block,1024,3,3,0.405546,111963
caas-1node,mpi,14000000,8,1,block,1024,3,4,0.450639,110202
caas-1node,mpi,14000000,8,1,block,1024,3,5,0.490207,108759
caas-1node,mpi,14000000,8,1,block,1024,3,6,0.527124,107749
caas-1node,mpi,14000000,8,1,block,1024,3,7,0.558939,106719
caas-1node,mpi,14000000,8,1,cyclic,1024,1,0,0.405241,113781
caas-1node,mpi,14000000,8,1,cyclic,1024,1,1,0.404997,113773
caas-1node,mpi,14000000,8,1,cyclic,1024,1,2,0.405027,113780
caas-1node,mpi,14000000,8,1,cyclic,1024,1,3,0.405592,113723
caas-1node,mpi,14000000,8,1,cyclic,1024,1,4,0.405142,113745
caas-1node,mpi,14000000,8,1,cyclic,1024,1,5,0.405658,113847
caas-1node,mpi,14000000,8,1,cyclic,1024,1,6,0.405242,113798
caas-1node,mpi,14000000,8,1,cyclic,1024,1,7,0.405366,113630
caas-1node,mpi,14000000,8,1,cyclic,1024,2,0,0.409391,113781
caas-1node,mpi,14000000,8,1,cyclic,1024,2,1,0.405050,113773
caas-1node,mpi,14000000,8,1,cyclic,1024,2,2,0.405042,113780
caas-1node,mpi,14000000,8,1,cyclic,1024,2,3,0.405516,113723
caas-1node,mpi,14000000,8,1,cyclic,1024,2,4,0.405152,113745
caas-1node,mpi,14000000,8,1,cyclic,1024,2,5,0.405623,113847
caas-1node,mpi,14000000,8,1,cyclic,1024,2,6,0.405262,113798
caas-1node,mpi,14000000,8,1,cyclic,1024,2,7,0.405264,113630
caas-1node,mpi,14000000,8,1,cyclic,1024,3,0,0.405302,113781
caas-1node,mpi,14000000,8,1,cyclic,1024,3,1,0.405522,113773
caas-1node,mpi,14000000,8,1,cyclic,1024,3,2,0.405288,113780
caas-1node,mpi,14000000,8,1,cyclic,1024,3,3,0.406249,113723
caas-1node,mpi,14000000,8,1,cyclic,1024,3,4,0.405326,113745
caas-1node,mpi,14000000,8,1,cyclic,1024,3,5,0.405698,113847
caas-1node,mpi,14000000,8,1,cyclic,1024,3,6,0.405696,113798
caas-1node,mpi,14000000,8,1,cyclic,1024,3,7,0.406903,113630
caas-1node,mpi,14000000,8,1,blockcyclic,1024,1,0,0.404446,113714
caas-1node,mpi,14000000,8,1,blockcyclic,1024,1,1,0.405310,113623
caas-1node,mpi,14000000,8,1,blockcyclic,1024,1,2,0.405220,113826
caas-1node,mpi,14000000,8,1,blockcyclic,1024,1,3,0.405581,113796
caas-1node,mpi,14000000,8,1,blockcyclic,1024,1,4,0.405328,113908
caas-1node,mpi,14000000,8,1,blockcyclic,1024,1,5,0.404817,113701
caas-1node,mpi,14000000,8,1,blockcyclic,1024,1,6,0.404546,113680
caas-1node,mpi,14000000,8,1,blockcyclic,1024,1,7,0.405452,113829
caas-1node,mpi,14000000,8,1,blockcyclic,1024,2,0,0.404539,113714
caas-1node,mpi,14000000,8,1,blockcyclic,1024,2,1,0.406299,113623
caas-1node,mpi,14000000,8,1,blockcyclic,1024,2,2,0.405747,113826
caas-1node,mpi,14000000,8,1,blockcyclic,1024,2,3,0.405690,113796
caas-1node,mpi,14000000,8,1,blockcyclic,1024,2,4,0.405402,113908
caas-1node,mpi,14000000,8,1,blockcyclic,1024,2,5,0.405170,113701
caas-1node,mpi,14000000,8,1,blockcyclic,1024,2,6,0.404799,113680
caas-1node,mpi,14000000,8,1,blockcyclic,1024,2,7,0.405617,113829
caas-1node,mpi,14000000,8,1,blockcyclic,1024,3,0,0.404336,113714
caas-1node,mpi,14000000,8,1,blockcyclic,1024,3,1,0.405183,113623
caas-1node,mpi,14000000,8,1,blockcyclic,1024,3,2,0.405175,113826
caas-1node,mpi,14000000,8,1,blockcyclic,1024,3,3,0.405389,113796
caas-1node,mpi,14000000,8,1,blockcyclic,1024,3,4,0.405201,113908
caas-1node,mpi,14000000,8,1,blockcyclic,1024,3,5,0.404808,113701
caas-1node,mpi,14000000,8,1,blockcyclic,1024,3,6,0.404556,113680
caas-1node,mpi,14000000,8,1,blockcyclic,1024,3,7,0.405640,113829
caas-1node,mpi,14000000,8,1,wblock,1024,1,0,0.457701,250150
caas-1node,mpi,14000000,8,1,wblock,1024,1,1,0.419546,134200
caas-1node,mpi,14000000,8,1,wblock,1024,1,2,0.407573,110066
caas-1node,mpi,14000000,8,1,wblock,1024,1,3,0.400076,96787
caas-1node,mpi,14000000,8,1,wblock,1024,1,4,0.394514,87885
caas-1node,mpi,14000000,8,1,wblock,1024,1,5,0.390716,81710
caas-1node,mpi,14000000,8,1,wblock,1024,1,6,0.387158,76765
caas-1node,mpi,14000000,8,1,wblock,1024,1,7,0.383579,72514
caas-1node,mpi,14000000,8,1,wblock,1024,2,0,0.457733,250150
caas-1node,mpi,14000000,8,1,wblock,1024,2,1,0.419676,134200
caas-1node,mpi,14000000,8,1,wblock,1024,2,2,0.407856,110066
caas-1node,mpi,14000000,8,1,wblock,1024,2,3,0.400152,96787
caas-1node,mpi,14000000,8,1,wblock,1024,2,4,0.399639,87885
caas-1node,mpi,14000000,8,1,wblock,1024,2,5,0.390992,81710
caas-1node,mpi,14000000,8,1,wblock,1024,2,6,0.388246,76765
caas-1node,mpi,14000000,8,1,wblock,1024,2,7,0.389084,72514
caas-1node,mpi,14000000,8,1,wblock,1024,3,0,0.457264,250150
caas-1node,mpi,14000000,8,1,wblock,1024,3,1,0.419452,134200
caas-1node,mpi,14000000,8,1,wblock,1024,3,2,0.407638,110066
caas-1node,mpi,14000000,8,1,wblock,1024,3,3,0.400058,96787
caas-1node,mpi,14000000,8,1,wblock,1024,3,4,0.394224,87885
caas-1node,mpi,14000000,8,1,wblock,1024,3,5,0.390619,81710
caas-1node,mpi,14000000,8,1,wblock,1024,3,6,0.387322,76765
caas-1node,mpi,14000000,8,1,wblock,1024,3,7,0.383991,72514
caas-1node,mpi,18000000,8,1,block,1024,1,0,0.246236,166081
caas-1node,mpi,18000000,8,1,block,1024,1,1,0.405928,149867
caas-1node,mpi,18000000,8,1,block,1024,1,2,0.502705,144759
caas-1node,mpi,18000000,8,1,block,1024,1,3,0.579283,141782
caas-1node,mpi,18000000,8,1,block,1024,1,4,0.643580,139452
caas-1node,mpi,18000000,8,1,block,1024,1,5,0.701424,137699
caas-1node,mpi,18000000,8,1,block,1024,1,6,0.752041,136386
caas-1node,mpi,18000000,8,1,block,1024,1,7,0.799680,135341
caas-1node,mpi,18000000,8,1,block,1024,2,0,0.245910,166081
caas-1node,mpi,18000000,8,1,block,1024,2,1,0.405547,149867
caas-1node,mpi,18000000,8,1,block,1024,2,2,0.502631,144759
caas-1node,mpi,18000000,8,1,block,1024,2,3,0.579514,141782
caas-1node,mpi,18000000,8,1,block,1024,2,4,0.643574,139452
caas-1node,mpi,18000000,8,1,block,1024,2,5,0.700428,137699
caas-1node,mpi,18000000,8,1,block,1024,2,6,0.751630,136386
caas-1node,mpi,18000000,8,1,block,1024,2,7,0.799207,135341
caas-1node,mpi,18000000,8,1,block,1024,3,0,0.246347,166081
caas-1node,mpi,18000000,8,1,block,1024,3,1,0.405388,149867
caas-1node,mpi,18000000,8,1,block,1024,3,2,0.502246,144759
caas-1node,mpi,18000000,8,1,block,1024,3,3,0.578766,141782
caas-1node,mpi,18000000,8,1,block,1024,3,4,0.643038,139452
caas-1node,mpi,18000000,8,1,block,1024,3,5,0.699742,137699
caas-1node,mpi,18000000,8,1,block,1024,3,6,0.751648,136386
caas-1node,mpi,18000000,8,1,block,1024,3,7,0.798647,135341
caas-1node,mpi,18000000,8,1,cyclic,1024,1,0,0.579362,144068
caas-1node,mpi,18000000,8,1,cyclic,1024,1,1,0.578572,143905
caas-1node,mpi,18000000,8,1,cyclic,1024,1,2,0.578685,143944
caas-1node,mpi,18000000,8,1,cyclic,1024,1,3,0.580079,143844
caas-1node,mpi,18000000,8,1,cyclic,1024,1,4,0.578855,143889
caas-1node,mpi,18000000,8,1,cyclic,1024,1,5,0.579026,143998
caas-1node,mpi,18000000,8,1,cyclic,1024,1,6,0.579205,143964
caas-1node,mpi,18000000,8,1,cyclic,1024,1,7,0.578903,143755
caas-1node,mpi,18000000,8,1,cyclic,1024,2,0,0.579367,144068
caas-1node,mpi,18000000,8,1,cyclic,1024,2,1,0.581297,143905
caas-1node,mpi,18000000,8,1,cyclic,1024,2,2,0.583273,143944
caas-1node,mpi,18000000,8,1,cyclic,1024,2,3,0.579322,143844
caas-1node,mpi,18000000,8,1,cyclic,1024,2,4,0.578917,143889
caas-1node,mpi,18000000,8,1,cyclic,1024,2,5,0.579414,143998
caas-1node,mpi,18000000,8,1,cyclic,1024,2,6,0.579382,143964
caas-1node,mpi,18000000,8,1,cyclic,1024,2,7,0.578992,143755
caas-1node,mpi,18000000,8,1,cyclic,1024,3,0,0.579078,144068
caas-1node,mpi,18000000,8,1,cyclic,1024,3,1,0.578443,143905
caas-1node,mpi,18000000,8,1,cyclic,1024,3,2,0.578600,143944
caas-1node,mpi,18000000,8,1,cyclic,1024,3,3,0.579076,143844
caas-1node,mpi,18000000,8,1,cyclic,1024,3,4,0.578946,143889
caas-1node,mpi,18000000,8,1,cyclic,1024,3,5,0.578951,143998
caas-1node,mpi,18000000,8,1,cyclic,1024,3,6,0.578821,143964
caas-1node,mpi,18000000,8,1,cyclic,1024,3,7,0.578864,143755
caas-1node,mpi,18000000,8,1,blockcyclic,1024,1,0,0.578305,143950
caas-1node,mpi,18000000,8,1,blockcyclic,1024,1,1,0.578918,143849
caas-1node,mpi,18000000,8,1,blockcyclic,1024,1,2,0.578659,143944
caas-1node,mpi,18000000,8,1,blockcyclic,1024,1,3,0.578628,143788
caas-1node,mpi,18000000,8,1,blockcyclic,1024,1,4,0.580009,144340
caas-1node,mpi,18000000,8,1,blockcyclic,1024,1,5,0.578516,143884
caas-1node,mpi,18000000,8,1,blockcyclic,1024,1,6,0.578917,143871
caas-1node,mpi,18000000,8,1,blockcyclic,1024,1,7,0.578441,143741
caas-1node,mpi,18000000,8,1,blockcyclic,1024,2,0,0.578243,143950
caas-1node,mpi,18000000,8,1,blockcyclic,1024,2,1,0.578757,143849
caas-1node,mpi,18000000,8,1,blockcyclic,1024,2,2,0.578569,143944
caas-1node,mpi,18000000,8,1,blockcyclic,1024,2,3,0.578467,143788
caas-1node,mpi,18000000,8,1,blockcyclic,1024,2,4,0.579979,144340
caas-1node,mpi,18000000,8,1,blockcyclic,1024,2,5,0.578202,143884
caas-1node,mpi,18000000,8,1,blockcyclic,1024,2,6,0.577913,143871
caas-1node,mpi,18000000,8,1,blockcyclic,1024,2,7,0.578468,143741
caas-1node,mpi,18000000,8,1,blockcyclic,1024,3,0,0.579116,143950
caas-1node,mpi,18000000,8,1,blockcyclic,1024,3,1,0.580097,143849
caas-1node,mpi,18000000,8,1,blockcyclic,1024,3,2,0.579411,143944
caas-1node,mpi,18000000,8,1,blockcyclic,1024,3,3,0.579655,143788
caas-1node,mpi,18000000,8,1,blockcyclic,1024,3,4,0.580825,144340
caas-1node,mpi,18000000,8,1,blockcyclic,1024,3,5,0.579187,143884
caas-1node,mpi,18000000,8,1,blockcyclic,1024,3,6,0.578963,143871
caas-1node,mpi,18000000,8,1,blockcyclic,1024,3,7,0.579360,143741
caas-1node,mpi,18000000,8,1,wblock,1024,1,0,0.652655,315948
caas-1node,mpi,18000000,8,1,wblock,1024,1,1,0.598740,169795
caas-1node,mpi,18000000,8,1,wblock,1024,1,2,0.581582,139202
caas-1node,mpi,18000000,8,1,wblock,1024,1,3,0.571139,122471
caas-1node,mpi,18000000,8,1,wblock,1024,1,4,0.563977,111414
caas-1node,mpi,18000000,8,1,wblock,1024,1,5,0.557954,103383
caas-1node,mpi,18000000,8,1,wblock,1024,1,6,0.553375,96959
caas-1node,mpi,18000000,8,1,wblock,1024,1,7,0.549794,92195
caas-1node,mpi,18000000,8,1,wblock,1024,2,0,0.652501,315948
caas-1node,mpi,18000000,8,1,wblock,1024,2,1,0.599833,169795
caas-1node,mpi,18000000,8,1,wblock,1024,2,2,0.582727,139202
caas-1node,mpi,18000000,8,1,wblock,1024,2,3,0.572145,122471
caas-1node,mpi,18000000,8,1,wblock,1024,2,4,0.564832,111414
caas-1node,mpi,18000000,8,1,wblock,1024,2,5,0.559761,103383
caas-1node,mpi,18000000,8,1,wblock,1024,2,6,0.553791,96959
caas-1node,mpi,18000000,8,1,wblock,1024,2,7,0.550699,92195
caas-1node,mpi,18000000,8,1,wblock,1024,3,0,0.652570,315948
caas-1node,mpi,18000000,8,1,wblock,1024,3,1,0.600106,169795
caas-1node,mpi,18000000,8,1,wblock,1024,3,2,0.583226,139202
caas-1node,mpi,18000000,8,1,wblock,1024,3,3,0.572808,122471
caas-1node,mpi,18000000,8,1,wblock,1024,3,4,0.564997,111414
caas-1node,mpi,18000000,8,1,wblock,1024,3,5,0.559330,103383
caas-1node,mpi,18000000,8,1,wblock,1024,3,6,0.554388,96959
caas-1node,mpi,18000000,8,1,wblock,1024,3,7,0.550876,92195
caas-1node,mpi,20000000,8,1,block,1024,1,0,0.285007,183072
caas-1node,mpi,20000000,8,1,block,1024,1,1,0.470550,165441
caas-1node,mpi,20000000,8,1,block,1024,1,2,0.583398,159748
caas-1node,mpi,20000000,8,1,block,1024,1,3,0.671685,156318
caas-1node,mpi,20000000,8,1,block,1024,1,4,0.747575,154124
caas-1node,mpi,20000000,8,1,block,1024,1,5,0.814358,152001
caas-1node,mpi,20000000,8,1,block,1024,1,6,0.874818,150685
caas-1node,mpi,20000000,8,1,block,1024,1,7,0.928296,149218
caas-1node,mpi,20000000,8,1,block,1024,2,0,0.285006,183072
caas-1node,mpi,20000000,8,1,block,1024,2,1,0.470675,165441
caas-1node,mpi,20000000,8,1,block,1024,2,2,0.583291,159748
caas-1node,mpi,20000000,8,1,block,1024,2,3,0.671764,156318
caas-1node,mpi,20000000,8,1,block,1024,2,4,0.747574,154124
caas-1node,mpi,20000000,8,1,block,1024,2,5,0.813179,152001
caas-1node,mpi,20000000,8,1,block,1024,2,6,0.873498,150685
caas-1node,mpi,20000000,8,1,block,1024,2,7,0.928968,149218
caas-1node,mpi,20000000,8,1,block,1024,3,0,0.286188,183072
caas-1node,mpi,20000000,8,1,block,1024,3,1,0.471819,165441
caas-1node,mpi,20000000,8,1,block,1024,3,2,0.584418,159748
caas-1node,mpi,20000000,8,1,block,1024,3,3,0.673070,156318
caas-1node,mpi,20000000,8,1,block,1024,3,4,0.748694,154124
caas-1node,mpi,20000000,8,1,block,1024,3,5,0.814335,152001
caas-1node,mpi,20000000,8,1,block,1024,3,6,0.874993,150685
caas-1node,mpi,20000000,8,1,block,1024,3,7,0.928443,149218
caas-1node,mpi,20000000,8,1,cyclic,1024,1,0,0.686583,158948
caas-1node,mpi,20000000,8,1,cyclic,1024,1,1,0.687916,158891
caas-1node,mpi,20000000,8,1,cyclic,1024,1,2,0.685810,158835
caas-1node,mpi,20000000,8,1,cyclic,1024,1,3,0.682761,158781
caas-1node,mpi,20000000,8,1,cyclic,1024,1,4,0.682643,158821
caas-1node,mpi,20000000,8,1,cyclic,1024,1,5,0.679495,158802
caas-1node,mpi,20000000,8,1,cyclic,1024,1,6,0.686526,158833
caas-1node,mpi,20000000,8,1,cyclic,1024,1,7,0.682394,158696
caas-1node,mpi,20000000,8,1,cyclic,1024,2,0,0.673478,158948
caas-1node,mpi,20000000,8,1,cyclic,1024,2,1,0.673663,158891
caas-1node,mpi,20000000,8,1,cyclic,1024,2,2,0.672797,158835
caas-1node,mpi,20000000,8,1,cyclic,1024,2,3,0.673669,158781
caas-1node,mpi,20000000,8,1,cyclic,1024,2,4,0.674797,158821
caas-1node,mpi,20000000,8,1,cyclic,1024,2,5,0.678144,158802
caas-1node,mpi,20000000,8,1,cyclic,1024,2,6,0.673544,158833
caas-1node,mpi,20000000,8,1,cyclic,1024,2,7,0.674902,158696
caas-1node,mpi,20000000,8,1,cyclic,1024,3,0,0.672129,158948
caas-1node,mpi,20000000,8,1,cyclic,1024,3,1,0.672098,158891
caas-1node,mpi,20000000,8,1,cyclic,1024,3,2,0.671679,158835
caas-1node,mpi,20000000,8,1,cyclic,1024,3,3,0.672395,158781
caas-1node,mpi,20000000,8,1,cyclic,1024,3,4,0.671942,158821
caas-1node,mpi,20000000,8,1,cyclic,1024,3,5,0.671831,158802
caas-1node,mpi,20000000,8,1,cyclic,1024,3,6,0.672182,158833
caas-1node,mpi,20000000,8,1,cyclic,1024,3,7,0.672242,158696
caas-1node,mpi,20000000,8,1,blockcyclic,1024,1,0,0.672353,158977
caas-1node,mpi,20000000,8,1,blockcyclic,1024,1,1,0.672849,158750
caas-1node,mpi,20000000,8,1,blockcyclic,1024,1,2,0.672557,158844
caas-1node,mpi,20000000,8,1,blockcyclic,1024,1,3,0.672417,158584
caas-1node,mpi,20000000,8,1,blockcyclic,1024,1,4,0.674551,159282
caas-1node,mpi,20000000,8,1,blockcyclic,1024,1,5,0.672924,158958
caas-1node,mpi,20000000,8,1,blockcyclic,1024,1,6,0.672122,158779
caas-1node,mpi,20000000,8,1,blockcyclic,1024,1,7,0.671889,158433
caas-1node,mpi,20000000,8,1,blockcyclic,1024,2,0,0.672238,158977
caas-1node,mpi,20000000,8,1,blockcyclic,1024,2,1,0.826011,158750
caas-1node,mpi,20000000,8,1,blockcyclic,1024,2,2,0.672717,158844
caas-1node,mpi,20000000,8,1,blockcyclic,1024,2,3,0.925230,158584
caas-1node,mpi,20000000,8,1,blockcyclic,1024,2,4,0.673121,159282
caas-1node,mpi,20000000,8,1,blockcyclic,1024,2,5,1.081463,158958
caas-1node,mpi,20000000,8,1,blockcyclic,1024,2,6,0.671442,158779
caas-1node,mpi,20000000,8,1,blockcyclic,1024,2,7,0.671455,158433
caas-1node,mpi,20000000,8,1,blockcyclic,1024,3,0,0.671586,158977
caas-1node,mpi,20000000,8,1,blockcyclic,1024,3,1,1.343090,158750
caas-1node,mpi,20000000,8,1,blockcyclic,1024,3,2,0.671911,158844
caas-1node,mpi,20000000,8,1,blockcyclic,1024,3,3,0.671991,158584
caas-1node,mpi,20000000,8,1,blockcyclic,1024,3,4,0.672978,159282
caas-1node,mpi,20000000,8,1,blockcyclic,1024,3,5,0.672134,158958
caas-1node,mpi,20000000,8,1,blockcyclic,1024,3,6,0.670924,158779
caas-1node,mpi,20000000,8,1,blockcyclic,1024,3,7,0.670730,158433
caas-1node,mpi,20000000,8,1,wblock,1024,1,0,0.755157,348513
caas-1node,mpi,20000000,8,1,wblock,1024,1,1,0.695060,187308
caas-1node,mpi,20000000,8,1,wblock,1024,1,2,0.675543,153590
caas-1node,mpi,20000000,8,1,wblock,1024,1,3,0.663870,135339
caas-1node,mpi,20000000,8,1,wblock,1024,1,4,0.654713,122991
caas-1node,mpi,20000000,8,1,wblock,1024,1,5,0.647774,114040
caas-1node,mpi,20000000,8,1,wblock,1024,1,6,0.643879,107291
caas-1node,mpi,20000000,8,1,wblock,1024,1,7,0.637743,101535
caas-1node,mpi,20000000,8,1,wblock,1024,2,0,0.754825,348513
caas-1node,mpi,20000000,8,1,wblock,1024,2,1,0.694885,187308
caas-1node,mpi,20000000,8,1,wblock,1024,2,2,0.675360,153590
caas-1node,mpi,20000000,8,1,wblock,1024,2,3,0.663677,135339
caas-1node,mpi,20000000,8,1,wblock,1024,2,4,0.665572,122991
caas-1node,mpi,20000000,8,1,wblock,1024,2,5,0.647895,114040
caas-1node,mpi,20000000,8,1,wblock,1024,2,6,0.643015,107291
caas-1node,mpi,20000000,8,1,wblock,1024,2,7,0.637845,101535
caas-1node,mpi,20000000,8,1,wblock,1024,3,0,0.754533,348513
caas-1node,mpi,20000000,8,1,wblock,1024,3,1,0.694921,187308
caas-1node,mpi,20000000,8,1,wblock,1024,3,2,1.309724,153590
caas-1node,mpi,20000000,8,1,wblock,1024,3,3,0.664184,135339
caas-1node,mpi,20000000,8,1,wblock,1024,3,4,0.654648,122991
caas-1node,mpi,20000000,8,1,wblock,1024,3,5,1.281482,114040
caas-1node,mpi,20000000,8,1,wblock,1024,3,6,0.642866,107291
caas-1node,mpi,20000000,8,1,wblock,1024,3,7,0.637408,101535
caas-1node,mpi_sieve,500000000,8,1,block,1024,1,0,0.092314,3701487
caas-1node,mpi_sieve,500000000,8,1,block,1024,1,1,0.095117,3408655
caas-1node,mpi_sieve,500000000,8,1,block,1024,1,2,0.096444,3314265
caas-1node,mpi_sieve,500000000,8,1,block,1024,1,3,0.097537,3254911
caas-1node,mpi_sieve,500000000,8,1,block,1024,1,4,0.098304,3212954
caas-1node,mpi_sieve,500000000,8,1,block,1024,1,5,0.098603,3179482
caas-1node,mpi_sieve,500000000,8,1,block,1024,1,6,0.099435,3153228
caas-1node,mpi_sieve,500000000,8,1,block,1024,1,7,0.099802,3130885
caas-1node,mpi_sieve,500000000,8,1,block,1024,2,0,0.123104,3701487
caas-1node,mpi_sieve,500000000,8,1,block,1024,2,1,0.153527,3408655
caas-1node,mpi_sieve,500000000,8,1,block,1024,2,2,0.096361,3314265
caas-1node,mpi_sieve,500000000,8,1,block,1024,2,3,0.154012,3254911
caas-1node,mpi_sieve,500000000,8,1,block,1024,2,4,0.098725,3212954
caas-1node,mpi_sieve,500000000,8,1,block,1024,2,5,0.099016,3179482
caas-1node,mpi_sieve,500000000,8,1,block,1024,2,6,0.099625,3153228
caas-1node,mpi_sieve,500000000,8,1,block,1024,2,7,0.100513,3130885
caas-1node,mpi_sieve,500000000,8,1,block,1024,3,0,0.132381,3701487
caas-1node,mpi_sieve,500000000,8,1,block,1024,3,1,0.098793,3408655
caas-1node,mpi_sieve,500000000,8,1,block,1024,3,2,0.095885,3314265
caas-1node,mpi_sieve,500000000,8,1,block,1024,3,3,0.097187,3254911
caas-1node,mpi_sieve,500000000,8,1,block,1024,3,4,0.097687,3212954
caas-1node,mpi_sieve,500000000,8,1,block,1024,3,5,0.097994,3179482
caas-1node,mpi_sieve,500000000,8,1,block,1024,3,6,0.102191,3153228
caas-1node,mpi_sieve,500000000,8,1,block,1024,3,7,0.102650,3130885
caas-1node,mpi,1000000,8,1,block,1024,1,0,0.004529,11734
caas-1node,mpi,1000000,8,1,block,1024,1,1,0.007154,10310
caas-1node,mpi,1000000,8,1,block,1024,1,2,0.008726,9860
caas-1node,mpi,1000000,8,1,block,1024,1,3,0.009991,9634
caas-1node,mpi,1000000,8,1,block,1024,1,4,0.011015,9448
caas-1node,mpi,1000000,8,1,block,1024,1,5,0.011905,9252
caas-1node,mpi,1000000,8,1,block,1024,1,6,0.012770,9210
caas-1node,mpi,1000000,8,1,block,1024,1,7,0.013487,9050
caas-1node,mpi,1000000,8,1,block,1024,2,0,0.008545,11734
caas-1node,mpi,1000000,8,1,block,1024,2,1,0.011193,10310
caas-1node,mpi,1000000,8,1,block,1024,2,2,0.008776,9860
caas-1node,mpi,1000000,8,1,block,1024,2,3,0.009975,9634
caas-1node,mpi,1000000,8,1,block,1024,2,4,0.011067,9448
caas-1node,mpi,1000000,8,1,block,1024,2,5,0.011897,9252
caas-1node,mpi,1000000,8,1,block,1024,2,6,0.012811,9210
caas-1node,mpi,1000000,8,1,block,1024,2,7,0.013489,9050
caas-1node,mpi,1000000,8,1,block,1024,3,0,0.004507,11734
caas-1node,mpi,1000000,8,1,block,1024,3,1,0.013670,10310
caas-1node,mpi,1000000,8,1,block,1024,3,2,0.015261,9860
caas-1node,mpi,1000000,8,1,block,1024,3,3,0.010003,9634
caas-1node,mpi,1000000,8,1,block,1024,3,4,0.011003,9448
caas-1node,mpi,1000000,8,1,block,1024,3,5,0.011909,9252
caas-1node,mpi,1000000,8,1,block,1024,3,6,0.024754,9210
caas-1node,mpi,1000000,8,1,block,1024,3,7,0.025489,9050
caas-1node,mpi,1000000,8,1,cyclic,1024,1,0,0.009975,9839
caas-1node,mpi,1000000,8,1,cyclic,1024,1,1,0.009954,9816
caas-1node,mpi,1000000,8,1,cyclic,1024,1,2,0.010004,9832
caas-1node,mpi,1000000,8,1,cyclic,1024,1,3,0.010012,9791
caas-1node,mpi,1000000,8,1,cyclic,1024,1,4,0.009992,9815
caas-1node,mpi,1000000,8,1,cyclic,1024,1,5,0.009946,9807
caas-1node,mpi,1000000,8,1,cyclic,1024,1,6,0.010005,9837
caas-1node,mpi,1000000,8,1,cyclic,1024,1,7,0.009991,9761
caas-1node,mpi,1000000,8,1,cyclic,1024,2,0,0.009984,9839
caas-1node,mpi,1000000,8,1,cyclic,1024,2,1,0.009965,9816
caas-1node,mpi,1000000,8,1,cyclic,1024,2,2,0.009970,9832
caas-1node,mpi,1000000,8,1,cyclic,1024,2,3,0.009970,9791
caas-1node,mpi,1000000,8,1,cyclic,1024,2,4,0.009945,9815
caas-1node,mpi,1000000,8,1,cyclic,1024,2,5,0.009959,9807
caas-1node,mpi,1000000,8,1,cyclic,1024,2,6,0.009996,9837
caas-1node,mpi,1000000,8,1,cyclic,1024,2,7,0.009970,9761
caas-1node,mpi,1000000,8,1,cyclic,1024,3,0,0.010045,9839
caas-1node,mpi,1000000,8,1,cyclic,1024,3,1,0.009956,9816
caas-1node,mpi,1000000,8,1,cyclic,1024,3,2,0.009941,9832
caas-1node,mpi,1000000,8,1,cyclic,1024,3,3,0.009968,9791
caas-1node,mpi,1000000,8,1,cyclic,1024,3,4,0.009957,9815
caas-1node,mpi,1000000,8,1,cyclic,1024,3,5,0.009959,9807
caas-1node,mpi,1000000,8,1,cyclic,1024,3,6,0.009990,9837
caas-1node,mpi,1000000,8,1,cyclic,1024,3,7,0.009955,9761
caas-1node,mpi,1000000,8,1,blockcyclic,1024,1,0,0.010017,9994
caas-1node,mpi,1000000,8,1,blockcyclic,1024,1,1,0.009882,9809
caas-1node,mpi,1000000,8,1,blockcyclic,1024,1,2,0.009934,9844
caas-1node,mpi,1000000,8,1,blockcyclic,1024,1,3,0.010025,9839
caas-1node,mpi,1000000,8,1,blockcyclic,1024,1,4,0.010003,9822
caas-1node,mpi,1000000,8,1,blockcyclic,1024,1,5,0.010011,9690
caas-1node,mpi,1000000,8,1,blockcyclic,1024,1,6,0.010088,9784
caas-1node,mpi,1000000,8,1,blockcyclic,1024,1,7,0.010031,9716
caas-1node,mpi,1000000,8,1,blockcyclic,1024,2,0,0.009972,9994
caas-1node,mpi,1000000,8,1,blockcyclic,1024,2,1,0.017872,9809
caas-1node,mpi,1000000,8,1,blockcyclic,1024,2,2,0.009981,9844
caas-1node,mpi,1000000,8,1,blockcyclic,1024,2,3,0.010022,9839
caas-1node,mpi,1000000,8,1,blockcyclic,1024,2,4,0.010344,9822
caas-1node,mpi,1000000,8,1,blockcyclic,1024,2,5,0.010017,9690
caas-1node,mpi,1000000,8,1,blockcyclic,1024,2,6,0.010115,9784
caas-1node,mpi,1000000,8,1,blockcyclic,1024,2,7,0.010055,9716
caas-1node,mpi,1000000,8,1,blockcyclic,1024,3,0,0.009966,9994
caas-1node,mpi,1000000,8,1,blockcyclic,1024,3,1,0.009851,9809
caas-1node,mpi,1000000,8,1,blockcyclic,1024,3,2,0.009898,9844
caas-1node,mpi,1000000,8,1,blockcyclic,1024,3,3,0.009977,9839
caas-1node,mpi,1000000,8,1,blockcyclic,1024,3,4,0.009978,9822
caas-1node,mpi,1000000,8,1,blockcyclic,1024,3,5,0.009956,9690
caas-1node,mpi,1000000,8,1,blockcyclic,1024,3,6,0.010068,9784
caas-1node,mpi,1000000,8,1,blockcyclic,1024,3,7,0.009977,9716
caas-1node,mpi,1000000,8,1,wblock,1024,1,0,0.011688,22044
caas-1node,mpi,1000000,8,1,wblock,1024,1,1,0.010417,11565
caas-1node,mpi,1000000,8,1,wblock,1024,1,2,0.010076,9453
caas-1node,mpi,1000000,8,1,wblock,1024,1,3,0.009793,8275
caas-1node,mpi,1000000,8,1,wblock,1024,1,4,0.009650,7521
caas-1node,mpi,1000000,8,1,wblock,1024,1,5,0.009501,6980
caas-1node,mpi,1000000,8,1,wblock,1024,1,6,0.009402,6516
caas-1node,mpi,1000000,8,1,wblock,1024,1,7,0.009286,6144
caas-1node,mpi,1000000,8,1,wblock,1024,2,0,0.011656,22044
caas-1node,mpi,1000000,8,1,wblock,1024,2,1,0.010421,11565
caas-1node,mpi,1000000,8,1,wblock,1024,2,2,0.010063,9453
caas-1node,mpi,1000000,8,1,wblock,1024,2,3,0.009831,8275
caas-1node,mpi,1000000,8,1,wblock,1024,2,4,0.009615,7521
caas-1node,mpi,1000000,8,1,wblock,1024,2,5,0.009528,6980
caas-1node,mpi,1000000,8,1,wblock,1024,2,6,0.009378,6516
caas-1node,mpi,1000000,8,1,wblock,1024,2,7,0.009257,6144
caas-1node,mpi,1000000,8,1,wblock,1024,3,0,0.011641,22044
caas-1node,mpi,1000000,8,1,wblock,1024,3,1,0.010396,11565
caas-1node,mpi,1000000,8,1,wblock,1024,3,2,0.010028,9453
caas-1node,mpi,1000000,8,1,wblock,1024,3,3,0.009785,8275
caas-1node,mpi,1000000,8,1,wblock,1024,3,4,0.009646,7521
caas-1node,mpi,1000000,8,1,wblock,1024,3,5,0.009500,6980
caas-1node,mpi,1000000,8,1,wblock,1024,3,6,0.009371,6516
caas-1node,mpi,1000000,8,1,wblock,1024,3,7,0.009276,6144
caas-1node,mpi,2000000,8,1,block,1024,1,0,0.011674,22044
caas-1node,mpi,2000000,8,1,block,1024,1,1,0.018657,19494
caas-1node,mpi,2000000,8,1,block,1024,1,2,0.022869,18700
caas-1node,mpi,2000000,8,1,block,1024,1,3,0.026165,18260
caas-1node,mpi,2000000,8,1,block,1024,1,4,0.029004,17971
caas-1node,mpi,2000000,8,1,block,1024,1,5,0.044403,17686
caas-1node,mpi,2000000,8,1,block,1024,1,6,0.033615,17453
caas-1node,mpi,2000000,8,1,block,1024,1,7,0.038883,17325
caas-1node,mpi,2000000,8,1,block,1024,2,0,0.011629,22044
caas-1node,mpi,2000000,8,1,block,1024,2,1,0.018700,19494
caas-1node,mpi,2000000,8,1,block,1024,2,2,0.022871,18700
caas-1node,mpi,2000000,8,1,block,1024,2,3,0.026192,18260
caas-1node,mpi,2000000,8,1,block,1024,2,4,0.029001,17971
caas-1node,mpi,2000000,8,1,block,1024,2,5,0.031450,17686
caas-1node,mpi,2000000,8,1,block,1024,2,6,0.033610,17453
caas-1node,mpi,2000000,8,1,block,1024,2,7,0.035721,17325
caas-1node,mpi,2000000,8,1,block,1024,3,0,0.011652,22044
caas-1node,mpi,2000000,8,1,block,1024,3,1,0.018682,19494
caas-1node,mpi,2000000,8,1,block,1024,3,2,0.022891,18700
caas-1node,mpi,2000000,8,1,block,1024,3,3,0.026195,18260
caas-1node,mpi,2000000,8,1,block,1024,3,4,0.029025,17971
caas-1node,mpi,2000000,8,1,block,1024,3,5,0.031453,17686
caas-1node,mpi,2000000,8,1,block,1024,3,6,0.033606,17453
caas-1node,mpi,2000000,8,1,block,1024,3,7,0.035679,17325
caas-1node,mpi,2000000,8,1,cyclic,1024,1,0,0.026156,18650
caas-1node,mpi,2000000,8,1,cyclic,1024,1,1,0.026156,18640
caas-1node,mpi,2000000,8,1,cyclic,1024,1,2,0.026212,18674
caas-1node,mpi,2000000,8,1,cyclic,1024,1,3,0.026106,18519
caas-1node,mpi,2000000,8,1,cyclic,1024,1,4,0.026174,18612
caas-1node,mpi,2000000,8,1,cyclic,1024,1,5,0.026231,18660
caas-1node,mpi,2000000,8,1,cyclic,1024,1,6,0.026130,18581
caas-1node,mpi,2000000,8,1,cyclic,1024,1,7,0.026208,18597
caas-1node,mpi,2000000,8,1,cyclic,1024,2,0,0.026242,18650
caas-1node,mpi,2000000,8,1,cyclic,1024,2,1,0.026231,18640
caas-1node,mpi,2000000,8,1,cyclic,1024,2,2,0.026223,18674
caas-1node,mpi,2000000,8,1,cyclic,1024,2,3,0.026139,18519
caas-1node,mpi,2000000,8,1,cyclic,1024,2,4,0.026503,18612
caas-1node,mpi,2000000,8,1,cyclic,1024,2,5,0.026255,18660
caas-1node,mpi,2000000,8,1,cyclic,1024,2,6,0.026296,18581
caas-1node,mpi,2000000,8,1,cyclic,1024,2,7,0.026326,18597
caas-1node,mpi,2000000,8,1,cyclic,1024,3,0,0.026209,18650
caas-1node,mpi,2000000,8,1,cyclic,1024,3,1,0.026162,18640
caas-1node,mpi,2000000,8,1,cyclic,1024,3,2,0.026213,18674
caas-1node,mpi,2000000,8,1,cyclic,1024,3,3,0.026128,18519
caas-1node,mpi,2000000,8,1,cyclic,1024,3,4,0.026160,18612
caas-1node,mpi,2000000,8,1,cyclic,1024,3,5,0.026234,18660
caas-1node,mpi,2000000,8,1,cyclic,1024,3,6,0.026224,18581
caas-1node,mpi,2000000,8,1,cyclic,1024,3,7,0.026218,18597
caas-1node,mpi,2000000,8,1,blockcyclic,1024,1,0,0.026130,18771
caas-1node,mpi,2000000,8,1,blockcyclic,1024,1,1,0.025969,18557
caas-1node,mpi,2000000,8,1,blockcyclic,1024,1,2,0.026069,18669
caas-1node,mpi,2000000,8,1,blockcyclic,1024,1,3,0.026063,18541
caas-1node,mpi,2000000,8,1,blockcyclic,1024,1,4,0.026169,18652
caas-1node,mpi,2000000,8,1,blockcyclic,1024,1,5,0.026248,18504
caas-1node,mpi,2000000,8,1,blockcyclic,1024,1,6,0.026325,18646
caas-1node,mpi,2000000,8,1,blockcyclic,1024,1,7,0.026275,18593
caas-1node,mpi,2000000,8,1,blockcyclic,1024,2,0,0.026164,18771
caas-1node,mpi,2000000,8,1,blockcyclic,1024,2,1,0.025963,18557
caas-1node,mpi,2000000,8,1,blockcyclic,1024,2,2,0.026090,18669
caas-1node,mpi,2000000,8,1,blockcyclic,1024,2,3,0.026043,18541
caas-1node,mpi,2000000,8,1,blockcyclic,1024,2,4,0.026209,18652
caas-1node,mpi,2000000,8,1,blockcyclic,1024,2,5,0.026187,18504
caas-1node,mpi,2000000,8,1,blockcyclic,1024,2,6,0.026364,18646
caas-1node,mpi,2000000,8,1,blockcyclic,1024,2,7,0.026304,18593
caas-1node,mpi,2000000,8,1,blockcyclic,1024,3,0,0.026150,18771
caas-1node,mpi,2000000,8,1,blockcyclic,1024,3,1,0.025989,18557
caas-1node,mpi,2000000,8,1,blockcyclic,1024,3,2,0.026072,18669
caas-1node,mpi,2000000,8,1,blockcyclic,1024,3,3,0.026056,18541
caas-1node,mpi,2000000,8,1,blockcyclic,1024,3,4,0.026177,18652
caas-1node,mpi,2000000,8,1,blockcyclic,1024,3,5,0.026212,18504
caas-1node,mpi,2000000,8,1,blockcyclic,1024,3,6,0.026307,18646
caas-1node,mpi,2000000,8,1,blockcyclic,1024,3,7,0.026285,18593
caas-1node,mpi,2000000,8,1,wblock,1024,1,0,0.032299,41538
caas-1node,mpi,2000000,8,1,wblock,1024,1,1,0.027258,21945
caas-1node,mpi,2000000,8,1,wblock,1024,1,2,0.026275,17922
caas-1node,mpi,2000000,8,1,wblock,1024,1,3,0.025742,15772
caas-1node,mpi,2000000,8,1,wblock,1024,1,4,0.025337,14307
caas-1node,mpi,2000000,8,1,wblock,1024,1,5,0.024987,13223
caas-1node,mpi,2000000,8,1,wblock,1024,1,6,0.024743,12436
caas-1node,mpi,2000000,8,1,wblock,1024,1,7,0.042490,11790
caas-1node,mpi,2000000,8,1,wblock,1024,2,0,0.030311,41538
caas-1node,mpi,2000000,8,1,wblock,1024,2,1,0.027255,21945
caas-1node,mpi,2000000,8,1,wblock,1024,2,2,0.026312,17922
caas-1node,mpi,2000000,8,1,wblock,1024,2,3,0.025788,15772
caas-1node,mpi,2000000,8,1,wblock,1024,2,4,0.025321,14307
caas-1node,mpi,2000000,8,1,wblock,1024,2,5,0.025001,13223
caas-1node,mpi,2000000,8,1,wblock,1024,2,6,0.024773,12436
caas-1node,mpi,2000000,8,1,wblock,1024,2,7,0.024548,11790
caas-1node,mpi,2000000,8,1,wblock,1024,3,0,0.030308,41538
caas-1node,mpi,2000000,8,1,wblock,1024,3,1,0.027240,21945
caas-1node,mpi,2000000,8,1,wblock,1024,3,2,0.026326,17922
caas-1node,mpi,2000000,8,1,wblock,1024,3,3,0.025745,15772
caas-1node,mpi,2000000,8,1,wblock,1024,3,4,0.025301,14307
caas-1node,mpi,2000000,8,1,wblock,1024,3,5,0.024989,13223
caas-1node,mpi,2000000,8,1,wblock,1024,3,6,0.024718,12436
caas-1node,mpi,2000000,8,1,wblock,1024,3,7,0.024537,11790
caas-1node,mpi,4000000,8,1,block,1024,1,0,0.030294,41538
caas-1node,mpi,4000000,8,1,block,1024,1,1,0.049002,36960
caas-1node,mpi,4000000,8,1,block,1024,1,2,0.060361,35657
caas-1node,mpi,4000000,8,1,block,1024,1,3,0.069192,34778
caas-1node,mpi,4000000,8,1,block,1024,1,4,0.076632,34139
caas-1node,mpi,4000000,8,1,block,1024,1,5,0.083290,33744
caas-1node,mpi,4000000,8,1,block,1024,1,6,0.089168,33334
caas-1node,mpi,4000000,8,1,block,1024,1,7,0.094557,32996
caas-1node,mpi,4000000,8,1,block,1024,2,0,0.030281,41538
caas-1node,mpi,4000000,8,1,block,1024,2,1,0.049008,36960
caas-1node,mpi,4000000,8,1,block,1024,2,2,0.060376,35657
caas-1node,mpi,4000000,8,1,block,1024,2,3,0.069166,34778
caas-1node,mpi,4000000,8,1,block,1024,2,4,0.076668,34139
caas-1node,mpi,4000000,8,1,block,1024,2,5,0.083286,33744
caas-1node,mpi,4000000,8,1,block,1024,2,6,0.089186,33334
caas-1node,mpi,4000000,8,1,block,1024,2,7,0.094587,32996
caas-1node,mpi,4000000,8,1,block,1024,3,0,0.030258,41538
caas-1node,mpi,4000000,8,1,block,1024,3,1,0.048989,36960
caas-1node,mpi,4000000,8,1,block,1024,3,2,0.060350,35657
caas-1node,mpi,4000000,8,1,block,1024,3,3,0.069210,34778
caas-1node,mpi,4000000,8,1,block,1024,3,4,0.076642,34139
caas-1node,mpi,4000000,8,1,block,1024,3,5,0.083311,33744
caas-1node,mpi,4000000,8,1,block,1024,3,6,0.093411,33334
caas-1node,mpi,4000000,8,1,block,1024,3,7,0.094513,32996
caas-1node,mpi,4000000,8,1,cyclic,1024,1,0,0.069194,35406
caas-1node,mpi,4000000,8,1,cyclic,1024,1,1,0.069112,35375
caas-1node,mpi,4000000,8,1,cyclic,1024,1,2,0.069234,35437
caas-1node,mpi,4000000,8,1,cyclic,1024,1,3,0.069301,35352
caas-1node,mpi,4000000,8,1,cyclic,1024,1,4,0.069253,35418
caas-1node,mpi,4000000,8,1,cyclic,1024,1,5,0.069293,35432
caas-1node,mpi,4000000,8,1,cyclic,1024,1,6,0.069219,35383
caas-1node,mpi,4000000,8,1,cyclic,1024,1,7,0.069256,35343
caas-1node,mpi,4000000,8,1,cyclic,1024,2,0,0.071921,35406
caas-1node,mpi,4000000,8,1,cyclic,1024,2,1,0.069060,35375
caas-1node,mpi,4000000,8,1,cyclic,1024,2,2,0.069163,35437
caas-1node,mpi,4000000,8,1,cyclic,1024,2,3,0.069253,35352
caas-1node,mpi,4000000,8,1,cyclic,1024,2,4,0.069191,35418
caas-1node,mpi,4000000,8,1,cyclic,1024,2,5,0.069256,35432
caas-1node,mpi,4000000,8,1,cyclic,1024,2,6,0.069221,35383
caas-1node,mpi,4000000,8,1,cyclic,1024,2,7,0.069250,35343
caas-1node,mpi,4000000,8,1,cyclic,1024,3,0,0.069127,35406
caas-1node,mpi,4000000,8,1,cyclic,1024,3,1,0.069063,35375
caas-1node,mpi,4000000,8,1,cyclic,1024,3,2,0.069207,35437
caas-1node,mpi,4000000,8,1,cyclic,1024,3,3,0.069256,35352
caas-1node,mpi,4000000,8,1,cyclic,1024,3,4,0.069170,35418
caas-1node,mpi,4000000,8,1,cyclic,1024,3,5,0.069204,35432
caas-1node,mpi,4000000,8,1,cyclic,1024,3,6,0.069142,35383
caas-1node,mpi,4000000,8,1,cyclic,1024,3,7,0.069237,35343
caas-1node,mpi,4000000,8,1,blockcyclic,1024,1,0,0.069142,35436
caas-1node,mpi,4000000,8,1,blockcyclic,1024,1,1,0.068857,35262
caas-1node,mpi,4000000,8,1,blockcyclic,1024,1,2,0.068977,35470
caas-1node,mpi,4000000,8,1,blockcyclic,1024,1,3,0.068983,35335
caas-1node,mpi,4000000,8,1,blockcyclic,1024,1,4,0.069207,35465
caas-1node,mpi,4000000,8,1,blockcyclic,1024,1,5,0.069249,35327
caas-1node,mpi,4000000,8,1,blockcyclic,1024,1,6,0.069543,35440
caas-1node,mpi,4000000,8,1,blockcyclic,1024,1,7,0.069220,35411
caas-1node,mpi,4000000,8,1,blockcyclic,1024,2,0,0.069150,35436
caas-1node,mpi,4000000,8,1,blockcyclic,1024,2,1,0.069043,35262
caas-1node,mpi,4000000,8,1,blockcyclic,1024,2,2,0.069102,35470
caas-1node,mpi,4000000,8,1,blockcyclic,1024,2,3,0.068973,35335
caas-1node,mpi,4000000,8,1,blockcyclic,1024,2,4,0.069292,35465
caas-1node,mpi,4000000,8,1,blockcyclic,1024,2,5,0.069316,35327
caas-1node,mpi,4000000,8,1,blockcyclic,1024,2,6,0.069529,35440
caas-1node,mpi,4000000,8,1,blockcyclic,1024,2,7,0.069246,35411
caas-1node,mpi,4000000,8,1,blockcyclic,1024,3,0,0.069110,35436
caas-1node,mpi,4000000,8,1,blockcyclic,1024,3,1,0.068818,35262
caas-1node,mpi,4000000,8,1,blockcyclic,1024,3,2,0.068992,35470
caas-1node,mpi,4000000,8,1,blockcyclic,1024,3,3,0.069007,35335
caas-1node,mpi,4000000,8,1,blockcyclic,1024,3,4,0.069267,35465
caas-1node,mpi,4000000,8,1,blockcyclic,1024,3,5,0.069405,35327
caas-1node,mpi,4000000,8,1,blockcyclic,1024,3,6,0.069480,35440
caas-1node,mpi,4000000,8,1,blockcyclic,1024,3,7,0.069316,35411
caas-1node,mpi,4000000,8,1,wblock,1024,1,0,0.079322,78498
caas-1node,mpi,4000000,8,1,wblock,1024,1,1,0.072015,41757
caas-1node,mpi,4000000,8,1,wblock,1024,1,2,0.069566,34196
caas-1node,mpi,4000000,8,1,wblock,1024,1,3,0.068186,29959
caas-1node,mpi,4000000,8,1,wblock,1024,1,4,0.067301,27315
caas-1node,mpi,4000000,8,1,wblock,1024,1,5,0.066321,25294
caas-1node,mpi,4000000,8,1,wblock,1024,1,6,0.065478,23649
caas-1node,mpi,4000000,8,1,wblock,1024,1,7,0.065105,22478
caas-1node,mpi,4000000,8,1,wblock,1024,2,0,0.079469,78498
caas-1node,mpi,4000000,8,1,wblock,1024,2,1,0.071910,41757
caas-1node,mpi,4000000,8,1,wblock,1024,2,2,0.069641,34196
caas-1node,mpi,4000000,8,1,wblock,1024,2,3,0.068196,29959
caas-1node,mpi,4000000,8,1,wblock,1024,2,4,0.067187,27315
caas-1node,mpi,4000000,8,1,wblock,1024,2,5,0.066422,25294
caas-1node,mpi,4000000,8,1,wblock,1024,2,6,0.065687,23649
caas-1node,mpi,4000000,8,1,wblock,1024,2,7,0.065140,22478
caas-1node,mpi,4000000,8,1,wblock,1024,3,0,0.079246,78498
caas-1node,mpi,4000000,8,1,wblock,1024,3,1,0.071980,41757
caas-1node,mpi,4000000,8,1,wblock,1024,3,2,0.069563,34196
caas-1node,mpi,4000000,8,1,wblock,1024,3,3,0.068100,29959
caas-1node,mpi,4000000,8,1,wblock,1024,3,4,0.067207,27315
caas-1node,mpi,4000000,8,1,wblock,1024,3,5,0.066398,25294
caas-1node,mpi,4000000,8,1,wblock,1024,3,6,0.065496,23649
caas-1node,mpi,4000000,8,1,wblock,1024,3,7,0.065299,22478
caas-1node,mpi,6000000,8,1,block,1024,1,0,0.053077,60238
caas-1node,mpi,6000000,8,1,block,1024,1,1,0.086495,53917
caas-1node,mpi,6000000,8,1,block,1024,1,2,0.106631,51926
caas-1node,mpi,6000000,8,1,block,1024,1,3,0.122441,50735
caas-1node,mpi,6000000,8,1,block,1024,1,4,0.135843,49901
caas-1node,mpi,6000000,8,1,block,1024,1,5,0.147662,49231
caas-1node,mpi,6000000,8,1,block,1024,1,6,0.160653,48737
caas-1node,mpi,6000000,8,1,block,1024,1,7,0.170268,48164
caas-1node,mpi,6000000,8,1,block,1024,2,0,0.053109,60238
caas-1node,mpi,6000000,8,1,block,1024,2,1,0.086569,53917
caas-1node,mpi,6000000,8,1,block,1024,2,2,0.106738,51926
caas-1node,mpi,6000000,8,1,block,1024,2,3,0.122700,50735
caas-1node,mpi,6000000,8,1,block,1024,2,4,0.135892,49901
caas-1node,mpi,6000000,8,1,block,1024,2,5,0.147801,49231
caas-1node,mpi,6000000,8,1,block,1024,2,6,0.158387,48737
caas-1node,mpi,6000000,8,1,block,1024,2,7,0.170365,48164
caas-1node,mpi,6000000,8,1,block,1024,3,0,0.053138,60238
caas-1node,mpi,6000000,8,1,block,1024,3,1,0.086489,53917
caas-1node,mpi,6000000,8,1,block,1024,3,2,0.106699,51926
caas-1node,mpi,6000000,8,1,block,1024,3,3,0.122635,50735
caas-1node,mpi,6000000,8,1,block,1024,3,4,0.135825,49901
caas-1node,mpi,6000000,8,1,block,1024,3,5,0.147619,49231
caas-1node,mpi,6000000,8,1,block,1024,3,6,0.158424,48737
caas-1node,mpi,6000000,8,1,block,1024,3,7,0.167777,48164
caas-1node,mpi,6000000,8,1,cyclic,1024,1,0,0.122299,51583
caas-1node,mpi,6000000,8,1,cyclic,1024,1,1,0.122226,51603
caas-1node,mpi,6000000,8,1,cyclic,1024,1,2,0.122397,51596
caas-1node,mpi,6000000,8,1,cyclic,1024,1,3,0.122494,51551
caas-1node,mpi,6000000,8,1,cyclic,1024,1,4,0.122520,51689
caas-1node,mpi,6000000,8,1,cyclic,1024,1,5,0.122519,51639
caas-1node,mpi,6000000,8,1,cyclic,1024,1,6,0.122581,51649
caas-1node,mpi,6000000,8,1,cyclic,1024,1,7,0.122466,51539
caas-1node,mpi,6000000,8,1,cyclic,1024,2,0,0.122370,51583
caas-1node,mpi,6000000,8,1,cyclic,1024,2,1,0.122374,51603
caas-1node,mpi,6000000,8,1,cyclic,1024,2,2,0.122335,51596
caas-1node,mpi,6000000,8,1,cyclic,1024,2,3,0.122545,51551
caas-1node,mpi,6000000,8,1,cyclic,1024,2,4,0.122661,51689
caas-1node,mpi,6000000,8,1,cyclic,1024,2,5,0.122562,51639
caas-1node,mpi,6000000,8,1,cyclic,1024,2,6,0.122590,51649
caas-1node,mpi,6000000,8,1,cyclic,1024,2,7,0.122437,51539
caas-1node,mpi,6000000,8,1,cyclic,1024,3,0,0.122332,51583
caas-1node,mpi,6000000,8,1,cyclic,1024,3,1,0.122231,51603
caas-1node,mpi,6000000,8,1,cyclic,1024,3,2,0.122297,51596
caas-1node,mpi,6000000,8,1,cyclic,1024,3,3,0.122614,51551
caas-1node,mpi,6000000,8,1,cyclic,1024,3,4,0.122610,51689
caas-1node,mpi,6000000,8,1,cyclic,1024,3,5,0.122475,51639
caas-1node,mpi,6000000,8,1,cyclic,1024,3,6,0.122493,51649
caas-1node,mpi,6000000,8,1,cyclic,1024,3,7,0.122600,51539
caas-1node,mpi,6000000,8,1,blockcyclic,1024,1,0,0.126159,51533
caas-1node,mpi,6000000,8,1,blockcyclic,1024,1,1,0.122249,51513
caas-1node,mpi,6000000,8,1,blockcyclic,1024,1,2,0.122081,51653
caas-1node,mpi,6000000,8,1,blockcyclic,1024,1,3,0.122021,51529
caas-1node,mpi,6000000,8,1,blockcyclic,1024,1,4,0.122106,51578
caas-1node,mpi,6000000,8,1,blockcyclic,1024,1,5,0.122538,51636
caas-1node,mpi,6000000,8,1,blockcyclic,1024,1,6,0.122696,51714
caas-1node,mpi,6000000,8,1,blockcyclic,1024,1,7,0.122455,51693
caas-1node,mpi,6000000,8,1,blockcyclic,1024,2,0,0.122137,51533
caas-1node,mpi,6000000,8,1,blockcyclic,1024,2,1,0.122262,51513
caas-1node,mpi,6000000,8,1,blockcyclic,1024,2,2,0.122081,51653
caas-1node,mpi,6000000,8,1,blockcyclic,1024,2,3,0.122024,51529
caas-1node,mpi,6000000,8,1,blockcyclic,1024,2,4,0.122167,51578
caas-1node,mpi,6000000,8,1,blockcyclic,1024,2,5,0.122587,51636
caas-1node,mpi,6000000,8,1,blockcyclic,1024,2,6,0.122843,51714
caas-1node,mpi,6000000,8,1,blockcyclic,1024,2,7,0.122460,51693
caas-1node,mpi,6000000,8,1,blockcyclic,1024,3,0,0.122209,51533
caas-1node,mpi,6000000,8,1,blockcyclic,1024,3,1,0.122291,51513
caas-1node,mpi,6000000,8,1,blockcyclic,1024,3,2,0.122205,51653
caas-1node,mpi,6000000,8,1,blockcyclic,1024,3,3,0.122101,51529
caas-1node,mpi,6000000,8,1,blockcyclic,1024,3,4,0.122180,51578
caas-1node,mpi,6000000,8,1,blockcyclic,1024,3,5,0.122621,51636
caas-1node,mpi,6000000,8,1,blockcyclic,1024,3,6,0.122784,51714
caas-1node,mpi,6000000,8,1,blockcyclic,1024,3,7,0.122481,51693
caas-1node,mpi,6000000,8,1,wblock,1024,1,0,0.139710,114155
caas-1node,mpi,6000000,8,1,wblock,1024,1,1,0.126999,60841
caas-1node,mpi,6000000,8,1,wblock,1024,1,2,0.123120,49857
caas-1node,mpi,6000000,8,1,wblock,1024,1,3,0.120559,43805
caas-1node,mpi,6000000,8,1,wblock,1024,1,4,0.118911,39784
caas-1node,mpi,6000000,8,1,wblock,1024,1,5,0.117640,36982
caas-1node,mpi,6000000,8,1,wblock,1024,1,6,0.116491,34659
caas-1node,mpi,6000000,8,1,wblock,1024,1,7,0.115410,32766
caas-1node,mpi,6000000,8,1,wblock,1024,2,0,0.150651,114155
caas-1node,mpi,6000000,8,1,wblock,1024,2,1,0.127093,60841
caas-1node,mpi,6000000,8,1,wblock,1024,2,2,0.123050,49857
caas-1node,mpi,6000000,8,1,wblock,1024,2,3,0.120580,43805
caas-1node,mpi,6000000,8,1,wblock,1024,2,4,0.118935,39784
caas-1node,mpi,6000000,8,1,wblock,1024,2,5,0.117603,36982
caas-1node,mpi,6000000,8,1,wblock,1024,2,6,0.116359,34659
caas-1node,mpi,6000000,8,1,wblock,1024,2,7,0.115406,32766
caas-1node,mpi,6000000,8,1,wblock,1024,3,0,0.139492,114155
caas-1node,mpi,6000000,8,1,wblock,1024,3,1,0.127003,60841
caas-1node,mpi,6000000,8,1,wblock,1024,3,2,0.123239,49857
caas-1node,mpi,6000000,8,1,wblock,1024,3,3,0.120609,43805
caas-1node,mpi,6000000,8,1,wblock,1024,3,4,0.118790,39784
caas-1node,mpi,6000000,8,1,wblock,1024,3,5,0.117689,36982
caas-1node,mpi,6000000,8,1,wblock,1024,3,6,0.116469,34659
caas-1node,mpi,6000000,8,1,wblock,1024,3,7,0.115318,32766
caas-1node,mpi,8000000,8,1,block,1024,1,0,0.079536,78498
caas-1node,mpi,8000000,8,1,block,1024,1,1,0.129695,70435
caas-1node,mpi,8000000,8,1,block,1024,1,2,0.159938,67883
caas-1node,mpi,8000000,8,1,block,1024,1,3,0.183720,66330
caas-1node,mpi,8000000,8,1,block,1024,1,4,0.204130,65367
caas-1node,mpi,8000000,8,1,block,1024,1,5,0.221790,64336
caas-1node,mpi,8000000,8,1,block,1024,1,6,0.238090,63799
caas-1node,mpi,8000000,8,1,block,1024,1,7,0.252494,63129
caas-1node,mpi,8000000,8,1,block,1024,2,0,0.085993,78498
caas-1node,mpi,8000000,8,1,block,1024,2,1,0.129608,70435
caas-1node,mpi,8000000,8,1,block,1024,2,2,0.166669,67883
caas-1node,mpi,8000000,8,1,block,1024,2,3,0.184203,66330
caas-1node,mpi,8000000,8,1,block,1024,2,4,0.204350,65367
caas-1node,mpi,8000000,8,1,block,1024,2,5,0.221615,64336
caas-1node,mpi,8000000,8,1,block,1024,2,6,0.237905,63799
caas-1node,mpi,8000000,8,1,block,1024,2,7,0.252805,63129
caas-1node,mpi,8000000,8,1,block,1024,3,0,0.097285,78498
caas-1node,mpi,8000000,8,1,block,1024,3,1,0.129530,70435
caas-1node,mpi,8000000,8,1,block,1024,3,2,0.159922,67883
caas-1node,mpi,8000000,8,1,block,1024,3,3,0.183798,66330
caas-1node,mpi,8000000,8,1,block,1024,3,4,0.204166,65367
caas-1node,mpi,8000000,8,1,block,1024,3,5,0.221572,64336
caas-1node,mpi,8000000,8,1,block,1024,3,6,0.240471,63799
caas-1node,mpi,8000000,8,1,block,1024,3,7,0.252406,63129
caas-1node,mpi,8000000,8,1,cyclic,1024,1,0,0.183863,67478
caas-1node,mpi,8000000,8,1,cyclic,1024,1,1,0.183803,67524
caas-1node,mpi,8000000,8,1,cyclic,1024,1,2,0.183737,67517
caas-1node,mpi,8000000,8,1,cyclic,1024,1,3,0.183762,67370
caas-1node,mpi,8000000,8,1,cyclic,1024,1,4,0.183964,67560
caas-1node,mpi,8000000,8,1,cyclic,1024,1,5,0.184014,67497
caas-1node,mpi,8000000,8,1,cyclic,1024,1,6,0.183709,67463
caas-1node,mpi,8000000,8,1,cyclic,1024,1,7,0.184178,67368
caas-1node,mpi,8000000,8,1,cyclic,1024,2,0,0.183709,67478
caas-1node,mpi,8000000,8,1,cyclic,1024,2,1,0.183856,67524
caas-1node,mpi,8000000,8,1,cyclic,1024,2,2,0.183780,67517
caas-1node,mpi,8000000,8,1,cyclic,1024,2,3,0.183675,67370
caas-1node,mpi,8000000,8,1,cyclic,1024,2,4,0.183900,67560
caas-1node,mpi,8000000,8,1,cyclic,1024,2,5,0.183811,67497
caas-1node,mpi,8000000,8,1,cyclic,1024,2,6,0.183689,67463
caas-1node,mpi,8000000,8,1,cyclic,1024,2,7,0.183684,67368
caas-1node,mpi,8000000,8,1,cyclic,1024,3,0,0.183531,67478
caas-1node,mpi,8000000,8,1,cyclic,1024,3,1,0.183711,67524
caas-1node,mpi,8000000,8,1,cyclic,1024,3,2,0.183590,67517
caas-1node,mpi,8000000,8,1,cyclic,1024,3,3,0.183766,67370
caas-1node,mpi,8000000,8,1,cyclic,1024,3,4,0.183788,67560
caas-1node,mpi,8000000,8,1,cyclic,1024,3,5,0.183920,67497
caas-1node,mpi,8000000,8,1,cyclic,1024,3,6,0.183762,67463
caas-1node,mpi,8000000,8,1,cyclic,1024,3,7,0.183652,67368
caas-1node,mpi,8000000,8,1,blockcyclic,1024,1,0,0.183053,67322
caas-1node,mpi,8000000,8,1,blockcyclic,1024,1,1,0.183378,67270
caas-1node,mpi,8000000,8,1,blockcyclic,1024,1,2,0.183639,67600
caas-1node,mpi,8000000,8,1,blockcyclic,1024,1,3,0.183358,67420
caas-1node,mpi,8000000,8,1,blockcyclic,1024,1,4,0.183474,67523
caas-1node,mpi,8000000,8,1,blockcyclic,1024,1,5,0.184051,67572
caas-1node,mpi,8000000,8,1,blockcyclic,1024,1,6,0.183981,67626
caas-1node,mpi,8000000,8,1,blockcyclic,1024,1,7,0.183522,67444
caas-1node,mpi,8000000,8,1,blockcyclic,1024,2,0,0.183003,67322
caas-1node,mpi,8000000,8,1,blockcyclic,1024,2,1,0.183404,67270
caas-1node,mpi,8000000,8,1,blockcyclic,1024,2,2,0.183592,67600
caas-1node,mpi,8000000,8,1,blockcyclic,1024,2,3,0.183426,67420
caas-1node,mpi,8000000,8,1,blockcyclic,1024,2,4,0.183527,67523
caas-1node,mpi,8000000,8,1,blockcyclic,1024,2,5,0.183918,67572
caas-1node,mpi,8000000,8,1,blockcyclic,1024,2,6,0.184125,67626
caas-1node,mpi,8000000,8,1,blockcyclic,1024,2,7,0.183537,67444
caas-1node,mpi,8000000,8,1,blockcyclic,1024,3,0,0.194183,67322
caas-1node,mpi,8000000,8,1,blockcyclic,1024,3,1,0.183372,67270
caas-1node,mpi,8000000,8,1,blockcyclic,1024,3,2,0.183643,67600
caas-1node,mpi,8000000,8,1,blockcyclic,1024,3,3,0.183366,67420
caas-1node,mpi,8000000,8,1,blockcyclic,1024,3,4,0.183466,67523
caas-1node,mpi,8000000,8,1,blockcyclic,1024,3,5,0.183838,67572
caas-1node,mpi,8000000,8,1,blockcyclic,1024,3,6,0.184164,67626
caas-1node,mpi,8000000,8,1,blockcyclic,1024,3,7,0.183520,67444
caas-1node,mpi,8000000,8,1,wblock,1024,1,0,0.208504,148933
caas-1node,mpi,8000000,8,1,wblock,1024,1,1,0.190367,79579
caas-1node,mpi,8000000,8,1,wblock,1024,1,2,0.184499,65172
caas-1node,mpi,8000000,8,1,wblock,1024,1,3,0.181099,57383
caas-1node,mpi,8000000,8,1,wblock,1024,1,4,0.178257,52013
caas-1node,mpi,8000000,8,1,wblock,1024,1,5,0.176563,48324
caas-1node,mpi,8000000,8,1,wblock,1024,1,6,0.175031,45435
caas-1node,mpi,8000000,8,1,wblock,1024,1,7,0.173392,42938
caas-1node,mpi,8000000,8,1,wblock,1024,2,0,0.208753,148933
caas-1node,mpi,8000000,8,1,wblock,1024,2,1,0.190396,79579
caas-1node,mpi,8000000,8,1,wblock,1024,2,2,0.184693,65172
caas-1node,mpi,8000000,8,1,wblock,1024,2,3,0.181333,57383
caas-1node,mpi,8000000,8,1,wblock,1024,2,4,0.178491,52013
caas-1node,mpi,8000000,8,1,wblock,1024,2,5,0.176557,48324
caas-1node,mpi,8000000,8,1,wblock,1024,2,6,0.175060,45435
caas-1node,mpi,8000000,8,1,wblock,1024,2,7,0.173577,42938
caas-1node,mpi,8000000,8,1,wblock,1024,3,0,0.208931,148933
caas-1node,mpi,8000000,8,1,wblock,1024,3,1,0.190633,79579
caas-1node,mpi,8000000,8,1,wblock,1024,3,2,0.184820,65172
caas-1node,mpi,8000000,8,1,wblock,1024,3,3,0.181220,57383
caas-1node,mpi,8000000,8,1,wblock,1024,3,4,0.178489,52013
caas-1node,mpi,8000000,8,1,wblock,1024,3,5,0.176541,48324
caas-1node,mpi,8000000,8,1,wblock,1024,3,6,0.175110,45435
caas-1node,mpi,8000000,8,1,wblock,1024,3,7,0.173523,42938
caas-1node,mpi,10000000,8,1,block,1024,1,0,0.108155,96469
caas-1node,mpi,10000000,8,1,block,1024,1,1,0.177166,86603
caas-1node,mpi,10000000,8,1,block,1024,1,2,0.219074,83645
caas-1node,mpi,10000000,8,1,block,1024,1,3,0.252022,81796
caas-1node,mpi,10000000,8,1,block,1024,1,4,0.279410,80303
caas-1node,mpi,10000000,8,1,block,1024,1,5,0.304326,79445
caas-1node,mpi,10000000,8,1,block,1024,1,6,0.326256,78589
caas-1node,mpi,10000000,8,1,block,1024,1,7,0.345968,77729
caas-1node,mpi,10000000,8,1,block,1024,2,0,0.108200,96469
caas-1node,mpi,10000000,8,1,block,1024,2,1,0.177114,86603
caas-1node,mpi,10000000,8,1,block,1024,2,2,0.219353,83645
caas-1node,mpi,10000000,8,1,block,1024,2,3,0.252027,81796
caas-1node,mpi,10000000,8,1,block,1024,2,4,0.279456,80303
caas-1node,mpi,10000000,8,1,block,1024,2,5,0.304399,79445
caas-1node,mpi,10000000,8,1,block,1024,2,6,0.326282,78589
caas-1node,mpi,10000000,8,1,block,1024,2,7,0.346041,77729
caas-1node,mpi,10000000,8,1,block,1024,3,0,0.108215,96469
caas-1node,mpi,10000000,8,1,block,1024,3,1,0.177272,86603
caas-1node,mpi,10000000,8,1,block,1024,3,2,0.219046,83645
caas-1node,mpi,10000000,8,1,block,1024,3,3,0.251898,81796
caas-1node,mpi,10000000,8,1,block,1024,3,4,0.279537,80303
caas-1node,mpi,10000000,8,1,block,1024,3,5,0.304146,79445
caas-1node,mpi,10000000,8,1,block,1024,3,6,0.326313,78589
caas-1node,mpi,10000000,8,1,block,1024,3,7,0.345915,77729
caas-1node,mpi,10000000,8,1,cyclic,1024,1,0,0.251662,83040
caas-1node,mpi,10000000,8,1,cyclic,1024,1,1,0.251731,83065
caas-1node,mpi,10000000,8,1,cyclic,1024,1,2,0.251723,83117
caas-1node,mpi,10000000,8,1,cyclic,1024,1,3,0.251886,83009
caas-1node,mpi,10000000,8,1,cyclic,1024,1,4,0.251871,83122
caas-1node,mpi,10000000,8,1,cyclic,1024,1,5,0.251925,83139
caas-1node,mpi,10000000,8,1,cyclic,1024,1,6,0.251950,83120
caas-1node,mpi,10000000,8,1,cyclic,1024,1,7,0.251759,82967
caas-1node,mpi,10000000,8,1,cyclic,1024,2,0,0.251658,83040
caas-1node,mpi,10000000,8,1,cyclic,1024,2,1,0.251589,83065
caas-1node,mpi,10000000,8,1,cyclic,1024,2,2,0.251620,83117
caas-1node,mpi,10000000,8,1,cyclic,1024,2,3,0.251940,83009
caas-1node,mpi,10000000,8,1,cyclic,1024,2,4,0.251872,83122
caas-1node,mpi,10000000,8,1,cyclic,1024,2,5,0.251845,83139
caas-1node,mpi,10000000,8,1,cyclic,1024,2,6,0.251889,83120
caas-1node,mpi,10000000,8,1,cyclic,1024,2,7,0.251868,82967
caas-1node,mpi,10000000,8,1,cyclic,1024,3,0,0.251746,83040
caas-1node,mpi,10000000,8,1,cyclic,1024,3,1,0.251636,83065
caas-1node,mpi,10000000,8,1,cyclic,1024,3,2,0.251849,83117
caas-1node,mpi,10000000,8,1,cyclic,1024,3,3,0.251906,83009
caas-1node,mpi,10000000,8,1,cyclic,1024,3,4,0.251887,83122
caas-1node,mpi,10000000,8,1,cyclic,1024,3,5,0.251964,83139
caas-1node,mpi,10000000,8,1,cyclic,1024,3,6,0.251947,83120
caas-1node,mpi,10000000,8,1,cyclic,1024,3,7,0.251746,82967
caas-1node,mpi,10000000,8,1,blockcyclic,1024,1,0,0.251173,82992
caas-1node,mpi,10000000,8,1,blockcyclic,1024,1,1,0.251336,82829
caas-1node,mpi,10000000,8,1,blockcyclic,1024,1,2,0.251988,83245
caas-1node,mpi,10000000,8,1,blockcyclic,1024,1,3,0.251732,83065
caas-1node,mpi,10000000,8,1,blockcyclic,1024,1,4,0.251659,83091
caas-1node,mpi,10000000,8,1,blockcyclic,1024,1,5,0.252021,83183
caas-1node,mpi,10000000,8,1,blockcyclic,1024,1,6,0.251926,83121
caas-1node,mpi,10000000,8,1,blockcyclic,1024,1,7,0.251764,83053
caas-1node,mpi,10000000,8,1,blockcyclic,1024,2,0,0.251047,82992
caas-1node,mpi,10000000,8,1,blockcyclic,1024,2,1,0.251351,82829
caas-1node,mpi,10000000,8,1,blockcyclic,1024,2,2,0.251756,83245
caas-1node,mpi,10000000,8,1,blockcyclic,1024,2,3,0.251539,83065
caas-1node,mpi,10000000,8,1,blockcyclic,1024,2,4,0.251738,83091
caas-1node,mpi,10000000,8,1,blockcyclic,1024,2,5,0.251972,83183
caas-1node,mpi,10000000,8,1,blockcyclic,1024,2,6,0.251873,83121
caas-1node,mpi,10000000,8,1,blockcyclic,1024,2,7,0.251706,83053
caas-1node,mpi,10000000,8,1,blockcyclic,1024,3,0,0.251267,82992
caas-1node,mpi,10000000,8,1,blockcyclic,1024,3,1,0.251351,82829
caas-1node,mpi,10000000,8,1,blockcyclic,1024,3,2,0.251895,83245
caas-1node,mpi,10000000,8,1,blockcyclic,1024,3,3,0.251647,83065
caas-1node,mpi,10000000,8,1,blockcyclic,1024,3,4,0.251413,83091
caas-1node,mpi,10000000,8,1,blockcyclic,1024,3,5,0.252039,83183
caas-1node,mpi,10000000,8,1,blockcyclic,1024,3,6,0.251769,83121
caas-1node,mpi,10000000,8,1,blockcyclic,1024,3,7,0.251724,83053
caas-1node,mpi,10000000,8,1,wblock,1024,1,0,0.285355,183072
caas-1node,mpi,10000000,8,1,wblock,1024,1,1,0.260853,98027
caas-1node,mpi,10000000,8,1,wblock,1024,1,2,0.253103,80323
caas-1node,mpi,10000000,8,1,wblock,1024,1,3,0.248267,70624
caas-1node,mpi,10000000,8,1,wblock,1024,1,4,0.244957,64252
caas-1node,mpi,10000000,8,1,wblock,1024,1,5,0.241989,59480
caas-1node,mpi,10000000,8,1,wblock,1024,1,6,0.239867,55905
caas-1node,mpi,10000000,8,1,wblock,1024,1,7,0.237958,52896
caas-1node,mpi,10000000,8,1,wblock,1024,2,0,0.285253,183072
caas-1node,mpi,10000000,8,1,wblock,1024,2,1,0.260938,98027
caas-1node,mpi,10000000,8,1,wblock,1024,2,2,0.253258,80323
caas-1node,mpi,10000000,8,1,wblock,1024,2,3,0.248375,70624
caas-1node,mpi,10000000,8,1,wblock,1024,2,4,0.245080,64252
caas-1node,mpi,10000000,8,1,wblock,1024,2,5,0.241984,59480
caas-1node,mpi,10000000,8,1,wblock,1024,2,6,0.239951,55905
caas-1node,mpi,10000000,8,1,wblock,1024,2,7,0.237846,52896
caas-1node,mpi,10000000,8,1,wblock,1024,3,0,0.285338,183072
caas-1node,mpi,10000000,8,1,wblock,1024,3,1,0.260884,98027
caas-1node,mpi,10000000,8,1,wblock,1024,3,2,0.253097,80323
caas-1node,mpi,10000000,8,1,wblock,1024,3,3,0.248322,70624
caas-1node,mpi,10000000,8,1,wblock,1024,3,4,0.244941,64252
caas-1node,mpi,10000000,8,1,wblock,1024,3,5,0.242069,59480
caas-1node,mpi,10000000,8,1,wblock,1024,3,6,0.239951,55905
caas-1node,mpi,10000000,8,1,wblock,1024,3,7,0.237850,52896
caas-1node,mpi,14000000,8,1,block,1024,1,0,0.173008,131608
caas-1node,mpi,14000000,8,1,block,1024,1,1,0.284525,118542
caas-1node,mpi,14000000,8,1,block,1024,1,2,0.352397,114535
caas-1node,mpi,14000000,8,1,block,1024,1,3,0.405658,111963
caas-1node,mpi,14000000,8,1,block,1024,1,4,0.450559,110202
caas-1node,mpi,14000000,8,1,block,1024,1,5,0.489954,108759
caas-1node,mpi,14000000,8,1,block,1024,1,6,0.526008,107749
caas-1node,mpi,14000000,8,1,block,1024,1,7,0.558717,106719
caas-1node,mpi,14000000,8,1,block,1024,2,0,0.175089,131608
caas-1node,mpi,14000000,8,1,block,1024,2,1,0.284780,118542
caas-1node,mpi,14000000,8,1,block,1024,2,2,0.352337,114535
caas-1node,mpi,14000000,8,1,block,1024,2,3,0.405445,111963
caas-1node,mpi,14000000,8,1,block,1024,2,4,0.450577,110202
caas-1node,mpi,14000000,8,1,block,1024,2,5,0.489963,108759
caas-1node,mpi,14000000,8,1,block,1024,2,6,0.526054,107749
caas-1node,mpi,14000000,8,1,block,1024,2,7,0.558363,106719
caas-1node,mpi,14000000,8,1,block,1024,3,0,0.176965,131608
caas-1node,mpi,14000000,8,1,block,1024,3,1,0.284829,118542
caas-1node,mpi,14000000,8,1,block,1024,3,2,0.352397,114535
caas-1node,mpi,14000000,8,1,block,1024,3,3,0.405601,111963
caas-1node,mpi,14000000,8,1,block,1024,3,4,0.450866,110202
caas-1node,mpi,14000000,8,1,block,1024,3,5,0.500068,108759
caas-1node,mpi,14000000,8,1,block,1024,3,6,0.526177,107749
caas-1node,mpi,14000000,8,1,block,1024,3,7,0.570894,106719
caas-1node,mpi,14000000,8,1,cyclic,1024,1,0,0.405375,113781
caas-1node,mpi,14000000,8,1,cyclic,1024,1,1,0.405148,113773
caas-1node,mpi,14000000,8,1,cyclic,1024,1,2,0.405296,113780
caas-1node,mpi,14000000,8,1,cyclic,1024,1,3,0.405580,113723
caas-1node,mpi,14000000,8,1,cyclic,1024,1,4,0.405286,113745
caas-1node,mpi,14000000,8,1,cyclic,1024,1,5,0.405730,113847
caas-1node,mpi,14000000,8,1,cyclic,1024,1,6,0.405387,113798
caas-1node,mpi,14000000,8,1,cyclic,1024,1,7,0.405411,113630
caas-1node,mpi,14000000,8,1,cyclic,1024,2,0,0.405276,113781
caas-1node,mpi,14000000,8,1,cyclic,1024,2,1,0.405159,113773
caas-1node,mpi,14000000,8,1,cyclic,1024,2,2,0.405280,113780
caas-1node,mpi,14000000,8,1,cyclic,1024,2,3,0.405710,113723
caas-1node,mpi,14000000,8,1,cyclic,1024,2,4,0.405143,113745
caas-1node,mpi,14000000,8,1,cyclic,1024,2,5,0.405573,113847
caas-1node,mpi,14000000,8,1,cyclic,1024,2,6,0.405495,113798
caas-1node,mpi,14000000,8,1,cyclic,1024,2,7,0.405505,113630
caas-1node,mpi,14000000,8,1,cyclic,1024,3,0,0.405438,113781
caas-1node,mpi,14000000,8,1,cyclic,1024,3,1,0.405316,113773
caas-1node,mpi,14000000,8,1,cyclic,1024,3,2,0.405346,113780
caas-1node,mpi,14000000,8,1,cyclic,1024,3,3,0.405547,113723
caas-1node,mpi,14000000,8,1,cyclic,1024,3,4,0.405484,113745
caas-1node,mpi,14000000,8,1,cyclic,1024,3,5,0.405654,113847
caas-1node,mpi,14000000,8,1,cyclic,1024,3,6,0.405469,113798
caas-1node,mpi,14000000,8,1,cyclic,1024,3,7,0.405788,113630
caas-1node,mpi,14000000,8,1,blockcyclic,1024,1,0,0.404631,113714
caas-1node,mpi,14000000,8,1,blockcyclic,1024,1,1,0.405339,113623
caas-1node,mpi,14000000,8,1,blockcyclic,1024,1,2,0.405382,113826
caas-1node,mpi,14000000,8,1,blockcyclic,1024,1,3,0.405495,113796
caas-1node,mpi,14000000,8,1,blockcyclic,1024,1,4,0.405633,113908
caas-1node,mpi,14000000,8,1,blockcyclic,1024,1,5,0.404817,113701
caas-1node,mpi,14000000,8,1,blockcyclic,1024,1,6,0.404930,113680
caas-1node,mpi,14000000,8,1,blockcyclic,1024,1,7,0.405756,113829
caas-1node,mpi,14000000,8,1,blockcyclic,1024,2,0,0.404568,113714
caas-1node,mpi,14000000,8,1,blockcyclic,1024,2,1,0.405356,113623
caas-1node,mpi,14000000,8,1,blockcyclic,1024,2,2,0.405345,113826
caas-1node,mpi,14000000,8,1,blockcyclic,1024,2,3,0.405452,113796
caas-1node,mpi,14000000,8,1,blockcyclic,1024,2,4,0.405379,113908
caas-1node,mpi,14000000,8,1,blockcyclic,1024,2,5,0.405146,113701
caas-1node,mpi,14000000,8,1,blockcyclic,1024,2,6,0.404828,113680
caas-1node,mpi,14000000,8,1,blockcyclic,1024,2,7,0.405686,113829
caas-1node,mpi,14000000,8,1,blockcyclic,1024,3,0,0.404431,113714
caas-1node,mpi,14000000,8,1,blockcyclic,1024,3,1,0.405163,113623
caas-1node,mpi,14000000,8,1,blockcyclic,1024,3,2,0.405323,113826
caas-1node,mpi,14000000,8,1,blockcyclic,1024,3,3,0.405673,113796
caas-1node,mpi,14000000,8,1,blockcyclic,1024,3,4,0.405201,113908
caas-1node,mpi,14000000,8,1,blockcyclic,1024,3,5,0.404973,113701
caas-1node,mpi,14000000,8,1,blockcyclic,1024,3,6,0.404713,113680
caas-1node,mpi,14000000,8,1,blockcyclic,1024,3,7,0.405622,113829
caas-1node,mpi,14000000,8,1,wblock,1024,1,0,0.457783,250150
caas-1node,mpi,14000000,8,1,wblock,1024,1,1,0.419753,134200
caas-1node,mpi,14000000,8,1,wblock,1024,1,2,0.407707,110066
caas-1node,mpi,14000000,8,1,wblock,1024,1,3,0.399949,96787
caas-1node,mpi,14000000,8,1,wblock,1024,1,4,0.394221,87885
caas-1node,mpi,14000000,8,1,wblock,1024,1,5,0.390718,81710
caas-1node,mpi,14000000,8,1,wblock,1024,1,6,0.387490,76765
caas-1node,mpi,14000000,8,1,wblock,1024,1,7,0.383603,72514
caas-1node,mpi,14000000,8,1,wblock,1024,2,0,0.457438,250150
caas-1node,mpi,14000000,8,1,wblock,1024,2,1,0.419658,134200
caas-1node,mpi,14000000,8,1,wblock,1024,2,2,0.407470,110066
caas-1node,mpi,14000000,8,1,wblock,1024,2,3,0.400162,96787
caas-1node,mpi,14000000,8,1,wblock,1024,2,4,0.394115,87885
caas-1node,mpi,14000000,8,1,wblock,1024,2,5,0.390734,81710
caas-1node,mpi,14000000,8,1,wblock,1024,2,6,0.387129,76765
caas-1node,mpi,14000000,8,1,wblock,1024,2,7,0.383738,72514
caas-1node,mpi,14000000,8,1,wblock,1024,3,0,0.457505,250150
caas-1node,mpi,14000000,8,1,wblock,1024,3,1,0.419605,134200
caas-1node,mpi,14000000,8,1,wblock,1024,3,2,0.407656,110066
caas-1node,mpi,14000000,8,1,wblock,1024,3,3,0.400121,96787
caas-1node,mpi,14000000,8,1,wblock,1024,3,4,0.394027,87885
caas-1node,mpi,14000000,8,1,wblock,1024,3,5,0.390661,81710
caas-1node,mpi,14000000,8,1,wblock,1024,3,6,0.400095,76765
caas-1node,mpi,14000000,8,1,wblock,1024,3,7,0.395911,72514
caas-1node,mpi,18000000,8,1,block,1024,1,0,0.246239,166081
caas-1node,mpi,18000000,8,1,block,1024,1,1,0.406186,149867
caas-1node,mpi,18000000,8,1,block,1024,1,2,0.502726,144759
caas-1node,mpi,18000000,8,1,block,1024,1,3,0.579189,141782
caas-1node,mpi,18000000,8,1,block,1024,1,4,0.643441,139452
caas-1node,mpi,18000000,8,1,block,1024,1,5,0.700641,137699
caas-1node,mpi,18000000,8,1,block,1024,1,6,0.751803,136386
caas-1node,mpi,18000000,8,1,block,1024,1,7,0.799094,135341
caas-1node,mpi,18000000,8,1,block,1024,2,0,0.246074,166081
caas-1node,mpi,18000000,8,1,block,1024,2,1,0.405656,149867
caas-1node,mpi,18000000,8,1,block,1024,2,2,0.502730,144759
caas-1node,mpi,18000000,8,1,block,1024,2,3,0.579047,141782
caas-1node,mpi,18000000,8,1,block,1024,2,4,0.644827,139452
caas-1node,mpi,18000000,8,1,block,1024,2,5,0.700257,137699
caas-1node,mpi,18000000,8,1,block,1024,2,6,0.751804,136386
caas-1node,mpi,18000000,8,1,block,1024,2,7,0.799673,135341
caas-1node,mpi,18000000,8,1,block,1024,3,0,0.246040,166081
caas-1node,mpi,18000000,8,1,block,1024,3,1,0.405775,149867
caas-1node,mpi,18000000,8,1,block,1024,3,2,0.502555,144759
caas-1node,mpi,18000000,8,1,block,1024,3,3,0.579317,141782
caas-1node,mpi,18000000,8,1,block,1024,3,4,0.643510,139452
caas-1node,mpi,18000000,8,1,block,1024,3,5,0.700320,137699
caas-1node,mpi,18000000,8,1,block,1024,3,6,0.751594,136386
caas-1node,mpi,18000000,8,1,block,1024,3,7,0.798971,135341
caas-1node,mpi,18000000,8,1,cyclic,1024,1,0,0.579390,144068
caas-1node,mpi,18000000,8,1,cyclic,1024,1,1,0.578557,143905
caas-1node,mpi,18000000,8,1,cyclic,1024,1,2,0.578895,143944
caas-1node,mpi,18000000,8,1,cyclic,1024,1,3,0.579129,143844
caas-1node,mpi,18000000,8,1,cyclic,1024,1,4,0.578981,143889
caas-1node,mpi,18000000,8,1,cyclic,1024,1,5,0.579171,143998
caas-1node,mpi,18000000,8,1,cyclic,1024,1,6,0.579107,143964
caas-1node,mpi,18000000,8,1,cyclic,1024,1,7,0.578772,143755
caas-1node,mpi,18000000,8,1,cyclic,1024,2,0,0.579131,144068
caas-1node,mpi,18000000,8,1,cyclic,1024,2,1,0.578552,143905
caas-1node,mpi,18000000,8,1,cyclic,1024,2,2,0.578664,143944
caas-1node,mpi,18000000,8,1,cyclic,1024,2,3,0.579112,143844
caas-1node,mpi,18000000,8,1,cyclic,1024,2,4,0.578736,143889
caas-1node,mpi,18000000,8,1,cyclic,1024,2,5,0.578965,143998
caas-1node,mpi,18000000,8,1,cyclic,1024,2,6,0.578948,143964
caas-1node,mpi,18000000,8,1,cyclic,1024,2,7,0.578845,143755
caas-1node,mpi,18000000,8,1,cyclic,1024,3,0,0.579327,144068
caas-1node,mpi,18000000,8,1,cyclic,1024,3,1,0.578776,143905
caas-1node,mpi,18000000,8,1,cyclic,1024,3,2,0.578771,143944
caas-1node,mpi,18000000,8,1,cyclic,1024,3,3,0.579016,143844
caas-1node,mpi,18000000,8,1,cyclic,1024,3,4,0.578737,143889
caas-1node,mpi,18000000,8,1,cyclic,1024,3,5,0.579241,143998
caas-1node,mpi,18000000,8,1,cyclic,1024,3,6,0.579307,143964
caas-1node,mpi,18000000,8,1,cyclic,1024,3,7,0.578835,143755
caas-1node,mpi,18000000,8,1,blockcyclic,1024,1,0,0.578272,143950
caas-1node,mpi,18000000,8,1,blockcyclic,1024,1,1,0.579021,143849
caas-1node,mpi,18000000,8,1,blockcyclic,1024,1,2,0.578564,143944
caas-1node,mpi,18000000,8,1,blockcyclic,1024,1,3,0.578589,143788
caas-1node,mpi,18000000,8,1,blockcyclic,1024,1,4,0.580008,144340
caas-1node,mpi,18000000,8,1,blockcyclic,1024,1,5,0.578824,143884
caas-1node,mpi,18000000,8,1,blockcyclic,1024,1,6,0.577973,143871
caas-1node,mpi,18000000,8,1,blockcyclic,1024,1,7,0.578825,143741
caas-1node,mpi,18000000,8,1,blockcyclic,1024,2,0,0.578241,143950
caas-1node,mpi,18000000,8,1,blockcyclic,1024,2,1,0.578776,143849
caas-1node,mpi,18000000,8,1,blockcyclic,1024,2,2,0.578625,143944
caas-1node,mpi,18000000,8,1,blockcyclic,1024,2,3,0.578653,143788
caas-1node,mpi,18000000,8,1,blockcyclic,1024,2,4,0.580084,144340
caas-1node,mpi,18000000,8,1,blockcyclic,1024,2,5,0.578359,143884
caas-1node,mpi,18000000,8,1,blockcyclic,1024,2,6,0.578422,143871
caas-1node,mpi,18000000,8,1,blockcyclic,1024,2,7,0.578468,143741
caas-1node,mpi,18000000,8,1,blockcyclic,1024,3,0,0.578483,143950
caas-1node,mpi,18000000,8,1,blockcyclic,1024,3,1,0.578960,143849
caas-1node,mpi,18000000,8,1,blockcyclic,1024,3,2,0.578569,143944
caas-1node,mpi,18000000,8,1,blockcyclic,1024,3,3,0.578890,143788
caas-1node,mpi,18000000,8,1,blockcyclic,1024,3,4,0.580035,144340
caas-1node,mpi,18000000,8,1,blockcyclic,1024,3,5,0.578572,143884
caas-1node,mpi,18000000,8,1,blockcyclic,1024,3,6,0.577980,143871
caas-1node,mpi,18000000,8,1,blockcyclic,1024,3,7,0.578472,143741
caas-1node,mpi,18000000,8,1,wblock,1024,1,0,0.651518,315948
caas-1node,mpi,18000000,8,1,wblock,1024,1,1,0.598902,169795
caas-1node,mpi,18000000,8,1,wblock,1024,1,2,0.581901,139202
caas-1node,mpi,18000000,8,1,wblock,1024,1,3,0.571121,122471
caas-1node,mpi,18000000,8,1,wblock,1024,1,4,0.563664,111414
caas-1node,mpi,18000000,8,1,wblock,1024,1,5,0.558232,103383
caas-1node,mpi,18000000,8,1,wblock,1024,1,6,0.552629,96959
caas-1node,mpi,18000000,8,1,wblock,1024,1,7,0.549710,92195
caas-1node,mpi,18000000,8,1,wblock,1024,2,0,0.651693,315948
caas-1node,mpi,18000000,8,1,wblock,1024,2,1,0.598894,169795
caas-1node,mpi,18000000,8,1,wblock,1024,2,2,0.582059,139202
caas-1node,mpi,18000000,8,1,wblock,1024,2,3,0.571480,122471
caas-1node,mpi,18000000,8,1,wblock,1024,2,4,0.563813,111414
caas-1node,mpi,18000000,8,1,wblock,1024,2,5,0.558291,103383
caas-1node,mpi,18000000,8,1,wblock,1024,2,6,0.552807,96959
caas-1node,mpi,18000000,8,1,wblock,1024,2,7,0.549816,92195
caas-1node,mpi,18000000,8,1,wblock,1024,3,0,0.651782,315948
caas-1node,mpi,18000000,8,1,wblock,1024,3,1,0.598905,169795
caas-1node,mpi,18000000,8,1,wblock,1024,3,2,0.581681,139202
caas-1node,mpi,18000000,8,1,wblock,1024,3,3,0.571125,122471
caas-1node,mpi,18000000,8,1,wblock,1024,3,4,0.563782,111414
caas-1node,mpi,18000000,8,1,wblock,1024,3,5,0.558151,103383
caas-1node,mpi,18000000,8,1,wblock,1024,3,6,0.553065,96959
caas-1node,mpi,18000000,8,1,wblock,1024,3,7,0.549881,92195
caas-1node,mpi,20000000,8,1,block,1024,1,0,0.285200,183072
caas-1node,mpi,20000000,8,1,block,1024,1,1,0.470788,165441
caas-1node,mpi,20000000,8,1,block,1024,1,2,0.583513,159748
caas-1node,mpi,20000000,8,1,block,1024,1,3,0.672325,156318
caas-1node,mpi,20000000,8,1,block,1024,1,4,0.747671,154124
caas-1node,mpi,20000000,8,1,block,1024,1,5,0.813228,152001
caas-1node,mpi,20000000,8,1,block,1024,1,6,0.873707,150685
caas-1node,mpi,20000000,8,1,block,1024,1,7,0.927557,149218
caas-1node,mpi,20000000,8,1,block,1024,2,0,0.285053,183072
caas-1node,mpi,20000000,8,1,block,1024,2,1,0.470722,165441
caas-1node,mpi,20000000,8,1,block,1024,2,2,0.583398,159748
caas-1node,mpi,20000000,8,1,block,1024,2,3,0.672069,156318
caas-1node,mpi,20000000,8,1,block,1024,2,4,0.748060,154124
caas-1node,mpi,20000000,8,1,block,1024,2,5,0.813466,152001
caas-1node,mpi,20000000,8,1,block,1024,2,6,0.873636,150685
caas-1node,mpi,20000000,8,1,block,1024,2,7,0.927758,149218
caas-1node,mpi,20000000,8,1,block,1024,3,0,0.285116,183072
caas-1node,mpi,20000000,8,1,block,1024,3,1,0.470895,165441
caas-1node,mpi,20000000,8,1,block,1024,3,2,0.583508,159748
caas-1node,mpi,20000000,8,1,block,1024,3,3,0.672034,156318
caas-1node,mpi,20000000,8,1,block,1024,3,4,0.747885,154124
caas-1node,mpi,20000000,8,1,block,1024,3,5,0.813666,152001
caas-1node,mpi,20000000,8,1,block,1024,3,6,0.873799,150685
caas-1node,mpi,20000000,8,1,block,1024,3,7,0.927736,149218
caas-1node,mpi,20000000,8,1,cyclic,1024,1,0,0.672413,158948
caas-1node,mpi,20000000,8,1,cyclic,1024,1,1,0.672048,158891
caas-1node,mpi,20000000,8,1,cyclic,1024,1,2,0.671991,158835
caas-1node,mpi,20000000,8,1,cyclic,1024,1,3,0.672646,158781
caas-1node,mpi,20000000,8,1,cyclic,1024,1,4,0.672365,158821
caas-1node,mpi,20000000,8,1,cyclic,1024,1,5,0.672041,158802
caas-1node,mpi,20000000,8,1,cyclic,1024,1,6,0.671942,158833
caas-1node,mpi,20000000,8,1,cyclic,1024,1,7,0.672331,158696
caas-1node,mpi,20000000,8,1,cyclic,1024,2,0,0.672422,158948
caas-1node,mpi,20000000,8,1,cyclic,1024,2,1,0.672144,158891
caas-1node,mpi,20000000,8,1,cyclic,1024,2,2,0.671757,158835
caas-1node,mpi,20000000,8,1,cyclic,1024,2,3,0.672525,158781
caas-1node,mpi,20000000,8,1,cyclic,1024,2,4,0.672056,158821
caas-1node,mpi,20000000,8,1,cyclic,1024,2,5,0.672000,158802
caas-1node,mpi,20000000,8,1,cyclic,1024,2,6,0.672112,158833
caas-1node,mpi,20000000,8,1,cyclic,1024,2,7,0.672268,158696
caas-1node,mpi,20000000,8,1,cyclic,1024,3,0,0.680006,158948
caas-1node,mpi,20000000,8,1,cyclic,1024,3,1,0.673692,158891
caas-1node,mpi,20000000,8,1,cyclic,1024,3,2,0.677615,158835
caas-1node,mpi,20000000,8,1,cyclic,1024,3,3,0.676614,158781
caas-1node,mpi,20000000,8,1,cyclic,1024,3,4,0.674638,158821
caas-1node,mpi,20000000,8,1,cyclic,1024,3,5,0.675455,158802
caas-1node,mpi,20000000,8,1,cyclic,1024,3,6,0.675200,158833
caas-1node,mpi,20000000,8,1,cyclic,1024,3,7,0.675112,158696
caas-1node,mpi,20000000,8,1,blockcyclic,1024,1,0,0.672039,158977
caas-1node,mpi,20000000,8,1,blockcyclic,1024,1,1,0.672328,158750
caas-1node,mpi,20000000,8,1,blockcyclic,1024,1,2,0.671845,158844
caas-1node,mpi,20000000,8,1,blockcyclic,1024,1,3,0.672102,158584
caas-1node,mpi,20000000,8,1,blockcyclic,1024,1,4,0.673359,159282
caas-1node,mpi,20000000,8,1,blockcyclic,1024,1,5,0.672558,158958
caas-1node,mpi,20000000,8,1,blockcyclic,1024,1,6,0.671393,158779
caas-1node,mpi,20000000,8,1,blockcyclic,1024,1,7,0.671074,158433
caas-1node,mpi,20000000,8,1,blockcyclic,1024,2,0,0.672086,158977
caas-1node,mpi,20000000,8,1,blockcyclic,1024,2,1,0.672226,158750
caas-1node,mpi,20000000,8,1,blockcyclic,1024,2,2,0.672061,158844
caas-1node,mpi,20000000,8,1,blockcyclic,1024,2,3,0.672094,158584
caas-1node,mpi,20000000,8,1,blockcyclic,1024,2,4,0.673179,159282
caas-1node,mpi,20000000,8,1,blockcyclic,1024,2,5,0.672563,158958
caas-1node,mpi,20000000,8,1,blockcyclic,1024,2,6,0.671076,158779
caas-1node,mpi,20000000,8,1,blockcyclic,1024,2,7,0.671833,158433
caas-1node,mpi,20000000,8,1,blockcyclic,1024,3,0,0.672179,158977
caas-1node,mpi,20000000,8,1,blockcyclic,1024,3,1,0.672126,158750
caas-1node,mpi,20000000,8,1,blockcyclic,1024,3,2,0.671877,158844
caas-1node,mpi,20000000,8,1,blockcyclic,1024,3,3,0.671692,158584
caas-1node,mpi,20000000,8,1,blockcyclic,1024,3,4,0.673037,159282
caas-1node,mpi,20000000,8,1,blockcyclic,1024,3,5,0.672370,158958
caas-1node,mpi,20000000,8,1,blockcyclic,1024,3,6,0.671056,158779
caas-1node,mpi,20000000,8,1,blockcyclic,1024,3,7,0.671403,158433
caas-1node,mpi,20000000,8,1,wblock,1024,1,0,0.755714,348513
caas-1node,mpi,20000000,8,1,wblock,1024,1,1,0.695127,187308
caas-1node,mpi,20000000,8,1,wblock,1024,1,2,0.675406,153590
caas-1node,mpi,20000000,8,1,wblock,1024,1,3,0.663841,135339
caas-1node,mpi,20000000,8,1,wblock,1024,1,4,0.654956,122991
caas-1node,mpi,20000000,8,1,wblock,1024,1,5,0.647960,114040
caas-1node,mpi,20000000,8,1,wblock,1024,1,6,0.643153,107291
caas-1node,mpi,20000000,8,1,wblock,1024,1,7,0.637613,101535
caas-1node,mpi,20000000,8,1,wblock,1024,2,0,0.754906,348513
caas-1node,mpi,20000000,8,1,wblock,1024,2,1,0.695061,187308
caas-1node,mpi,20000000,8,1,wblock,1024,2,2,0.675248,153590
caas-1node,mpi,20000000,8,1,wblock,1024,2,3,0.664024,135339
caas-1node,mpi,20000000,8,1,wblock,1024,2,4,0.655165,122991
caas-1node,mpi,20000000,8,1,wblock,1024,2,5,0.648002,114040
caas-1node,mpi,20000000,8,1,wblock,1024,2,6,0.643108,107291
caas-1node,mpi,20000000,8,1,wblock,1024,2,7,0.637897,101535
caas-1node,mpi,20000000,8,1,wblock,1024,3,0,0.755353,348513
caas-1node,mpi,20000000,8,1,wblock,1024,3,1,0.695669,187308
caas-1node,mpi,20000000,8,1,wblock,1024,3,2,0.675426,153590
caas-1node,mpi,20000000,8,1,wblock,1024,3,3,0.663951,135339
caas-1node,mpi,20000000,8,1,wblock,1024,3,4,0.654950,122991
caas-1node,mpi,20000000,8,1,wblock,1024,3,5,0.647964,114040
caas-1node,mpi,20000000,8,1,wblock,1024,3,6,0.643212,107291
caas-1node,mpi,20000000,8,1,wblock,1024,3,7,0.637723,101535
caas-1node,mpi_sieve,500000000,8,1,block,1024,1,0,0.092227,3701487
caas-1node,mpi_sieve,500000000,8,1,block,1024,1,1,0.094129,3408655
caas-1node,mpi_sieve,500000000,8,1,block,1024,1,2,0.095678,3314265
caas-1node,mpi_sieve,500000000,8,1,block,1024,1,3,0.096077,3254911
caas-1node,mpi_sieve,500000000,8,1,block,1024,1,4,0.097235,3212954
caas-1node,mpi_sieve,500000000,8,1,block,1024,1,5,0.097927,3179482
caas-1node,mpi_sieve,500000000,8,1,block,1024,1,6,0.107997,3153228
caas-1node,mpi_sieve,500000000,8,1,block,1024,1,7,0.099306,3130885
caas-1node,mpi_sieve,500000000,8,1,block,1024,2,0,0.092223,3701487
caas-1node,mpi_sieve,500000000,8,1,block,1024,2,1,0.094498,3408655
caas-1node,mpi_sieve,500000000,8,1,block,1024,2,2,0.094869,3314265
caas-1node,mpi_sieve,500000000,8,1,block,1024,2,3,0.096685,3254911
caas-1node,mpi_sieve,500000000,8,1,block,1024,2,4,0.097576,3212954
caas-1node,mpi_sieve,500000000,8,1,block,1024,2,5,0.098361,3179482
caas-1node,mpi_sieve,500000000,8,1,block,1024,2,6,0.098910,3153228
caas-1node,mpi_sieve,500000000,8,1,block,1024,2,7,0.100162,3130885
caas-1node,mpi_sieve,500000000,8,1,block,1024,3,0,0.092324,3701487
caas-1node,mpi_sieve,500000000,8,1,block,1024,3,1,0.094118,3408655
caas-1node,mpi_sieve,500000000,8,1,block,1024,3,2,0.095126,3314265
caas-1node,mpi_sieve,500000000,8,1,block,1024,3,3,0.096398,3254911
caas-1node,mpi_sieve,500000000,8,1,block,1024,3,4,0.097650,3212954
caas-1node,mpi_sieve,500000000,8,1,block,1024,3,5,0.097571,3179482
caas-1node,mpi_sieve,500000000,8,1,block,1024,3,6,0.098496,3153228
caas-1node,mpi_sieve,500000000,8,1,block,1024,3,7,0.099477,3130885
caas-1node,mpi,1000000,16,1,block,1024,1,0,0.001792,6275
caas-1node,mpi,1000000,16,1,block,1024,1,1,0.002818,5459
caas-1node,mpi,1000000,16,1,block,1024,1,2,0.003371,5230
caas-1node,mpi,1000000,16,1,block,1024,1,3,0.003827,5080
caas-1node,mpi,1000000,16,1,block,1024,1,4,0.004231,4948
caas-1node,mpi,1000000,16,1,block,1024,1,5,0.004594,4912
caas-1node,mpi,1000000,16,1,block,1024,1,6,0.004922,4852
caas-1node,mpi,1000000,16,1,block,1024,1,7,0.005199,4782
caas-1node,mpi,1000000,16,1,block,1024,1,8,0.005469,4719
caas-1node,mpi,1000000,16,1,block,1024,1,9,0.005679,4729
caas-1node,mpi,1000000,16,1,block,1024,1,10,0.005873,4640
caas-1node,mpi,1000000,16,1,block,1024,1,11,0.006130,4612
caas-1node,mpi,1000000,16,1,block,1024,1,12,0.006329,4635
caas-1node,mpi,1000000,16,1,block,1024,1,13,0.006514,4575
caas-1node,mpi,1000000,16,1,block,1024,1,14,0.006736,4558
caas-1node,mpi,1000000,16,1,block,1024,1,15,0.006865,4492
caas-1node,mpi,1000000,16,1,block,1024,2,0,0.001814,6275
caas-1node,mpi,1000000,16,1,block,1024,2,1,0.002817,5459
caas-1node,mpi,1000000,16,1,block,1024,2,2,0.006461,5230
caas-1node,mpi,1000000,16,1,block,1024,2,3,0.003851,5080
caas-1node,mpi,1000000,16,1,block,1024,2,4,0.004243,4948
caas-1node,mpi,1000000,16,1,block,1024,2,5,0.007669,4912
caas-1node,mpi,1000000,16,1,block,1024,2,6,0.004918,4852
caas-1node,mpi,1000000,16,1,block,1024,2,7,0.005199,4782
caas-1node,mpi,1000000,16,1,block,1024,2,8,0.005435,4719
caas-1node,mpi,1000000,16,1,block,1024,2,9,0.005678,4729
caas-1node,mpi,1000000,16,1,block,1024,2,10,0.005865,4640
caas-1node,mpi,1000000,16,1,block,1024,2,11,0.006073,4612
caas-1node,mpi,1000000,16,1,block,1024,2,12,0.006374,4635
caas-1node,mpi,1000000,16,1,block,1024,2,13,0.006547,4575
caas-1node,mpi,1000000,16,1,block,1024,2,14,0.006698,4558
caas-1node,mpi,1000000,16,1,block,1024,2,15,0.006894,4492
caas-1node,mpi,1000000,16,1,block,1024,3,0,0.001790,6275
caas-1node,mpi,1000000,16,1,block,1024,3,1,0.002835,5459
caas-1node,mpi,1000000,16,1,block,1024,3,2,0.006468,5230
caas-1node,mpi,1000000,16,1,block,1024,3,3,0.003845,5080
caas-1node,mpi,1000000,16,1,block,1024,3,4,0.004219,4948
caas-1node,mpi,1000000,16,1,block,1024,3,5,0.004619,4912
caas-1node,mpi,1000000,16,1,block,1024,3,6,0.004937,4852
caas-1node,mpi,1000000,16,1,block,1024,3,7,0.005168,4782
caas-1node,mpi,1000000,16,1,block,1024,3,8,0.005421,4719
caas-1node,mpi,1000000,16,1,block,1024,3,9,0.005719,4729
caas-1node,mpi,1000000,16,1,block,1024,3,10,0.008969,4640
caas-1node,mpi,1000000,16,1,block,1024,3,11,0.006095,4612
caas-1node,mpi,1000000,16,1,block,1024,3,12,0.006378,4635
caas-1node,mpi,1000000,16,1,block,1024,3,13,0.006478,4575
caas-1node,mpi,1000000,16,1,block,1024,3,14,0.006689,4558
caas-1node,mpi,1000000,16,1,block,1024,3,15,0.006938,4492
caas-1node,mpi,1000000,16,1,cyclic,1024,1,0,0.005052,4929
caas-1node,mpi,1000000,16,1,cyclic,1024,1,1,0.005008,4889
caas-1node,mpi,1000000,16,1,cyclic,1024,1,2,0.004984,4899
caas-1node,mpi,1000000,16,1,cyclic,1024,1,3,0.005001,4884
caas-1node,mpi,1000000,16,1,cyclic,1024,1,4,0.004992,4894
caas-1node,mpi,1000000,16,1,cyclic,1024,1,5,0.005039,4891
caas-1node,mpi,1000000,16,1,cyclic,1024,1,6,0.005079,4927
caas-1node,mpi,1000000,16,1,cyclic,1024,1,7,0.005027,4849
caas-1node,mpi,1000000,16,1,cyclic,1024,1,8,0.004998,4910
caas-1node,mpi,1000000,16,1,cyclic,1024,1,9,0.005013,4927
caas-1node,mpi,1000000,16,1,cyclic,1024,1,10,0.005029,4933
caas-1node,mpi,1000000,16,1,cyclic,1024,1,11,0.005021,4907
caas-1node,mpi,1000000,16,1,cyclic,1024,1,12,0.005045,4921
caas-1node,mpi,1000000,16,1,cyclic,1024,1,13,0.005012,4916
caas-1node,mpi,1000000,16,1,cyclic,1024,1,14,0.005046,4910
caas-1node,mpi,1000000,16,1,cyclic,1024,1,15,0.005064,4912
caas-1node,mpi,1000000,16,1,cyclic,1024,2,0,0.004996,4929
caas-1node,mpi,1000000,16,1,cyclic,1024,2,1,0.005023,4889
caas-1node,mpi,1000000,16,1,cyclic,1024,2,2,0.005021,4899
caas-1node,mpi,1000000,16,1,cyclic,1024,2,3,0.004992,4884
caas-1node,mpi,1000000,16,1,cyclic,1024,2,4,0.005033,4894
caas-1node,mpi,1000000,16,1,cyclic,1024,2,5,0.005017,4891
caas-1node,mpi,1000000,16,1,cyclic,1024,2,6,0.005037,4927
caas-1node,mpi,1000000,16,1,cyclic,1024,2,7,0.004978,4849
caas-1node,mpi,1000000,16,1,cyclic,1024,2,8,0.005058,4910
caas-1node,mpi,1000000,16,1,cyclic,1024,2,9,0.005081,4927
caas-1node,mpi,1000000,16,1,cyclic,1024,2,10,0.005044,4933
caas-1node,mpi,1000000,16,1,cyclic,1024,2,11,0.005027,4907
caas-1node,mpi,1000000,16,1,cyclic,1024,2,12,0.005018,4921
caas-1node,mpi,1000000,16,1,cyclic,1024,2,13,0.005040,4916
caas-1node,mpi,1000000,16,1,cyclic,1024,2,14,0.005043,4910
caas-1node,mpi,1000000,16,1,cyclic,1024,2,15,0.005091,4912
caas-1node,mpi,1000000,16,1,cyclic,1024,3,0,0.005019,4929
caas-1node,mpi,1000000,16,1,cyclic,1024,3,1,0.005043,4889
caas-1node,mpi,1000000,16,1,cyclic,1024,3,2,0.005020,4899
caas-1node,mpi,1000000,16,1,cyclic,1024,3,3,0.005023,4884
caas-1node,mpi,1000000,16,1,cyclic,1024,3,4,0.005054,4894
caas-1node,mpi,1000000,16,1,cyclic,1024,3,5,0.004975,4891
caas-1node,mpi,1000000,16,1,cyclic,1024,3,6,0.005021,4927
caas-1node,mpi,1000000,16,1,cyclic,1024,3,7,0.004974,4849
caas-1node,mpi,1000000,16,1,cyclic,1024,3,8,0.005070,4910
caas-1node,mpi,1000000,16,1,cyclic,1024,3,9,0.005040,4927
caas-1node,mpi,1000000,16,1,cyclic,1024,3,10,0.005020,4933
caas-1node,mpi,1000000,16,1,cyclic,1024,3,11,0.005027,4907
caas-1node,mpi,1000000,16,1,cyclic,1024,3,12,0.004995,4921
caas-1node,mpi,1000000,16,1,cyclic,1024,3,13,0.005031,4916
caas-1node,mpi,1000000,16,1,cyclic,1024,3,14,0.005075,4910
caas-1node,mpi,1000000,16,1,cyclic,1024,3,15,0.005019,4912
caas-1node,mpi,1000000,16,1,blockcyclic,1024,1,0,0.005035,5113
caas-1node,mpi,1000000,16,1,blockcyclic,1024,1,1,0.004976,4993
caas-1node,mpi,1000000,16,1,blockcyclic,1024,1,2,0.005112,5046
caas-1node,mpi,1000000,16,1,blockcyclic,1024,1,3,0.005051,4976
caas-1node,mpi,1000000,16,1,blockcyclic,1024,1,4,0.005075,5039
caas-1node,mpi,1000000,16,1,blockcyclic,1024,1,5,0.005102,4927
caas-1node,mpi,1000000,16,1,blockcyclic,1024,1,6,0.005162,4996
caas-1node,mpi,1000000,16,1,blockcyclic,1024,1,7,0.005088,4965
caas-1node,mpi,1000000,16,1,blockcyclic,1024,1,8,0.005005,4881
caas-1node,mpi,1000000,16,1,blockcyclic,1024,1,9,0.004909,4816
caas-1node,mpi,1000000,16,1,blockcyclic,1024,1,10,0.004883,4798
caas-1node,mpi,1000000,16,1,blockcyclic,1024,1,11,0.004972,4863
caas-1node,mpi,1000000,16,1,blockcyclic,1024,1,12,0.004955,4783
caas-1node,mpi,1000000,16,1,blockcyclic,1024,1,13,0.004956,4763
caas-1node,mpi,1000000,16,1,blockcyclic,1024,1,14,0.005008,4788
caas-1node,mpi,1000000,16,1,blockcyclic,1024,1,15,0.004944,4751
caas-1node,mpi,1000000,16,1,blockcyclic,1024,2,0,0.005011,5113
caas-1node,mpi,1000000,16,1,blockcyclic,1024,2,1,0.009610,4993
caas-1node,mpi,1000000,16,1,blockcyclic,1024,2,2,0.005050,5046
caas-1node,mpi,1000000,16,1,blockcyclic,1024,2,3,0.005070,4976
caas-1node,mpi,1000000,16,1,blockcyclic,1024,2,4,0.005045,5039
caas-1node,mpi,1000000,16,1,blockcyclic,1024,2,5,0.009669,4927
caas-1node,mpi,1000000,16,1,blockcyclic,1024,2,6,0.005152,4996
caas-1node,mpi,1000000,16,1,blockcyclic,1024,2,7,0.005080,4965
caas-1node,mpi,1000000,16,1,blockcyclic,1024,2,8,0.004963,4881
caas-1node,mpi,1000000,16,1,blockcyclic,1024,2,9,0.004919,4816
caas-1node,mpi,1000000,16,1,blockcyclic,1024,2,10,0.004911,4798
caas-1node,mpi,1000000,16,1,blockcyclic,1024,2,11,0.004982,4863
caas-1node,mpi,1000000,16,1,blockcyclic,1024,2,12,0.004948,4783
caas-1node,mpi,1000000,16,1,blockcyclic,1024,2,13,0.004984,4763
caas-1node,mpi,1000000,16,1,blockcyclic,1024,2,14,0.004943,4788
caas-1node,mpi,1000000,16,1,blockcyclic,1024,2,15,0.004934,4751
caas-1node,mpi,1000000,16,1,blockcyclic,1024,3,0,0.005008,5113
caas-1node,mpi,1000000,16,1,blockcyclic,1024,3,1,0.004990,4993
caas-1node,mpi,1000000,16,1,blockcyclic,1024,3,2,0.005065,5046
caas-1node,mpi,1000000,16,1,blockcyclic,1024,3,3,0.005069,4976
caas-1node,mpi,1000000,16,1,blockcyclic,1024,3,4,0.005040,5039
caas-1node,mpi,1000000,16,1,blockcyclic,1024,3,5,0.005176,4927
caas-1node,mpi,1000000,16,1,blockcyclic,1024,3,6,0.005125,4996
caas-1node,mpi,1000000,16,1,blockcyclic,1024,3,7,0.005093,4965
caas-1node,mpi,1000000,16,1,blockcyclic,1024,3,8,0.004970,4881
caas-1node,mpi,1000000,16,1,blockcyclic,1024,3,9,0.004927,4816
caas-1node,mpi,1000000,16,1,blockcyclic,1024,3,10,0.004897,4798
caas-1node,mpi,1000000,16,1,blockcyclic,1024,3,11,0.004967,4863
caas-1node,mpi,1000000,16,1,blockcyclic,1024,3,12,0.004910,4783
caas-1node,mpi,1000000,16,1,blockcyclic,1024,3,13,0.004927,4763
caas-1node,mpi,1000000,16,1,blockcyclic,1024,3,14,0.004951,4788
caas-1node,mpi,1000000,16,1,blockcyclic,1024,3,15,0.004948,4751
caas-1node,mpi,1000000,16,1,wblock,1024,1,0,0.006197,14482
caas-1node,mpi,1000000,16,1,wblock,1024,1,1,0.005543,7562
caas-1node,mpi,1000000,16,1,wblock,1024,1,2,0.005309,6172
caas-1node,mpi,1000000,16,1,wblock,1024,1,3,0.005192,5393
caas-1node,mpi,1000000,16,1,wblock,1024,1,4,0.005081,4886
caas-1node,mpi,1000000,16,1,wblock,1024,1,5,0.005031,4567
caas-1node,mpi,1000000,16,1,wblock,1024,1,6,0.004944,4243
caas-1node,mpi,1000000,16,1,wblock,1024,1,7,0.004941,4032
caas-1node,mpi,1000000,16,1,wblock,1024,1,8,0.004855,3835
caas-1node,mpi,1000000,16,1,wblock,1024,1,9,0.004835,3686
caas-1node,mpi,1000000,16,1,wblock,1024,1,10,0.004790,3536
caas-1node,mpi,1000000,16,1,wblock,1024,1,11,0.004790,3444
caas-1node,mpi,1000000,16,1,wblock,1024,1,12,0.004731,3312
caas-1node,mpi,1000000,16,1,wblock,1024,1,13,0.004698,3204
caas-1node,mpi,1000000,16,1,wblock,1024,1,14,0.004678,3110
caas-1node,mpi,1000000,16,1,wblock,1024,1,15,0.004645,3034
caas-1node,mpi,1000000,16,1,wblock,1024,2,0,0.006205,14482
caas-1node,mpi,1000000,16,1,wblock,1024,2,1,0.005509,7562
caas-1node,mpi,1000000,16,1,wblock,1024,2,2,0.005307,6172
caas-1node,mpi,1000000,16,1,wblock,1024,2,3,0.005154,5393
caas-1node,mpi,1000000,16,1,wblock,1024,2,4,0.005081,4886
caas-1node,mpi,1000000,16,1,wblock,1024,2,5,0.005043,4567
caas-1node,mpi,1000000,16,1,wblock,1024,2,6,0.005001,4243
caas-1node,mpi,1000000,16,1,wblock,1024,2,7,0.004887,4032
caas-1node,mpi,1000000,16,1,wblock,1024,2,8,0.004852,3835
caas-1node,mpi,1000000,16,1,wblock,1024,2,9,0.005043,3686
caas-1node,mpi,1000000,16,1,wblock,1024,2,10,0.004859,3536
caas-1node,mpi,1000000,16,1,wblock,1024,2,11,0.004780,3444
caas-1node,mpi,1000000,16,1,wblock,1024,2,12,0.004735,3312
caas-1node,mpi,1000000,16,1,wblock,1024,2,13,0.004696,3204
caas-1node,mpi,1000000,16,1,wblock,1024,2,14,0.004667,3110
caas-1node,mpi,1000000,16,1,wblock,1024,2,15,0.004858,3034
caas-1node,mpi,1000000,16,1,wblock,1024,3,0,0.006214,14482
caas-1node,mpi,1000000,16,1,wblock,1024,3,1,0.005546,7562
caas-1node,mpi,1000000,16,1,wblock,1024,3,2,0.005287,6172
caas-1node,mpi,1000000,16,1,wblock,1024,3,3,0.005152,5393
caas-1node,mpi,1000000,16,1,wblock,1024,3,4,0.005060,4886
caas-1node,mpi,1000000,16,1,wblock,1024,3,5,0.005050,4567
caas-1node,mpi,1000000,16,1,wblock,1024,3,6,0.004953,4243
caas-1node,mpi,1000000,16,1,wblock,1024,3,7,0.004893,4032
caas-1node,mpi,1000000,16,1,wblock,1024,3,8,0.004842,3835
caas-1node,mpi,1000000,16,1,wblock,1024,3,9,0.004842,3686
caas-1node,mpi,1000000,16,1,wblock,1024,3,10,0.004805,3536
caas-1node,mpi,1000000,16,1,wblock,1024,3,11,0.004762,3444
caas-1node,mpi,1000000,16,1,wblock,1024,3,12,0.004706,3312
caas-1node,mpi,1000000,16,1,wblock,1024,3,13,0.004690,3204
caas-1node,mpi,1000000,16,1,wblock,1024,3,14,0.004684,3110
caas-1node,mpi,1000000,16,1,wblock,1024,3,15,0.004636,3034
caas-1node,mpi,2000000,16,1,block,1024,1,0,0.004512,11734
caas-1node,mpi,2000000,16,1,block,1024,1,1,0.013901,10310
caas-1node,mpi,2000000,16,1,block,1024,1,2,0.008754,9860
caas-1node,mpi,2000000,16,1,block,1024,1,3,0.009966,9634
caas-1node,mpi,2000000,16,1,block,1024,1,4,0.011045,9448
caas-1node,mpi,2000000,16,1,block,1024,1,5,0.019977,9252
caas-1node,mpi,2000000,16,1,block,1024,1,6,0.012766,9210
caas-1node,mpi,2000000,16,1,block,1024,1,7,0.021766,9050
caas-1node,mpi,2000000,16,1,block,1024,1,8,0.014224,9021
caas-1node,mpi,2000000,16,1,block,1024,1,9,0.014866,8950
caas-1node,mpi,2000000,16,1,block,1024,1,10,0.015495,8844
caas-1node,mpi,2000000,16,1,block,1024,1,11,0.016046,8842
caas-1node,mpi,2000000,16,1,block,1024,1,12,0.016531,8730
caas-1node,mpi,2000000,16,1,block,1024,1,13,0.023870,8723
caas-1node,mpi,2000000,16,1,block,1024,1,14,0.017927,8683
caas-1node,mpi,2000000,16,1,block,1024,1,15,0.018202,8642
caas-1node,mpi,2000000,16,1,block,1024,2,0,0.004520,11734
caas-1node,mpi,2000000,16,1,block,1024,2,1,0.007153,10310
caas-1node,mpi,2000000,16,1,block,1024,2,2,0.008762,9860
caas-1node,mpi,2000000,16,1,block,1024,2,3,0.009968,9634
caas-1node,mpi,2000000,16,1,block,1024,2,4,0.011030,9448
caas-1node,mpi,2000000,16,1,block,1024,2,5,0.011917,9252
caas-1node,mpi,2000000,16,1,block,1024,2,6,0.012802,9210
caas-1node,mpi,2000000,16,1,block,1024,2,7,0.013513,9050
caas-1node,mpi,2000000,16,1,block,1024,2,8,0.014227,9021
caas-1node,mpi,2000000,16,1,block,1024,2,9,0.014920,8950
caas-1node,mpi,2000000,16,1,block,1024,2,10,0.015433,8844
caas-1node,mpi,2000000,16,1,block,1024,2,11,0.016056,8842
caas-1node,mpi,2000000,16,1,block,1024,2,12,0.016546,8730
caas-1node,mpi,2000000,16,1,block,1024,2,13,0.017091,8723
caas-1node,mpi,2000000,16,1,block,1024,2,14,0.017622,8683
caas-1node,mpi,2000000,16,1,block,1024,2,15,0.018118,8642
caas-1node,mpi,2000000,16,1,block,1024,3,0,0.004498,11734
caas-1node,mpi,2000000,16,1,block,1024,3,1,0.007166,10310
caas-1node,mpi,2000000,16,1,block,1024,3,2,0.008724,9860
caas-1node,mpi,2000000,16,1,block,1024,3,3,0.009969,9634
caas-1node,mpi,2000000,16,1,block,1024,3,4,0.011013,9448
caas-1node,mpi,2000000,16,1,block,1024,3,5,0.011887,9252
caas-1node,mpi,2000000,16,1,block,1024,3,6,0.012746,9210
caas-1node,mpi,2000000,16,1,block,1024,3,7,0.013483,9050
caas-1node,mpi,2000000,16,1,block,1024,3,8,0.014263,9021
caas-1node,mpi,2000000,16,1,block,1024,3,9,0.014873,8950
caas-1node,mpi,2000000,16,1,block,1024,3,10,0.015452,8844
caas-1node,mpi,2000000,16,1,block,1024,3,11,0.016077,8842
caas-1node,mpi,2000000,16,1,block,1024,3,12,0.016560,8730
caas-1node,mpi,2000000,16,1,block,1024,3,13,0.017105,8723
caas-1node,mpi,2000000,16,1,block,1024,3,14,0.017672,8683
caas-1node,mpi,2000000,16,1,block,1024,3,15,0.018126,8642
caas-1node,mpi,2000000,16,1,cyclic,1024,1,0,0.013089,9300
caas-1node,mpi,2000000,16,1,cyclic,1024,1,1,0.013088,9297
caas-1node,mpi,2000000,16,1,cyclic,1024,1,2,0.013111,9317
caas-1node,mpi,2000000,16,1,cyclic,1024,1,3,0.013079,9250
caas-1node,mpi,2000000,16,1,cyclic,1024,1,4,0.013127,9256
caas-1node,mpi,2000000,16,1,cyclic,1024,1,5,0.013184,9350
caas-1node,mpi,2000000,16,1,cyclic,1024,1,6,0.013128,9301
caas-1node,mpi,2000000,16,1,cyclic,1024,1,7,0.013168,9287
caas-1node,mpi,2000000,16,1,cyclic,1024,1,8,0.013187,9350
caas-1node,mpi,2000000,16,1,cyclic,1024,1,9,0.013159,9343
caas-1node,mpi,2000000,16,1,cyclic,1024,1,10,0.013166,9357
caas-1node,mpi,2000000,16,1,cyclic,1024,1,11,0.013080,9269
caas-1node,mpi,2000000,16,1,cyclic,1024,1,12,0.013169,9356
caas-1node,mpi,2000000,16,1,cyclic,1024,1,13,0.013179,9310
caas-1node,mpi,2000000,16,1,cyclic,1024,1,14,0.013156,9280
caas-1node,mpi,2000000,16,1,cyclic,1024,1,15,0.013152,9310
caas-1node,mpi,2000000,16,1,cyclic,1024,2,0,0.013095,9300
caas-1node,mpi,2000000,16,1,cyclic,1024,2,1,0.013099,9297
caas-1node,mpi,2000000,16,1,cyclic,1024,2,2,0.019396,9317
caas-1node,mpi,2000000,16,1,cyclic,1024,2,3,0.013095,9250
caas-1node,mpi,2000000,16,1,cyclic,1024,2,4,0.013072,9256
caas-1node,mpi,2000000,16,1,cyclic,1024,2,5,0.013168,9350
caas-1node,mpi,2000000,16,1,cyclic,1024,2,6,0.013073,9301
caas-1node,mpi,2000000,16,1,cyclic,1024,2,7,0.013185,9287
caas-1node,mpi,2000000,16,1,cyclic,1024,2,8,0.013189,9350
caas-1node,mpi,2000000,16,1,cyclic,1024,2,9,0.013147,9343
caas-1node,mpi,2000000,16,1,cyclic,1024,2,10,0.013173,9357
caas-1node,mpi,2000000,16,1,cyclic,1024,2,11,0.013112,9269
caas-1node,mpi,2000000,16,1,cyclic,1024,2,12,0.013170,9356
caas-1node,mpi,2000000,16,1,cyclic,1024,2,13,0.019557,9310
caas-1node,mpi,2000000,16,1,cyclic,1024,2,14,0.013092,9280
caas-1node,mpi,2000000,16,1,cyclic,1024,2,15,0.013165,9310
caas-1node,mpi,2000000,16,1,cyclic,1024,3,0,0.013110,9300
caas-1node,mpi,2000000,16,1,cyclic,1024,3,1,0.013110,9297
caas-1node,mpi,2000000,16,1,cyclic,1024,3,2,0.013121,9317
caas-1node,mpi,2000000,16,1,cyclic,1024,3,3,0.013067,9250
caas-1node,mpi,2000000,16,1,cyclic,1024,3,4,0.013065,9256
caas-1node,mpi,2000000,16,1,cyclic,1024,3,5,0.013141,9350
caas-1node,mpi,2000000,16,1,cyclic,1024,3,6,0.013082,9301
caas-1node,mpi,2000000,16,1,cyclic,1024,3,7,0.013146,9287
caas-1node,mpi,2000000,16,1,cyclic,1024,3,8,0.013139,9350
caas-1node,mpi,2000000,16,1,cyclic,1024,3,9,0.013110,9343
caas-1node,mpi,2000000,16,1,cyclic,1024,3,10,0.013171,9357
caas-1node,mpi,2000000,16,1,cyclic,1024,3,11,0.013073,9269
caas-1node,mpi,2000000,16,1,cyclic,1024,3,12,0.013150,9356
caas-1node,mpi,2000000,16,1,cyclic,1024,3,13,0.013106,9310
caas-1node,mpi,2000000,16,1,cyclic,1024,3,14,0.013082,9280
caas-1node,mpi,2000000,16,1,cyclic,1024,3,15,0.013115,9310
caas-1node,mpi,2000000,16,1,blockcyclic,1024,1,0,0.013041,9436
caas-1node,mpi,2000000,16,1,blockcyclic,1024,1,1,0.012921,9298
caas-1node,mpi,2000000,16,1,blockcyclic,1024,1,2,0.012980,9343
caas-1node,mpi,2000000,16,1,blockcyclic,1024,1,3,0.013075,9282
caas-1node,mpi,2000000,16,1,blockcyclic,1024,1,4,0.013086,9384
caas-1node,mpi,2000000,16,1,blockcyclic,1024,1,5,0.013104,9251
caas-1node,mpi,2000000,16,1,blockcyclic,1024,1,6,0.013162,9357
caas-1node,mpi,2000000,16,1,blockcyclic,1024,1,7,0.013025,9289
caas-1node,mpi,2000000,16,1,blockcyclic,1024,1,8,0.013205,9335
caas-1node,mpi,2000000,16,1,blockcyclic,1024,1,9,0.013121,9259
caas-1node,mpi,2000000,16,1,blockcyclic,1024,1,10,0.013157,9326
caas-1node,mpi,2000000,16,1,blockcyclic,1024,1,11,0.013096,9259
caas-1node,mpi,2000000,16,1,blockcyclic,1024,1,12,0.013193,9268
caas-1node,mpi,2000000,16,1,blockcyclic,1024,1,13,0.013247,9253
caas-1node,mpi,2000000,16,1,blockcyclic,1024,1,14,0.013233,9289
caas-1node,mpi,2000000,16,1,blockcyclic,1024,1,15,0.013529,9304
caas-1node,mpi,2000000,16,1,blockcyclic,1024,2,0,0.013061,9436
caas-1node,mpi,2000000,16,1,blockcyclic,1024,2,1,0.012930,9298
caas-1node,mpi,2000000,16,1,blockcyclic,1024,2,2,0.013008,9343
caas-1node,mpi,2000000,16,1,blockcyclic,1024,2,3,0.013097,9282
caas-1node,mpi,2000000,16,1,blockcyclic,1024,2,4,0.013030,9384
caas-1node,mpi,2000000,16,1,blockcyclic,1024,2,5,0.013072,9251
caas-1node,mpi,2000000,16,1,blockcyclic,1024,2,6,0.013307,9357
caas-1node,mpi,2000000,16,1,blockcyclic,1024,2,7,0.013020,9289
caas-1node,mpi,2000000,16,1,blockcyclic,1024,2,8,0.013168,9335
caas-1node,mpi,2000000,16,1,blockcyclic,1024,2,9,0.013129,9259
caas-1node,mpi,2000000,16,1,blockcyclic,1024,2,10,0.013220,9326
caas-1node,mpi,2000000,16,1,blockcyclic,1024,2,11,0.013109,9259
caas-1node,mpi,2000000,16,1,blockcyclic,1024,2,12,0.013240,9268
caas-1node,mpi,2000000,16,1,blockcyclic,1024,2,13,0.013185,9253
caas-1node,mpi,2000000,16,1,blockcyclic,1024,2,14,0.013272,9289
caas-1node,mpi,2000000,16,1,blockcyclic,1024,2,15,0.013283,9304
caas-1node,mpi,2000000,16,1,blockcyclic,1024,3,0,0.013060,9436
caas-1node,mpi,2000000,16,1,blockcyclic,1024,3,1,0.012925,9298
caas-1node,mpi,2000000,16,1,blockcyclic,1024,3,2,0.012956,9343
caas-1node,mpi,2000000,16,1,blockcyclic,1024,3,3,0.012992,9282
caas-1node,mpi,2000000,16,1,blockcyclic,1024,3,4,0.013045,9384
caas-1node,mpi,2000000,16,1,blockcyclic,1024,3,5,0.013091,9251
caas-1node,mpi,2000000,16,1,blockcyclic,1024,3,6,0.013132,9357
caas-1node,mpi,2000000,16,1,blockcyclic,1024,3,7,0.013018,9289
caas-1node,mpi,2000000,16,1,blockcyclic,1024,3,8,0.013180,9335
caas-1node,mpi,2000000,16,1,blockcyclic,1024,3,9,0.013111,9259
caas-1node,mpi,2000000,16,1,blockcyclic,1024,3,10,0.013178,9326
caas-1node,mpi,2000000,16,1,blockcyclic,1024,3,11,0.013092,9259
caas-1node,mpi,2000000,16,1,blockcyclic,1024,3,12,0.013245,9268
caas-1node,mpi,2000000,16,1,blockcyclic,1024,3,13,0.013216,9253
caas-1node,mpi,2000000,16,1,blockcyclic,1024,3,14,0.013262,9289
caas-1node,mpi,2000000,16,1,blockcyclic,1024,3,15,0.013284,9304
caas-1node,mpi,2000000,16,1,wblock,1024,1,0,0.027510,27194
caas-1node,mpi,2000000,16,1,wblock,1024,1,1,0.014493,14344
caas-1node,mpi,2000000,16,1,wblock,1024,1,2,0.013801,11674
caas-1node,mpi,2000000,16,1,wblock,1024,1,3,0.013528,10271
caas-1node,mpi,2000000,16,1,wblock,1024,1,4,0.013286,9325
caas-1node,mpi,2000000,16,1,wblock,1024,1,5,0.013087,8597
caas-1node,mpi,2000000,16,1,wblock,1024,1,6,0.012998,8084
caas-1node,mpi,2000000,16,1,wblock,1024,1,7,0.013032,7688
caas-1node,mpi,2000000,16,1,wblock,1024,1,8,0.012731,7283
caas-1node,mpi,2000000,16,1,wblock,1024,1,9,0.012705,7024
caas-1node,mpi,2000000,16,1,wblock,1024,1,10,0.012593,6739
caas-1node,mpi,2000000,16,1,wblock,1024,1,11,0.012452,6484
caas-1node,mpi,2000000,16,1,wblock,1024,1,12,0.012411,6296
caas-1node,mpi,2000000,16,1,wblock,1024,1,13,0.012422,6140
caas-1node,mpi,2000000,16,1,wblock,1024,1,14,0.012350,5985
caas-1node,mpi,2000000,16,1,wblock,1024,1,15,0.023123,5805
caas-1node,mpi,2000000,16,1,wblock,1024,2,0,0.016607,27194
caas-1node,mpi,2000000,16,1,wblock,1024,2,1,0.014361,14344
caas-1node,mpi,2000000,16,1,wblock,1024,2,2,0.013804,11674
caas-1node,mpi,2000000,16,1,wblock,1024,2,3,0.013491,10271
caas-1node,mpi,2000000,16,1,wblock,1024,2,4,0.013525,9325
caas-1node,mpi,2000000,16,1,wblock,1024,2,5,0.013102,8597
caas-1node,mpi,2000000,16,1,wblock,1024,2,6,0.012942,8084
caas-1node,mpi,2000000,16,1,wblock,1024,2,7,0.012837,7688
caas-1node,mpi,2000000,16,1,wblock,1024,2,8,0.012718,7283
caas-1node,mpi,2000000,16,1,wblock,1024,2,9,0.012699,7024
caas-1node,mpi,2000000,16,1,wblock,1024,2,10,0.012569,6739
caas-1node,mpi,2000000,16,1,wblock,1024,2,11,0.012477,6484
caas-1node,mpi,2000000,16,1,wblock,1024,2,12,0.012397,6296
caas-1node,mpi,2000000,16,1,wblock,1024,2,13,0.012398,6140
caas-1node,mpi,2000000,16,1,wblock,1024,2,14,0.012340,5985
caas-1node,mpi,2000000,16,1,wblock,1024,2,15,0.012257,5805
caas-1node,mpi,2000000,16,1,wblock,1024,3,0,0.016057,27194
caas-1node,mpi,2000000,16,1,wblock,1024,3,1,0.014374,14344
caas-1node,mpi,2000000,16,1,wblock,1024,3,2,0.013813,11674
caas-1node,mpi,2000000,16,1,wblock,1024,3,3,0.013523,10271
caas-1node,mpi,2000000,16,1,wblock,1024,3,4,0.013291,9325
caas-1node,mpi,2000000,16,1,wblock,1024,3,5,0.013086,8597
caas-1node,mpi,2000000,16,1,wblock,1024,3,6,0.012980,8084
caas-1node,mpi,2000000,16,1,wblock,1024,3,7,0.012842,7688
caas-1node,mpi,2000000,16,1,wblock,1024,3,8,0.012740,7283
caas-1node,mpi,2000000,16,1,wblock,1024,3,9,0.012667,7024
caas-1node,mpi,2000000,16,1,wblock,1024,3,10,0.012552,6739
caas-1node,mpi,2000000,16,1,wblock,1024,3,11,0.012449,6484
caas-1node,mpi,2000000,16,1,wblock,1024,3,12,0.012395,6296
caas-1node,mpi,2000000,16,1,wblock,1024,3,13,0.012403,6140
caas-1node,mpi,2000000,16,1,wblock,1024,3,14,0.012349,5985
caas-1node,mpi,2000000,16,1,wblock,1024,3,15,0.012274,5805
caas-1node,mpi,4000000,16,1,block,1024,1,0,0.011746,22044
caas-1node,mpi,4000000,16,1,block,1024,1,1,0.018986,19494
caas-1node,mpi,4000000,16,1,block,1024,1,2,0.022895,18700
caas-1node,mpi,4000000,16,1,block,1024,1,3,0.026321,18260
caas-1node,mpi,4000000,16,1,block,1024,1,4,0.029104,17971
caas-1node,mpi,4000000,16,1,block,1024,1,5,0.031615,17686
caas-1node,mpi,4000000,16,1,block,1024,1,6,0.033692,17453
caas-1node,mpi,4000000,16,1,block,1024,1,7,0.035753,17325
caas-1node,mpi,4000000,16,1,block,1024,1,8,0.037600,17148
caas-1node,mpi,4000000,16,1,block,1024,1,9,0.039564,16991
caas-1node,mpi,4000000,16,1,block,1024,1,10,0.040935,16921
caas-1node,mpi,4000000,16,1,block,1024,1,11,0.042529,16823
caas-1node,mpi,4000000,16,1,block,1024,1,12,0.044055,16761
caas-1node,mpi,4000000,16,1,block,1024,1,13,0.045495,16573
caas-1node,mpi,4000000,16,1,block,1024,1,14,0.046790,16567
caas-1node,mpi,4000000,16,1,block,1024,1,15,0.048155,16429
caas-1node,mpi,4000000,16,1,block,1024,2,0,0.011644,22044
caas-1node,mpi,4000000,16,1,block,1024,2,1,0.018695,19494
caas-1node,mpi,4000000,16,1,block,1024,2,2,0.022905,18700
caas-1node,mpi,4000000,16,1,block,1024,2,3,0.026258,18260
caas-1node,mpi,4000000,16,1,block,1024,2,4,0.029019,17971
caas-1node,mpi,4000000,16,1,block,1024,2,5,0.031440,17686
caas-1node,mpi,4000000,16,1,block,1024,2,6,0.060395,17453
caas-1node,mpi,4000000,16,1,block,1024,2,7,0.035828,17325
caas-1node,mpi,4000000,16,1,block,1024,2,8,0.037504,17148
caas-1node,mpi,4000000,16,1,block,1024,2,9,0.039234,16991
caas-1node,mpi,4000000,16,1,block,1024,2,10,0.040913,16921
caas-1node,mpi,4000000,16,1,block,1024,2,11,0.042517,16823
caas-1node,mpi,4000000,16,1,block,1024,2,12,0.043960,16761
caas-1node,mpi,4000000,16,1,block,1024,2,13,0.045310,16573
caas-1node,mpi,4000000,16,1,block,1024,2,14,0.073763,16567
caas-1node,mpi,4000000,16,1,block,1024,2,15,0.047982,16429
caas-1node,mpi,4000000,16,1,block,1024,3,0,0.011664,22044
caas-1node,mpi,4000000,16,1,block,1024,3,1,0.018738,19494
caas-1node,mpi,4000000,16,1,block,1024,3,2,0.022870,18700
caas-1node,mpi,4000000,16,1,block,1024,3,3,0.026215,18260
caas-1node,mpi,4000000,16,1,block,1024,3,4,0.029051,17971
caas-1node,mpi,4000000,16,1,block,1024,3,5,0.031538,17686
caas-1node,mpi,4000000,16,1,block,1024,3,6,0.033743,17453
caas-1node,mpi,4000000,16,1,block,1024,3,7,0.035691,17325
caas-1node,mpi,4000000,16,1,block,1024,3,8,0.037534,17148
caas-1node,mpi,4000000,16,1,block,1024,3,9,0.039265,16991
caas-1node,mpi,4000000,16,1,block,1024,3,10,0.040920,16921
caas-1node,mpi,4000000,16,1,block,1024,3,11,0.042495,16823
caas-1node,mpi,4000000,16,1,block,1024,3,12,0.044081,16761
caas-1node,mpi,4000000,16,1,block,1024,3,13,0.045333,16573
caas-1node,mpi,4000000,16,1,block,1024,3,14,0.046906,16567
caas-1node,mpi,4000000,16,1,block,1024,3,15,0.047976,16429
caas-1node,mpi,4000000,16,1,cyclic,1024,1,0,0.034661,17701
caas-1node,mpi,4000000,16,1,cyclic,1024,1,1,0.034569,17663
caas-1node,mpi,4000000,16,1,cyclic,1024,1,2,0.034602,17694
caas-1node,mpi,4000000,16,1,cyclic,1024,1,3,0.034648,17641
caas-1node,mpi,4000000,16,1,cyclic,1024,1,4,0.034704,17701
caas-1node,mpi,4000000,16,1,cyclic,1024,1,5,0.034669,17720
caas-1node,mpi,4000000,16,1,cyclic,1024,1,6,0.034695,17699
caas-1node,mpi,4000000,16,1,cyclic,1024,1,7,0.034655,17681
caas-1node,mpi,4000000,16,1,cyclic,1024,1,8,0.034708,17705
caas-1node,mpi,4000000,16,1,cyclic,1024,1,9,0.034677,17712
caas-1node,mpi,4000000,16,1,cyclic,1024,1,10,0.034651,17743
caas-1node,mpi,4000000,16,1,cyclic,1024,1,11,0.034712,17711
caas-1node,mpi,4000000,16,1,cyclic,1024,1,12,0.034631,17717
caas-1node,mpi,4000000,16,1,cyclic,1024,1,13,0.034725,17712
caas-1node,mpi,4000000,16,1,cyclic,1024,1,14,0.034587,17684
caas-1node,mpi,4000000,16,1,cyclic,1024,1,15,0.034609,17662
caas-1node,mpi,4000000,16,1,cyclic,1024,2,0,0.034800,17701
caas-1node,mpi,4000000,16,1,cyclic,1024,2,1,0.034524,17663
caas-1node,mpi,4000000,16,1,cyclic,1024,2,2,0.034609,17694
caas-1node,mpi,4000000,16,1,cyclic,1024,2,3,0.034641,17641
caas-1node,mpi,4000000,16,1,cyclic,1024,2,4,0.034656,17701
caas-1node,mpi,4000000,16,1,cyclic,1024,2,5,0.034660,17720
caas-1node,mpi,4000000,16,1,cyclic,1024,2,6,0.034631,17699
caas-1node,mpi,4000000,16,1,cyclic,1024,2,7,0.034675,17681
caas-1node,mpi,4000000,16,1,cyclic,1024,2,8,0.034655,17705
caas-1node,mpi,4000000,16,1,cyclic,1024,2,9,0.034641,17712
caas-1node,mpi,4000000,16,1,cyclic,1024,2,10,0.034682,17743
caas-1node,mpi,4000000,16,1,cyclic,1024,2,11,0.034704,17711
caas-1node,mpi,4000000,16,1,cyclic,1024,2,12,0.034695,17717
caas-1node,mpi,4000000,16,1,cyclic,1024,2,13,0.034662,17712
caas-1node,mpi,4000000,16,1,cyclic,1024,2,14,0.034643,17684
caas-1node,mpi,4000000,16,1,cyclic,1024,2,15,0.034619,17662
caas-1node,mpi,4000000,16,1,cyclic,1024,3,0,0.034848,17701
caas-1node,mpi,4000000,16,1,cyclic,1024,3,1,0.062887,17663
caas-1node,mpi,4000000,16,1,cyclic,1024,3,2,0.034719,17694
caas-1node,mpi,4000000,16,1,cyclic,1024,3,3,0.034701,17641
caas-1node,mpi,4000000,16,1,cyclic,1024,3,4,0.034920,17701
caas-1node,mpi,4000000,16,1,cyclic,1024,3,5,0.034800,17720
caas-1node,mpi,4000000,16,1,cyclic,1024,3,6,0.034782,17699
caas-1node,mpi,4000000,16,1,cyclic,1024,3,7,0.035296,17681
caas-1node,mpi,4000000,16,1,cyclic,1024,3,8,0.034711,17705
caas-1node,mpi,4000000,16,1,cyclic,1024,3,9,0.034760,17712
caas-1node,mpi,4000000,16,1,cyclic,1024,3,10,0.034832,17743
caas-1node,mpi,4000000,16,1,cyclic,1024,3,11,0.063263,17711
caas-1node,mpi,4000000,16,1,cyclic,1024,3,12,0.034770,17717
caas-1node,mpi,4000000,16,1,cyclic,1024,3,13,0.034795,17712
caas-1node,mpi,4000000,16,1,cyclic,1024,3,14,0.034732,17684
caas-1node,mpi,4000000,16,1,cyclic,1024,3,15,0.034688,17662
caas-1node,mpi,4000000,16,1,blockcyclic,1024,1,0,0.067411,17812
caas-1node,mpi,4000000,16,1,blockcyclic,1024,1,1,0.034427,17679
caas-1node,mpi,4000000,16,1,blockcyclic,1024,1,2,0.034711,17717
caas-1node,mpi,4000000,16,1,blockcyclic,1024,1,3,0.034527,17725
caas-1node,mpi,4000000,16,1,blockcyclic,1024,1,4,0.034565,17781
caas-1node,mpi,4000000,16,1,blockcyclic,1024,1,5,0.034467,17586
caas-1node,mpi,4000000,16,1,blockcyclic,1024,1,6,0.034603,17715
caas-1node,mpi,4000000,16,1,blockcyclic,1024,1,7,0.034507,17698
caas-1node,mpi,4000000,16,1,blockcyclic,1024,1,8,0.034538,17624
caas-1node,mpi,4000000,16,1,blockcyclic,1024,1,9,0.034543,17583
caas-1node,mpi,4000000,16,1,blockcyclic,1024,1,10,0.034735,17753
caas-1node,mpi,4000000,16,1,blockcyclic,1024,1,11,0.067492,17610
caas-1node,mpi,4000000,16,1,blockcyclic,1024,1,12,0.034741,17684
caas-1node,mpi,4000000,16,1,blockcyclic,1024,1,13,0.034950,17741
caas-1node,mpi,4000000,16,1,blockcyclic,1024,1,14,0.034904,17725
caas-1node,mpi,4000000,16,1,blockcyclic,1024,1,15,0.034869,17713
caas-1node,mpi,4000000,16,1,blockcyclic,1024,2,0,0.034578,17812
caas-1node,mpi,4000000,16,1,blockcyclic,1024,2,1,0.034356,17679
caas-1node,mpi,4000000,16,1,blockcyclic,1024,2,2,0.034280,17717
caas-1node,mpi,4000000,16,1,blockcyclic,1024,2,3,0.034479,17725
caas-1node,mpi,4000000,16,1,blockcyclic,1024,2,4,0.034529,17781
caas-1node,mpi,4000000,16,1,blockcyclic,1024,2,5,0.034347,17586
caas-1node,mpi,4000000,16,1,blockcyclic,1024,2,6,0.034586,17715
caas-1node,mpi,4000000,16,1,blockcyclic,1024,2,7,0.034474,17698
caas-1node,mpi,4000000,16,1,blockcyclic,1024,2,8,0.034509,17624
caas-1node,mpi,4000000,16,1,blockcyclic,1024,2,9,0.034428,17583
caas-1node,mpi,4000000,16,1,blockcyclic,1024,2,10,0.034705,17753
caas-1node,mpi,4000000,16,1,blockcyclic,1024,2,11,0.034498,17610
caas-1node,mpi,4000000,16,1,blockcyclic,1024,2,12,0.034748,17684
caas-1node,mpi,4000000,16,1,blockcyclic,1024,2,13,0.034900,17741
caas-1node,mpi,4000000,16,1,blockcyclic,1024,2,14,0.034851,17725
caas-1node,mpi,4000000,16,1,blockcyclic,1024,2,15,0.034742,17713
caas-1node,mpi,4000000,16,1,blockcyclic,1024,3,0,0.034572,17812
caas-1node,mpi,4000000,16,1,blockcyclic,1024,3,1,0.034361,17679
caas-1node,mpi,4000000,16,1,blockcyclic,1024,3,2,0.034316,17717
caas-1node,mpi,4000000,16,1,blockcyclic,1024,3,3,0.034535,17725
caas-1node,mpi,4000000,16,1,blockcyclic,1024,3,4,0.034571,17781
caas-1node,mpi,4000000,16,1,blockcyclic,1024,3,5,0.034359,17586
caas-1node,mpi,4000000,16,1,blockcyclic,1024,3,6,0.034627,17715
caas-1node,mpi,4000000,16,1,blockcyclic,1024,3,7,0.034547,17698
caas-1node,mpi,4000000,16,1,blockcyclic,1024,3,8,0.034509,17624
caas-1node,mpi,4000000,16,1,blockcyclic,1024,3,9,0.034488,17583
caas-1node,mpi,4000000,16,1,blockcyclic,1024,3,10,0.034734,17753
caas-1node,mpi,4000000,16,1,blockcyclic,1024,3,11,0.034553,17610
caas-1node,mpi,4000000,16,1,blockcyclic,1024,3,12,0.034729,17684
caas-1node,mpi,4000000,16,1,blockcyclic,1024,3,13,0.034876,17741
caas-1node,mpi,4000000,16,1,blockcyclic,1024,3,14,0.034900,17725
caas-1node,mpi,4000000,16,1,blockcyclic,1024,3,15,0.034980,17713
caas-1node,mpi,4000000,16,1,wblock,1024,1,0,0.041866,51337
caas-1node,mpi,4000000,16,1,wblock,1024,1,1,0.037643,27161
caas-1node,mpi,4000000,16,1,wblock,1024,1,2,0.036600,22263
caas-1node,mpi,4000000,16,1,wblock,1024,1,3,0.035674,19494
caas-1node,mpi,4000000,16,1,wblock,1024,1,4,0.035112,17719
caas-1node,mpi,4000000,16,1,wblock,1024,1,5,0.034686,16477
caas-1node,mpi,4000000,16,1,wblock,1024,1,6,0.034299,15418
caas-1node,mpi,4000000,16,1,wblock,1024,1,7,0.034057,14541
caas-1node,mpi,4000000,16,1,wblock,1024,1,8,0.033765,13970
caas-1node,mpi,4000000,16,1,wblock,1024,1,9,0.033547,13345
caas-1node,mpi,4000000,16,1,wblock,1024,1,10,0.033281,12830
caas-1node,mpi,4000000,16,1,wblock,1024,1,11,0.033256,12464
caas-1node,mpi,4000000,16,1,wblock,1024,1,12,0.032929,12008
caas-1node,mpi,4000000,16,1,wblock,1024,1,13,0.032706,11641
caas-1node,mpi,4000000,16,1,wblock,1024,1,14,0.032778,11431
caas-1node,mpi,4000000,16,1,wblock,1024,1,15,0.032466,11047
caas-1node,mpi,4000000,16,1,wblock,1024,2,0,0.072693,51337
caas-1node,mpi,4000000,16,1,wblock,1024,2,1,0.037586,27161
caas-1node,mpi,4000000,16,1,wblock,1024,2,2,0.036406,22263
caas-1node,mpi,4000000,16,1,wblock,1024,2,3,0.035614,19494
caas-1node,mpi,4000000,16,1,wblock,1024,2,4,0.035435,17719
caas-1node,mpi,4000000,16,1,wblock,1024,2,5,0.034856,16477
caas-1node,mpi,4000000,16,1,wblock,1024,2,6,0.034268,15418
caas-1node,mpi,4000000,16,1,wblock,1024,2,7,0.034146,14541
caas-1node,mpi,4000000,16,1,wblock,1024,2,8,0.033803,13970
caas-1node,mpi,4000000,16,1,wblock,1024,2,9,0.033819,13345
caas-1node,mpi,4000000,16,1,wblock,1024,2,10,0.033280,12830
caas-1node,mpi,4000000,16,1,wblock,1024,2,11,0.033099,12464
caas-1node,mpi,4000000,16,1,wblock,1024,2,12,0.032931,12008
caas-1node,mpi,4000000,16,1,wblock,1024,2,13,0.032728,11641
caas-1node,mpi,4000000,16,1,wblock,1024,2,14,0.062786,11431
caas-1node,mpi,4000000,16,1,wblock,1024,2,15,0.032837,11047
caas-1node,mpi,4000000,16,1,wblock,1024,3,0,0.041824,51337
caas-1node,mpi,4000000,16,1,wblock,1024,3,1,0.037622,27161
caas-1node,mpi,4000000,16,1,wblock,1024,3,2,0.036404,22263
caas-1node,mpi,4000000,16,1,wblock,1024,3,3,0.035551,19494
caas-1node,mpi,4000000,16,1,wblock,1024,3,4,0.035025,17719
caas-1node,mpi,4000000,16,1,wblock,1024,3,5,0.034675,16477
caas-1node,mpi,4000000,16,1,wblock,1024,3,6,0.034245,15418
caas-1node,mpi,4000000,16,1,wblock,1024,3,7,0.033873,14541
caas-1node,mpi,4000000,16,1,wblock,1024,3,8,0.033820,13970
caas-1node,mpi,4000000,16,1,wblock,1024,3,9,0.033488,13345
caas-1node,mpi,4000000,16,1,wblock,1024,3,10,0.033278,12830
caas-1node,mpi,4000000,16,1,wblock,1024,3,11,0.033771,12464
caas-1node,mpi,4000000,16,1,wblock,1024,3,12,0.033008,12008
caas-1node,mpi,4000000,16,1,wblock,1024,3,13,0.032788,11641
caas-1node,mpi,4000000,16,1,wblock,1024,3,14,0.032757,11431
caas-1node,mpi,4000000,16,1,wblock,1024,3,15,0.032484,11047
caas-1node,mpi,6000000,16,1,block,1024,1,0,0.020355,31904
caas-1node,mpi,6000000,16,1,block,1024,1,1,0.032826,28334
caas-1node,mpi,6000000,16,1,block,1024,1,2,0.040400,27281
caas-1node,mpi,6000000,16,1,block,1024,1,3,0.046264,26636
caas-1node,mpi,6000000,16,1,block,1024,1,4,0.051220,26136
caas-1node,mpi,6000000,16,1,block,1024,1,5,0.055571,25790
caas-1node,mpi,6000000,16,1,block,1024,1,6,0.059459,25476
caas-1node,mpi,6000000,16,1,block,1024,1,7,0.063080,25259
caas-1node,mpi,6000000,16,1,block,1024,1,8,0.066596,25051
caas-1node,mpi,6000000,16,1,block,1024,1,9,0.069586,24850
caas-1node,mpi,6000000,16,1,block,1024,1,10,0.072585,24673
caas-1node,mpi,6000000,16,1,block,1024,1,11,0.075281,24558
caas-1node,mpi,6000000,16,1,block,1024,1,12,0.077820,24375
caas-1node,mpi,6000000,16,1,block,1024,1,13,0.080592,24362
caas-1node,mpi,6000000,16,1,block,1024,1,14,0.082705,24107
caas-1node,mpi,6000000,16,1,block,1024,1,15,0.085120,24057
caas-1node,mpi,6000000,16,1,block,1024,2,0,0.024427,31904
caas-1node,mpi,6000000,16,1,block,1024,2,1,0.032840,28334
caas-1node,mpi,6000000,16,1,block,1024,2,2,0.040369,27281
caas-1node,mpi,6000000,16,1,block,1024,2,3,0.046310,26636
caas-1node,mpi,6000000,16,1,block,1024,2,4,0.051290,26136
caas-1node,mpi,6000000,16,1,block,1024,2,5,0.055614,25790
caas-1node,mpi,6000000,16,1,block,1024,2,6,0.059471,25476
caas-1node,mpi,6000000,16,1,block,1024,2,7,0.063110,25259
caas-1node,mpi,6000000,16,1,block,1024,2,8,0.066411,25051
caas-1node,mpi,6000000,16,1,block,1024,2,9,0.069521,24850
caas-1node,mpi,6000000,16,1,block,1024,2,10,0.072431,24673
caas-1node,mpi,6000000,16,1,block,1024,2,11,0.075331,24558
caas-1node,mpi,6000000,16,1,block,1024,2,12,0.077862,24375
caas-1node,mpi,6000000,16,1,block,1024,2,13,0.080677,24362
caas-1node,mpi,6000000,16,1,block,1024,2,14,0.082847,24107
caas-1node,mpi,6000000,16,1,block,1024,2,15,0.085589,24057
caas-1node,mpi,6000000,16,1,block,1024,3,0,0.020371,31904
caas-1node,mpi,6000000,16,1,block,1024,3,1,0.032854,28334
caas-1node,mpi,6000000,16,1,block,1024,3,2,0.040363,27281
caas-1node,mpi,6000000,16,1,block,1024,3,3,0.046266,26636
caas-1node,mpi,6000000,16,1,block,1024,3,4,0.051198,26136
caas-1node,mpi,6000000,16,1,block,1024,3,5,0.055562,25790
caas-1node,mpi,6000000,16,1,block,1024,3,6,0.059510,25476
caas-1node,mpi,6000000,16,1,block,1024,3,7,0.063082,25259
caas-1node,mpi,6000000,16,1,block,1024,3,8,0.066545,25051
caas-1node,mpi,6000000,16,1,block,1024,3,9,0.069466,24850
caas-1node,mpi,6000000,16,1,block,1024,3,10,0.072431,24673
caas-1node,mpi,6000000,16,1,block,1024,3,11,0.075285,24558
caas-1node,mpi,6000000,16,1,block,1024,3,12,0.077918,24375
caas-1node,mpi,6000000,16,1,block,1024,3,13,0.080655,24362
caas-1node,mpi,6000000,16,1,block,1024,3,14,0.082784,24107
caas-1node,mpi,6000000,16,1,block,1024,3,15,0.085120,24057
caas-1node,mpi,6000000,16,1,cyclic,1024,1,0,0.061275,25818
caas-1node,mpi,6000000,16,1,cyclic,1024,1,1,0.061218,25785
caas-1node,mpi,6000000,16,1,cyclic,1024,1,2,0.061376,25733
caas-1node,mpi,6000000,16,1,cyclic,1024,1,3,0.061358,25762
caas-1node,mpi,6000000,16,1,cyclic,1024,1,4,0.061314,25831
caas-1node,mpi,6000000,16,1,cyclic,1024,1,5,0.061310,25807
caas-1node,mpi,6000000,16,1,cyclic,1024,1,6,0.061418,25880
caas-1node,mpi,6000000,16,1,cyclic,1024,1,7,0.061326,25758
caas-1node,mpi,6000000,16,1,cyclic,1024,1,8,0.061204,25765
caas-1node,mpi,6000000,16,1,cyclic,1024,1,9,0.061273,25818
caas-1node,mpi,6000000,16,1,cyclic,1024,1,10,0.061357,25863
caas-1node,mpi,6000000,16,1,cyclic,1024,1,11,0.061274,25789
caas-1node,mpi,6000000,16,1,cyclic,1024,1,12,0.061366,25858
caas-1node,mpi,6000000,16,1,cyclic,1024,1,13,0.061442,25832
caas-1node,mpi,6000000,16,1,cyclic,1024,1,14,0.061216,25769
caas-1node,mpi,6000000,16,1,cyclic,1024,1,15,0.061376,25781
caas-1node,mpi,6000000,16,1,cyclic,1024,2,0,0.061283,25818
caas-1node,mpi,6000000,16,1,cyclic,1024,2,1,0.061279,25785
caas-1node,mpi,6000000,16,1,cyclic,1024,2,2,0.061121,25733
caas-1node,mpi,6000000,16,1,cyclic,1024,2,3,0.061400,25762
caas-1node,mpi,6000000,16,1,cyclic,1024,2,4,0.061378,25831
caas-1node,mpi,6000000,16,1,cyclic,1024,2,5,0.061361,25807
caas-1node,mpi,6000000,16,1,cyclic,1024,2,6,0.061423,25880
caas-1node,mpi,6000000,16,1,cyclic,1024,2,7,0.061286,25758
caas-1node,mpi,6000000,16,1,cyclic,1024,2,8,0.061174,25765
caas-1node,mpi,6000000,16,1,cyclic,1024,2,9,0.061278,25818
caas-1node,mpi,6000000,16,1,cyclic,1024,2,10,0.061305,25863
caas-1node,mpi,6000000,16,1,cyclic,1024,2,11,0.061287,25789
caas-1node,mpi,6000000,16,1,cyclic,1024,2,12,0.061333,25858
caas-1node,mpi,6000000,16,1,cyclic,1024,2,13,0.061286,25832
caas-1node,mpi,6000000,16,1,cyclic,1024,2,14,0.061209,25769
caas-1node,mpi,6000000,16,1,cyclic,1024,2,15,0.061310,25781
caas-1node,mpi,6000000,16,1,cyclic,1024,3,0,0.061295,25818
caas-1node,mpi,6000000,16,1,cyclic,1024,3,1,0.061355,25785
caas-1node,mpi,6000000,16,1,cyclic,1024,3,2,0.061089,25733
caas-1node,mpi,6000000,16,1,cyclic,1024,3,3,0.061441,25762
caas-1node,mpi,6000000,16,1,cyclic,1024,3,4,0.061308,25831
caas-1node,mpi,6000000,16,1,cyclic,1024,3,5,0.061309,25807
caas-1node,mpi,6000000,16,1,cyclic,1024,3,6,0.061377,25880
caas-1node,mpi,6000000,16,1,cyclic,1024,3,7,0.061292,25758
caas-1node,mpi,6000000,16,1,cyclic,1024,3,8,0.061162,25765
caas-1node,mpi,6000000,16,1,cyclic,1024,3,9,0.061220,25818
caas-1node,mpi,6000000,16,1,cyclic,1024,3,10,0.061356,25863
caas-1node,mpi,6000000,16,1,cyclic,1024,3,11,0.061322,25789
caas-1node,mpi,6000000,16,1,cyclic,1024,3,12,0.061333,25858
caas-1node,mpi,6000000,16,1,cyclic,1024,3,13,0.061337,25832
caas-1node,mpi,6000000,16,1,cyclic,1024,3,14,0.061220,25769
caas-1node,mpi,6000000,16,1,cyclic,1024,3,15,0.061320,25781
caas-1node,mpi,6000000,16,1,blockcyclic,1024,1,0,0.061249,25869
caas-1node,mpi,6000000,16,1,blockcyclic,1024,1,1,0.061207,25761
caas-1node,mpi,6000000,16,1,blockcyclic,1024,1,2,0.060935,25849
caas-1node,mpi,6000000,16,1,blockcyclic,1024,1,3,0.061005,25770
caas-1node,mpi,6000000,16,1,blockcyclic,1024,1,4,0.061135,25870
caas-1node,mpi,6000000,16,1,blockcyclic,1024,1,5,0.061124,25773
caas-1node,mpi,6000000,16,1,blockcyclic,1024,1,6,0.061343,25821
caas-1node,mpi,6000000,16,1,blockcyclic,1024,1,7,0.061289,25905
caas-1node,mpi,6000000,16,1,blockcyclic,1024,1,8,0.061413,25664
caas-1node,mpi,6000000,16,1,blockcyclic,1024,1,9,0.061286,25752
caas-1node,mpi,6000000,16,1,blockcyclic,1024,1,10,0.061308,25804
caas-1node,mpi,6000000,16,1,blockcyclic,1024,1,11,0.061189,25759
caas-1node,mpi,6000000,16,1,blockcyclic,1024,1,12,0.061098,25708
caas-1node,mpi,6000000,16,1,blockcyclic,1024,1,13,0.061664,25863
caas-1node,mpi,6000000,16,1,blockcyclic,1024,1,14,0.061683,25893
caas-1node,mpi,6000000,16,1,blockcyclic,1024,1,15,0.061270,25788
caas-1node,mpi,6000000,16,1,blockcyclic,1024,2,0,0.061162,25869
caas-1node,mpi,6000000,16,1,blockcyclic,1024,2,1,0.061133,25761
caas-1node,mpi,6000000,16,1,blockcyclic,1024,2,2,0.060901,25849
caas-1node,mpi,6000000,16,1,blockcyclic,1024,2,3,0.060974,25770
caas-1node,mpi,6000000,16,1,blockcyclic,1024,2,4,0.061129,25870
caas-1node,mpi,6000000,16,1,blockcyclic,1024,2,5,0.061094,25773
caas-1node,mpi,6000000,16,1,blockcyclic,1024,2,6,0.061226,25821
caas-1node,mpi,6000000,16,1,blockcyclic,1024,2,7,0.061291,25905
caas-1node,mpi,6000000,16,1,blockcyclic,1024,2,8,0.061091,25664
caas-1node,mpi,6000000,16,1,blockcyclic,1024,2,9,0.061261,25752
caas-1node,mpi,6000000,16,1,blockcyclic,1024,2,10,0.061283,25804
caas-1node,mpi,6000000,16,1,blockcyclic,1024,2,11,0.061169,25759
caas-1node,mpi,6000000,16,1,blockcyclic,1024,2,12,0.061102,25708
caas-1node,mpi,6000000,16,1,blockcyclic,1024,2,13,0.061695,25863
caas-1node,mpi,6000000,16,1,blockcyclic,1024,2,14,0.061655,25893
caas-1node,mpi,6000000,16,1,blockcyclic,1024,2,15,0.061302,25788
caas-1node,mpi,6000000,16,1,blockcyclic,1024,3,0,0.061324,25869
caas-1node,mpi,6000000,16,1,blockcyclic,1024,3,1,0.061120,25761
caas-1node,mpi,6000000,16,1,blockcyclic,1024,3,2,0.060978,25849
caas-1node,mpi,6000000,16,1,blockcyclic,1024,3,3,0.060994,25770
caas-1node,mpi,6000000,16,1,blockcyclic,1024,3,4,0.061170,25870
caas-1node,mpi,6000000,16,1,blockcyclic,1024,3,5,0.061119,25773
caas-1node,mpi,6000000,16,1,blockcyclic,1024,3,6,0.061259,25821
caas-1node,mpi,6000000,16,1,blockcyclic,1024,3,7,0.061390,25905
caas-1node,mpi,6000000,16,1,blockcyclic,1024,3,8,0.061039,25664
caas-1node,mpi,6000000,16,1,blockcyclic,1024,3,9,0.061277,25752
caas-1node,mpi,6000000,16,1,blockcyclic,1024,3,10,0.061263,25804
caas-1node,mpi,6000000,16,1,blockcyclic,1024,3,11,0.061169,25759
caas-1node,mpi,6000000,16,1,blockcyclic,1024,3,12,0.061179,25708
caas-1node,mpi,6000000,16,1,blockcyclic,1024,3,13,0.061631,25863
caas-1node,mpi,6000000,16,1,blockcyclic,1024,3,14,0.061647,25893
caas-1node,mpi,6000000,16,1,blockcyclic,1024,3,15,0.061277,25788
caas-1node,mpi,6000000,16,1,wblock,1024,1,0,0.073383,74557
caas-1node,mpi,6000000,16,1,wblock,1024,1,1,0.066410,39598
caas-1node,mpi,6000000,16,1,wblock,1024,1,2,0.064315,32413
caas-1node,mpi,6000000,16,1,wblock,1024,1,3,0.062857,28428
caas-1node,mpi,6000000,16,1,wblock,1024,1,4,0.062142,25885
caas-1node,mpi,6000000,16,1,wblock,1024,1,5,0.061246,23972
caas-1node,mpi,6000000,16,1,wblock,1024,1,6,0.060680,22567
caas-1node,mpi,6000000,16,1,wblock,1024,1,7,0.059970,21238
caas-1node,mpi,6000000,16,1,wblock,1024,1,8,0.059849,20360
caas-1node,mpi,6000000,16,1,wblock,1024,1,9,0.059253,19424
caas-1node,mpi,6000000,16,1,wblock,1024,1,10,0.059090,18792
caas-1node,mpi,6000000,16,1,wblock,1024,1,11,0.058745,18190
caas-1node,mpi,6000000,16,1,wblock,1024,1,12,0.058330,17570
caas-1node,mpi,6000000,16,1,wblock,1024,1,13,0.058175,17089
caas-1node,mpi,6000000,16,1,wblock,1024,1,14,0.057754,16560
caas-1node,mpi,6000000,16,1,wblock,1024,1,15,0.057823,16206
caas-1node,mpi,6000000,16,1,wblock,1024,2,0,0.073305,74557
caas-1node,mpi,6000000,16,1,wblock,1024,2,1,0.066395,39598
caas-1node,mpi,6000000,16,1,wblock,1024,2,2,0.064285,32413
caas-1node,mpi,6000000,16,1,wblock,1024,2,3,0.063058,28428
caas-1node,mpi,6000000,16,1,wblock,1024,2,4,0.062100,25885
caas-1node,mpi,6000000,16,1,wblock,1024,2,5,0.061214,23972
caas-1node,mpi,6000000,16,1,wblock,1024,2,6,0.060716,22567
caas-1node,mpi,6000000,16,1,wblock,1024,2,7,0.059971,21238
caas-1node,mpi,6000000,16,1,wblock,1024,2,8,0.059763,20360
caas-1node,mpi,6000000,16,1,wblock,1024,2,9,0.059213,19424
caas-1node,mpi,6000000,16,1,wblock,1024,2,10,0.059130,18792
caas-1node,mpi,6000000,16,1,wblock,1024,2,11,0.058795,18190
caas-1node,mpi,6000000,16,1,wblock,1024,2,12,0.058411,17570
caas-1node,mpi,6000000,16,1,wblock,1024,2,13,0.058244,17089
caas-1node,mpi,6000000,16,1,wblock,1024,2,14,0.058026,16560
caas-1node,mpi,6000000,16,1,wblock,1024,2,15,0.057615,16206
caas-1node,mpi,6000000,16,1,wblock,1024,3,0,0.073371,74557
caas-1node,mpi,6000000,16,1,wblock,1024,3,1,0.066454,39598
caas-1node,mpi,6000000,16,1,wblock,1024,3,2,0.064283,32413
caas-1node,mpi,6000000,16,1,wblock,1024,3,3,0.062863,28428
caas-1node,mpi,6000000,16,1,wblock,1024,3,4,0.062024,25885
caas-1node,mpi,6000000,16,1,wblock,1024,3,5,0.061284,23972
caas-1node,mpi,6000000,16,1,wblock,1024,3,6,0.060752,22567
caas-1node,mpi,6000000,16,1,wblock,1024,3,7,0.060136,21238
caas-1node,mpi,6000000,16,1,wblock,1024,3,8,0.059720,20360
caas-1node,mpi,6000000,16,1,wblock,1024,3,9,0.059167,19424
caas-1node,mpi,6000000,16,1,wblock,1024,3,10,0.059018,18792
caas-1node,mpi,6000000,16,1,wblock,1024,3,11,0.058757,18190
caas-1node,mpi,6000000,16,1,wblock,1024,3,12,0.058367,17570
caas-1node,mpi,6000000,16,1,wblock,1024,3,13,0.058191,17089
caas-1node,mpi,6000000,16,1,wblock,1024,3,14,0.057910,16560
caas-1node,mpi,6000000,16,1,wblock,1024,3,15,0.057586,16206
caas-1node,mpi,8000000,16,1,block,1024,1,0,0.030294,41538
caas-1node,mpi,8000000,16,1,block,1024,1,1,0.049050,36960
caas-1node,mpi,8000000,16,1,block,1024,1,2,0.060375,35657
caas-1node,mpi,8000000,16,1,block,1024,1,3,0.069200,34778
caas-1node,mpi,8000000,16,1,block,1024,1,4,0.076698,34139
caas-1node,mpi,8000000,16,1,block,1024,1,5,0.083366,33744
caas-1node,mpi,8000000,16,1,block,1024,1,6,0.089251,33334
caas-1node,mpi,8000000,16,1,block,1024,1,7,0.094593,32996
caas-1node,mpi,8000000,16,1,block,1024,1,8,0.099845,32802
caas-1node,mpi,8000000,16,1,block,1024,1,9,0.104683,32565
caas-1node,mpi,8000000,16,1,block,1024,1,10,0.108934,32287
caas-1node,mpi,8000000,16,1,block,1024,1,11,0.112907,32049
caas-1node,mpi,8000000,16,1,block,1024,1,12,0.116952,31908
caas-1node,mpi,8000000,16,1,block,1024,1,13,0.121016,31891
caas-1node,mpi,8000000,16,1,block,1024,1,14,0.124490,31613
caas-1node,mpi,8000000,16,1,block,1024,1,15,0.128089,31516
caas-1node,mpi,8000000,16,1,block,1024,2,0,0.030299,41538
caas-1node,mpi,8000000,16,1,block,1024,2,1,0.049031,36960
caas-1node,mpi,8000000,16,1,block,1024,2,2,0.060474,35657
caas-1node,mpi,8000000,16,1,block,1024,2,3,0.069367,34778
caas-1node,mpi,8000000,16,1,block,1024,2,4,0.076983,34139
caas-1node,mpi,8000000,16,1,block,1024,2,5,0.083510,33744
caas-1node,mpi,8000000,16,1,block,1024,2,6,0.089184,33334
caas-1node,mpi,8000000,16,1,block,1024,2,7,0.094572,32996
caas-1node,mpi,8000000,16,1,block,1024,2,8,0.099816,32802
caas-1node,mpi,8000000,16,1,block,1024,2,9,0.104616,32565
caas-1node,mpi,8000000,16,1,block,1024,2,10,0.108853,32287
caas-1node,mpi,8000000,16,1,block,1024,2,11,0.112803,32049
caas-1node,mpi,8000000,16,1,block,1024,2,12,0.116957,31908
caas-1node,mpi,8000000,16,1,block,1024,2,13,0.121048,31891
caas-1node,mpi,8000000,16,1,block,1024,2,14,0.124403,31613
caas-1node,mpi,8000000,16,1,block,1024,2,15,0.128034,31516
caas-1node,mpi,8000000,16,1,block,1024,3,0,0.030357,41538
caas-1node,mpi,8000000,16,1,block,1024,3,1,0.049041,36960
caas-1node,mpi,8000000,16,1,block,1024,3,2,0.060670,35657
caas-1node,mpi,8000000,16,1,block,1024,3,3,0.069202,34778
caas-1node,mpi,8000000,16,1,block,1024,3,4,0.076820,34139
caas-1node,mpi,8000000,16,1,block,1024,3,5,0.083399,33744
caas-1node,mpi,8000000,16,1,block,1024,3,6,0.089226,33334
caas-1node,mpi,8000000,16,1,block,1024,3,7,0.094655,32996
caas-1node,mpi,8000000,16,1,block,1024,3,8,0.099797,32802
caas-1node,mpi,8000000,16,1,block,1024,3,9,0.104554,32565
caas-1node,mpi,8000000,16,1,block,1024,3,10,0.109021,32287
caas-1node,mpi,8000000,16,1,block,1024,3,11,0.112866,32049
caas-1node,mpi,8000000,16,1,block,1024,3,12,0.116961,31908
caas-1node,mpi,8000000,16,1,block,1024,3,13,0.121283,31891
caas-1node,mpi,8000000,16,1,block,1024,3,14,0.124617,31613
caas-1node,mpi,8000000,16,1,block,1024,3,15,0.128148,31516
caas-1node,mpi,8000000,16,1,cyclic,1024,1,0,0.093037,33781
caas-1node,mpi,8000000,16,1,cyclic,1024,1,1,0.091838,33697
caas-1node,mpi,8000000,16,1,cyclic,1024,1,2,0.091934,33686
caas-1node,mpi,8000000,16,1,cyclic,1024,1,3,0.091927,33670
caas-1node,mpi,8000000,16,1,cyclic,1024,1,4,0.091934,33760
caas-1node,mpi,8000000,16,1,cyclic,1024,1,5,0.092011,33793
caas-1node,mpi,8000000,16,1,cyclic,1024,1,6,0.091857,33726
caas-1node,mpi,8000000,16,1,cyclic,1024,1,7,0.092023,33721
caas-1node,mpi,8000000,16,1,cyclic,1024,1,8,0.091816,33697
caas-1node,mpi,8000000,16,1,cyclic,1024,1,9,0.092127,33827
caas-1node,mpi,8000000,16,1,cyclic,1024,1,10,0.092105,33831
caas-1node,mpi,8000000,16,1,cyclic,1024,1,11,0.091992,33700
caas-1node,mpi,8000000,16,1,cyclic,1024,1,12,0.092036,33800
caas-1node,mpi,8000000,16,1,cyclic,1024,1,13,0.091735,33704
caas-1node,mpi,8000000,16,1,cyclic,1024,1,14,0.091980,33737
caas-1node,mpi,8000000,16,1,cyclic,1024,1,15,0.091860,33647
caas-1node,mpi,8000000,16,1,cyclic,1024,2,0,0.092028,33781
caas-1node,mpi,8000000,16,1,cyclic,1024,2,1,0.091806,33697
caas-1node,mpi,8000000,16,1,cyclic,1024,2,2,0.091754,33686
caas-1node,mpi,8000000,16,1,cyclic,1024,2,3,0.091923,33670
caas-1node,mpi,8000000,16,1,cyclic,1024,2,4,0.091971,33760
caas-1node,mpi,8000000,16,1,cyclic,1024,2,5,0.092012,33793
caas-1node,mpi,8000000,16,1,cyclic,1024,2,6,0.092173,33726
caas-1node,mpi,8000000,16,1,cyclic,1024,2,7,0.125499,33721
caas-1node,mpi,8000000,16,1,cyclic,1024,2,8,0.091783,33697
caas-1node,mpi,8000000,16,1,cyclic,1024,2,9,0.092080,33827
caas-1node,mpi,8000000,16,1,cyclic,1024,2,10,0.125684,33831
caas-1node,mpi,8000000,16,1,cyclic,1024,2,11,0.091893,33700
caas-1node,mpi,8000000,16,1,cyclic,1024,2,12,0.092002,33800
caas-1node,mpi,8000000,16,1,cyclic,1024,2,13,0.091798,33704
caas-1node,mpi,8000000,16,1,cyclic,1024,2,14,0.092014,33737
caas-1node,mpi,8000000,16,1,cyclic,1024,2,15,0.091812,33647
caas-1node,mpi,8000000,16,1,cyclic,1024,3,0,0.092042,33781
caas-1node,mpi,8000000,16,1,cyclic,1024,3,1,0.091856,33697
caas-1node,mpi,8000000,16,1,cyclic,1024,3,2,0.091805,33686
caas-1node,mpi,8000000,16,1,cyclic,1024,3,3,0.091917,33670
caas-1node,mpi,8000000,16,1,cyclic,1024,3,4,0.092004,33760
caas-1node,mpi,8000000,16,1,cyclic,1024,3,5,0.092062,33793
caas-1node,mpi,8000000,16,1,cyclic,1024,3,6,0.092413,33726
caas-1node,mpi,8000000,16,1,cyclic,1024,3,7,0.092366,33721
caas-1node,mpi,8000000,16,1,cyclic,1024,3,8,0.091868,33697
caas-1node,mpi,8000000,16,1,cyclic,1024,3,9,0.092102,33827
caas-1node,mpi,8000000,16,1,cyclic,1024,3,10,0.092233,33831
caas-1node,mpi,8000000,16,1,cyclic,1024,3,11,0.098618,33700
caas-1node,mpi,8000000,16,1,cyclic,1024,3,12,0.092052,33800
caas-1node,mpi,8000000,16,1,cyclic,1024,3,13,0.091811,33704
caas-1node,mpi,8000000,16,1,cyclic,1024,3,14,0.092044,33737
caas-1node,mpi,8000000,16,1,cyclic,1024,3,15,0.098698,33647
caas-1node,mpi,8000000,16,1,blockcyclic,1024,1,0,0.091790,33811
caas-1node,mpi,8000000,16,1,blockcyclic,1024,1,1,0.091975,33687
caas-1node,mpi,8000000,16,1,blockcyclic,1024,1,2,0.091807,33866
caas-1node,mpi,8000000,16,1,blockcyclic,1024,1,3,0.091763,33748
caas-1node,mpi,8000000,16,1,blockcyclic,1024,1,4,0.092011,33897
caas-1node,mpi,8000000,16,1,blockcyclic,1024,1,5,0.091847,33673
caas-1node,mpi,8000000,16,1,blockcyclic,1024,1,6,0.091923,33825
caas-1node,mpi,8000000,16,1,blockcyclic,1024,1,7,0.092008,33847
caas-1node,mpi,8000000,16,1,blockcyclic,1024,1,8,0.110989,33511
caas-1node,mpi,8000000,16,1,blockcyclic,1024,1,9,0.111277,33583
caas-1node,mpi,8000000,16,1,blockcyclic,1024,1,10,0.092158,33734
caas-1node,mpi,8000000,16,1,blockcyclic,1024,1,11,0.091808,33672
caas-1node,mpi,8000000,16,1,blockcyclic,1024,1,12,0.091713,33626
caas-1node,mpi,8000000,16,1,blockcyclic,1024,1,13,0.092463,33899
caas-1node,mpi,8000000,16,1,blockcyclic,1024,1,14,0.092378,33801
caas-1node,mpi,8000000,16,1,blockcyclic,1024,1,15,0.091682,33597
caas-1node,mpi,8000000,16,1,blockcyclic,1024,2,0,0.092009,33811
caas-1node,mpi,8000000,16,1,blockcyclic,1024,2,1,0.091850,33687
caas-1node,mpi,8000000,16,1,blockcyclic,1024,2,2,0.091757,33866
caas-1node,mpi,8000000,16,1,blockcyclic,1024,2,3,0.091705,33748
caas-1node,mpi,8000000,16,1,blockcyclic,1024,2,4,0.092035,33897
caas-1node,mpi,8000000,16,1,blockcyclic,1024,2,5,0.091748,33673
caas-1node,mpi,8000000,16,1,blockcyclic,1024,2,6,0.091975,33825
caas-1node,mpi,8000000,16,1,blockcyclic,1024,2,7,0.092098,33847
caas-1node,mpi,8000000,16,1,blockcyclic,1024,2,8,0.091624,33511
caas-1node,mpi,8000000,16,1,blockcyclic,1024,2,9,0.091952,33583
caas-1node,mpi,8000000,16,1,blockcyclic,1024,2,10,0.092129,33734
caas-1node,mpi,8000000,16,1,blockcyclic,1024,2,11,0.091916,33672
caas-1node,mpi,8000000,16,1,blockcyclic,1024,2,12,0.091774,33626
caas-1node,mpi,8000000,16,1,blockcyclic,1024,2,13,0.092928,33899
caas-1node,mpi,8000000,16,1,blockcyclic,1024,2,14,0.092338,33801
caas-1node,mpi,8000000,16,1,blockcyclic,1024,2,15,0.091815,33597
caas-1node,mpi,8000000,16,1,blockcyclic,1024,3,0,0.091916,33811
caas-1node,mpi,8000000,16,1,blockcyclic,1024,3,1,0.091865,33687
caas-1node,mpi,8000000,16,1,blockcyclic,1024,3,2,0.092492,33866
caas-1node,mpi,8000000,16,1,blockcyclic,1024,3,3,0.092068,33748
caas-1node,mpi,8000000,16,1,blockcyclic,1024,3,4,0.094600,33897
caas-1node,mpi,8000000,16,1,blockcyclic,1024,3,5,0.091656,33673
caas-1node,mpi,8000000,16,1,blockcyclic,1024,3,6,0.091926,33825
caas-1node,mpi,8000000,16,1,blockcyclic,1024,3,7,0.092280,33847
caas-1node,mpi,8000000,16,1,blockcyclic,1024,3,8,0.091477,33511
caas-1node,mpi,8000000,16,1,blockcyclic,1024,3,9,0.091821,33583
caas-1node,mpi,8000000,16,1,blockcyclic,1024,3,10,0.092045,33734
caas-1node,mpi,8000000,16,1,blockcyclic,1024,3,11,0.091839,33672
caas-1node,mpi,8000000,16,1,blockcyclic,1024,3,12,0.143631,33626
caas-1node,mpi,8000000,16,1,blockcyclic,1024,3,13,0.095131,33899
caas-1node,mpi,8000000,16,1,blockcyclic,1024,3,14,0.093214,33801
caas-1node,mpi,8000000,16,1,blockcyclic,1024,3,15,0.091756,33597
caas-1node,mpi,8000000,16,1,wblock,1024,1,0,0.109555,97177
caas-1node,mpi,8000000,16,1,wblock,1024,1,1,0.100039,51756
caas-1node,mpi,8000000,16,1,wblock,1024,1,2,0.096282,42334
caas-1node,mpi,8000000,16,1,wblock,1024,1,3,0.094345,37245
caas-1node,mpi,8000000,16,1,wblock,1024,1,4,0.092885,33811
caas-1node,mpi,8000000,16,1,wblock,1024,1,5,0.091873,31361
caas-1node,mpi,8000000,16,1,wblock,1024,1,6,0.091095,29446
caas-1node,mpi,8000000,16,1,wblock,1024,1,7,0.090387,27937
caas-1node,mpi,8000000,16,1,wblock,1024,1,8,0.089825,26613
caas-1node,mpi,8000000,16,1,wblock,1024,1,9,0.088796,25400
caas-1node,mpi,8000000,16,1,wblock,1024,1,10,0.088557,24572
caas-1node,mpi,8000000,16,1,wblock,1024,1,11,0.088279,23752
caas-1node,mpi,8000000,16,1,wblock,1024,1,12,0.087876,23087
caas-1node,mpi,8000000,16,1,wblock,1024,1,13,0.087327,22348
caas-1node,mpi,8000000,16,1,wblock,1024,1,14,0.086933,21721
caas-1node,mpi,8000000,16,1,wblock,1024,1,15,0.086696,21217
caas-1node,mpi,8000000,16,1,wblock,1024,2,0,0.109548,97177
caas-1node,mpi,8000000,16,1,wblock,1024,2,1,0.099433,51756
caas-1node,mpi,8000000,16,1,wblock,1024,2,2,0.096399,42334
caas-1node,mpi,8000000,16,1,wblock,1024,2,3,0.094351,37245
caas-1node,mpi,8000000,16,1,wblock,1024,2,4,0.092901,33811
caas-1node,mpi,8000000,16,1,wblock,1024,2,5,0.091833,31361
caas-1node,mpi,8000000,16,1,wblock,1024,2,6,0.091035,29446
caas-1node,mpi,8000000,16,1,wblock,1024,2,7,0.090249,27937
caas-1node,mpi,8000000,16,1,wblock,1024,2,8,0.089624,26613
caas-1node,mpi,8000000,16,1,wblock,1024,2,9,0.088801,25400
caas-1node,mpi,8000000,16,1,wblock,1024,2,10,0.088508,24572
caas-1node,mpi,8000000,16,1,wblock,1024,2,11,0.088172,23752
caas-1node,mpi,8000000,16,1,wblock,1024,2,12,0.087978,23087
caas-1node,mpi,8000000,16,1,wblock,1024,2,13,0.087345,22348
caas-1node,mpi,8000000,16,1,wblock,1024,2,14,0.086923,21721
caas-1node,mpi,8000000,16,1,wblock,1024,2,15,0.086634,21217
caas-1node,mpi,8000000,16,1,wblock,1024,3,0,0.109660,97177
caas-1node,mpi,8000000,16,1,wblock,1024,3,1,0.099669,51756
caas-1node,mpi,8000000,16,1,wblock,1024,3,2,0.096467,42334
caas-1node,mpi,8000000,16,1,wblock,1024,3,3,0.094594,37245
caas-1node,mpi,8000000,16,1,wblock,1024,3,4,0.093018,33811
caas-1node,mpi,8000000,16,1,wblock,1024,3,5,0.092044,31361
caas-1node,mpi,8000000,16,1,wblock,1024,3,6,0.091166,29446
caas-1node,mpi,8000000,16,1,wblock,1024,3,7,0.090494,27937
caas-1node,mpi,8000000,16,1,wblock,1024,3,8,0.089799,26613
caas-1node,mpi,8000000,16,1,wblock,1024,3,9,0.088998,25400
caas-1node,mpi,8000000,16,1,wblock,1024,3,10,0.088692,24572
caas-1node,mpi,8000000,16,1,wblock,1024,3,11,0.088380,23752
caas-1node,mpi,8000000,16,1,wblock,1024,3,12,0.088112,23087
caas-1node,mpi,8000000,16,1,wblock,1024,3,13,0.087527,22348
caas-1node,mpi,8000000,16,1,wblock,1024,3,14,0.087175,21721
caas-1node,mpi,8000000,16,1,wblock,1024,3,15,0.086905,21217
caas-1node,mpi,10000000,16,1,block,1024,1,0,0.041247,50986
caas-1node,mpi,10000000,16,1,block,1024,1,1,0.066954,45483
caas-1node,mpi,10000000,16,1,block,1024,1,2,0.082582,43822
caas-1node,mpi,10000000,16,1,block,1024,1,3,0.094740,42781
caas-1node,mpi,10000000,16,1,block,1024,1,4,0.105088,42103
caas-1node,mpi,10000000,16,1,block,1024,1,5,0.114177,41542
caas-1node,mpi,10000000,16,1,block,1024,1,6,0.122151,41010
caas-1node,mpi,10000000,16,1,block,1024,1,7,0.129831,40786
caas-1node,mpi,10000000,16,1,block,1024,1,8,0.136511,40279
caas-1node,mpi,10000000,16,1,block,1024,1,9,0.143171,40024
caas-1node,mpi,10000000,16,1,block,1024,1,10,0.149347,39875
caas-1node,mpi,10000000,16,1,block,1024,1,11,0.154941,39570
caas-1node,mpi,10000000,16,1,block,1024,1,12,0.160451,39350
caas-1node,mpi,10000000,16,1,block,1024,1,13,0.165969,39239
caas-1node,mpi,10000000,16,1,block,1024,1,14,0.170745,39002
caas-1node,mpi,10000000,16,1,block,1024,1,15,0.175399,38727
caas-1node,mpi,10000000,16,1,block,1024,2,0,0.041458,50986
caas-1node,mpi,10000000,16,1,block,1024,2,1,0.067121,45483
caas-1node,mpi,10000000,16,1,block,1024,2,2,0.082610,43822
caas-1node,mpi,10000000,16,1,block,1024,2,3,0.094793,42781
caas-1node,mpi,10000000,16,1,block,1024,2,4,0.105212,42103
caas-1node,mpi,10000000,16,1,block,1024,2,5,0.114197,41542
caas-1node,mpi,10000000,16,1,block,1024,2,6,0.122375,41010
caas-1node,mpi,10000000,16,1,block,1024,2,7,0.130021,40786
caas-1node,mpi,10000000,16,1,block,1024,2,8,0.136602,40279
caas-1node,mpi,10000000,16,1,block,1024,2,9,0.143356,40024
caas-1node,mpi,10000000,16,1,block,1024,2,10,0.149410,39875
caas-1node,mpi,10000000,16,1,block,1024,2,11,0.155094,39570
caas-1node,mpi,10000000,16,1,block,1024,2,12,0.161066,39350
caas-1node,mpi,10000000,16,1,block,1024,2,13,0.166239,39239
caas-1node,mpi,10000000,16,1,block,1024,2,14,0.171067,39002
caas-1node,mpi,10000000,16,1,block,1024,2,15,0.176707,38727
caas-1node,mpi,10000000,16,1,block,1024,3,0,0.041280,50986
caas-1node,mpi,10000000,16,1,block,1024,3,1,0.066967,45483
caas-1node,mpi,10000000,16,1,block,1024,3,2,0.082539,43822
caas-1node,mpi,10000000,16,1,block,1024,3,3,0.096513,42781
caas-1node,mpi,10000000,16,1,block,1024,3,4,0.105092,42103
caas-1node,mpi,10000000,16,1,block,1024,3,5,0.114166,41542
caas-1node,mpi,10000000,16,1,block,1024,3,6,0.122450,41010
caas-1node,mpi,10000000,16,1,block,1024,3,7,0.130546,40786
caas-1node,mpi,10000000,16,1,block,1024,3,8,0.136737,40279
caas-1node,mpi,10000000,16,1,block,1024,3,9,0.143049,40024
caas-1node,mpi,10000000,16,1,block,1024,3,10,0.149500,39875
caas-1node,mpi,10000000,16,1,block,1024,3,11,0.156891,39570
caas-1node,mpi,10000000,16,1,block,1024,3,12,0.160508,39350
caas-1node,mpi,10000000,16,1,block,1024,3,13,0.166367,39239
caas-1node,mpi,10000000,16,1,block,1024,3,14,0.170864,39002
caas-1node,mpi,10000000,16,1,block,1024,3,15,0.175436,38727
caas-1node,mpi,10000000,16,1,cyclic,1024,1,0,0.126420,41583
caas-1node,mpi,10000000,16,1,cyclic,1024,1,1,0.125970,41460
caas-1node,mpi,10000000,16,1,cyclic,1024,1,2,0.125899,41460
caas-1node,mpi,10000000,16,1,cyclic,1024,1,3,0.126096,41487
caas-1node,mpi,10000000,16,1,cyclic,1024,1,4,0.126276,41559
caas-1node,mpi,10000000,16,1,cyclic,1024,1,5,0.126361,41619
caas-1node,mpi,10000000,16,1,cyclic,1024,1,6,0.130416,41580
caas-1node,mpi,10000000,16,1,cyclic,1024,1,7,0.126077,41514
caas-1node,mpi,10000000,16,1,cyclic,1024,1,8,0.126019,41457
caas-1node,mpi,10000000,16,1,cyclic,1024,1,9,0.126175,41605
caas-1node,mpi,10000000,16,1,cyclic,1024,1,10,0.130343,41657
caas-1node,mpi,10000000,16,1,cyclic,1024,1,11,0.126238,41522
caas-1node,mpi,10000000,16,1,cyclic,1024,1,12,0.126116,41563
caas-1node,mpi,10000000,16,1,cyclic,1024,1,13,0.125901,41520
caas-1node,mpi,10000000,16,1,cyclic,1024,1,14,0.126150,41540
caas-1node,mpi,10000000,16,1,cyclic,1024,1,15,0.127317,41453
caas-1node,mpi,10000000,16,1,cyclic,1024,2,0,0.126036,41583
caas-1node,mpi,10000000,16,1,cyclic,1024,2,1,0.125888,41460
caas-1node,mpi,10000000,16,1,cyclic,1024,2,2,0.125734,41460
caas-1node,mpi,10000000,16,1,cyclic,1024,2,3,0.126308,41487
caas-1node,mpi,10000000,16,1,cyclic,1024,2,4,0.126018,41559
caas-1node,mpi,10000000,16,1,cyclic,1024,2,5,0.126287,41619
caas-1node,mpi,10000000,16,1,cyclic,1024,2,6,0.126018,41580
caas-1node,mpi,10000000,16,1,cyclic,1024,2,7,0.126180,41514
caas-1node,mpi,10000000,16,1,cyclic,1024,2,8,0.125832,41457
caas-1node,mpi,10000000,16,1,cyclic,1024,2,9,0.126098,41605
caas-1node,mpi,10000000,16,1,cyclic,1024,2,10,0.126241,41657
caas-1node,mpi,10000000,16,1,cyclic,1024,2,11,0.126097,41522
caas-1node,mpi,10000000,16,1,cyclic,1024,2,12,0.125973,41563
caas-1node,mpi,10000000,16,1,cyclic,1024,2,13,0.125874,41520
caas-1node,mpi,10000000,16,1,cyclic,1024,2,14,0.125971,41540
caas-1node,mpi,10000000,16,1,cyclic,1024,2,15,0.125842,41453
caas-1node,mpi,10000000,16,1,cyclic,1024,3,0,0.125965,41583
caas-1node,mpi,10000000,16,1,cyclic,1024,3,1,0.125851,41460
caas-1node,mpi,10000000,16,1,cyclic,1024,3,2,0.125747,41460
caas-1node,mpi,10000000,16,1,cyclic,1024,3,3,0.126043,41487
caas-1node,mpi,10000000,16,1,cyclic,1024,3,4,0.126079,41559
caas-1node,mpi,10000000,16,1,cyclic,1024,3,5,0.126062,41619
caas-1node,mpi,10000000,16,1,cyclic,1024,3,6,0.125972,41580
caas-1node,mpi,10000000,16,1,cyclic,1024,3,7,0.126511,41514
caas-1node,mpi,10000000,16,1,cyclic,1024,3,8,0.125744,41457
caas-1node,mpi,10000000,16,1,cyclic,1024,3,9,0.126023,41605
caas-1node,mpi,10000000,16,1,cyclic,1024,3,10,0.126096,41657
caas-1node,mpi,10000000,16,1,cyclic,1024,3,11,0.125987,41522
caas-1node,mpi,10000000,16,1,cyclic,1024,3,12,0.125877,41563
caas-1node,mpi,10000000,16,1,cyclic,1024,3,13,0.125952,41520
caas-1node,mpi,10000000,16,1,cyclic,1024,3,14,0.126193,41540
caas-1node,mpi,10000000,16,1,cyclic,1024,3,15,0.125863,41453
caas-1node,mpi,10000000,16,1,blockcyclic,1024,1,0,0.125874,41669
caas-1node,mpi,10000000,16,1,blockcyclic,1024,1,1,0.125922,41476
caas-1node,mpi,10000000,16,1,blockcyclic,1024,1,2,0.126376,41718
caas-1node,mpi,10000000,16,1,blockcyclic,1024,1,3,0.125864,41549
caas-1node,mpi,10000000,16,1,blockcyclic,1024,1,4,0.125994,41659
caas-1node,mpi,10000000,16,1,blockcyclic,1024,1,5,0.125802,41500
caas-1node,mpi,10000000,16,1,blockcyclic,1024,1,6,0.125975,41538
caas-1node,mpi,10000000,16,1,blockcyclic,1024,1,7,0.126019,41639
caas-1node,mpi,10000000,16,1,blockcyclic,1024,1,8,0.125512,41323
caas-1node,mpi,10000000,16,1,blockcyclic,1024,1,9,0.126145,41353
caas-1node,mpi,10000000,16,1,blockcyclic,1024,1,10,0.125945,41527
caas-1node,mpi,10000000,16,1,blockcyclic,1024,1,11,0.125980,41516
caas-1node,mpi,10000000,16,1,blockcyclic,1024,1,12,0.125767,41432
caas-1node,mpi,10000000,16,1,blockcyclic,1024,1,13,0.126511,41683
caas-1node,mpi,10000000,16,1,blockcyclic,1024,1,14,0.126333,41583
caas-1node,mpi,10000000,16,1,blockcyclic,1024,1,15,0.125901,41414
caas-1node,mpi,10000000,16,1,blockcyclic,1024,2,0,0.126118,41669
caas-1node,mpi,10000000,16,1,blockcyclic,1024,2,1,0.125894,41476
caas-1node,mpi,10000000,16,1,blockcyclic,1024,2,2,0.126000,41718
caas-1node,mpi,10000000,16,1,blockcyclic,1024,2,3,0.125763,41549
caas-1node,mpi,10000000,16,1,blockcyclic,1024,2,4,0.126151,41659
caas-1node,mpi,10000000,16,1,blockcyclic,1024,2,5,0.125928,41500
caas-1node,mpi,10000000,16,1,blockcyclic,1024,2,6,0.125808,41538
caas-1node,mpi,10000000,16,1,blockcyclic,1024,2,7,0.126022,41639
caas-1node,mpi,10000000,16,1,blockcyclic,1024,2,8,0.125422,41323
caas-1node,mpi,10000000,16,1,blockcyclic,1024,2,9,0.125580,41353
caas-1node,mpi,10000000,16,1,blockcyclic,1024,2,10,0.127004,41527
caas-1node,mpi,10000000,16,1,blockcyclic,1024,2,11,0.126121,41516
caas-1node,mpi,10000000,16,1,blockcyclic,1024,2,12,0.125718,41432
caas-1node,mpi,10000000,16,1,blockcyclic,1024,2,13,0.126422,41683
caas-1node,mpi,10000000,16,1,blockcyclic,1024,2,14,0.126236,41583
caas-1node,mpi,10000000,16,1,blockcyclic,1024,2,15,0.125785,41414
caas-1node,mpi,10000000,16,1,blockcyclic,1024,3,0,0.128091,41669
caas-1node,mpi,10000000,16,1,blockcyclic,1024,3,1,0.125865,41476
caas-1node,mpi,10000000,16,1,blockcyclic,1024,3,2,0.126326,41718
caas-1node,mpi,10000000,16,1,blockcyclic,1024,3,3,0.125836,41549
caas-1node,mpi,10000000,16,1,blockcyclic,1024,3,4,0.125945,41659
caas-1node,mpi,10000000,16,1,blockcyclic,1024,3,5,0.125894,41500
caas-1node,mpi,10000000,16,1,blockcyclic,1024,3,6,0.125894,41538
caas-1node,mpi,10000000,16,1,blockcyclic,1024,3,7,0.126090,41639
caas-1node,mpi,10000000,16,1,blockcyclic,1024,3,8,0.125424,41323
caas-1node,mpi,10000000,16,1,blockcyclic,1024,3,9,0.125723,41353
caas-1node,mpi,10000000,16,1,blockcyclic,1024,3,10,0.126198,41527
caas-1node,mpi,10000000,16,1,blockcyclic,1024,3,11,0.126038,41516
caas-1node,mpi,10000000,16,1,blockcyclic,1024,3,12,0.125713,41432
caas-1node,mpi,10000000,16,1,blockcyclic,1024,3,13,0.126592,41683
caas-1node,mpi,10000000,16,1,blockcyclic,1024,3,14,0.126619,41583
caas-1node,mpi,10000000,16,1,blockcyclic,1024,3,15,0.125874,41414
caas-1node,mpi,10000000,16,1,wblock,1024,1,0,0.149511,119408
caas-1node,mpi,10000000,16,1,wblock,1024,1,1,0.135956,63664
caas-1node,mpi,10000000,16,1,wblock,1024,1,2,0.131895,52235
caas-1node,mpi,10000000,16,1,wblock,1024,1,3,0.129052,45792
caas-1node,mpi,10000000,16,1,wblock,1024,1,4,0.127399,41672
caas-1node,mpi,10000000,16,1,wblock,1024,1,5,0.126228,38651
caas-1node,mpi,10000000,16,1,wblock,1024,1,6,0.124662,36229
caas-1node,mpi,10000000,16,1,wblock,1024,1,7,0.123896,34395
caas-1node,mpi,10000000,16,1,wblock,1024,1,8,0.123029,32742
caas-1node,mpi,10000000,16,1,wblock,1024,1,9,0.122786,31510
caas-1node,mpi,10000000,16,1,wblock,1024,1,10,0.121518,30197
caas-1node,mpi,10000000,16,1,wblock,1024,1,11,0.121006,29283
caas-1node,mpi,10000000,16,1,wblock,1024,1,12,0.120402,28401
caas-1node,mpi,10000000,16,1,wblock,1024,1,13,0.119684,27504
caas-1node,mpi,10000000,16,1,wblock,1024,1,14,0.119365,26816
caas-1node,mpi,10000000,16,1,wblock,1024,1,15,0.118728,26080
caas-1node,mpi,10000000,16,1,wblock,1024,2,0,0.149418,119408
caas-1node,mpi,10000000,16,1,wblock,1024,2,1,0.135987,63664
caas-1node,mpi,10000000,16,1,wblock,1024,2,2,0.131903,52235
caas-1node,mpi,10000000,16,1,wblock,1024,2,3,0.129219,45792
caas-1node,mpi,10000000,16,1,wblock,1024,2,4,0.127548,41672
caas-1node,mpi,10000000,16,1,wblock,1024,2,5,0.125962,38651
caas-1node,mpi,10000000,16,1,wblock,1024,2,6,0.124666,36229
caas-1node,mpi,10000000,16,1,wblock,1024,2,7,0.123893,34395
caas-1node,mpi,10000000,16,1,wblock,1024,2,8,0.122735,32742
caas-1node,mpi,10000000,16,1,wblock,1024,2,9,0.122321,31510
caas-1node,mpi,10000000,16,1,wblock,1024,2,10,0.121300,30197
caas-1node,mpi,10000000,16,1,wblock,1024,2,11,0.120868,29283
caas-1node,mpi,10000000,16,1,wblock,1024,2,12,0.120445,28401
caas-1node,mpi,10000000,16,1,wblock,1024,2,13,0.119703,27504
caas-1node,mpi,10000000,16,1,wblock,1024,2,14,0.119479,26816
caas-1node,mpi,10000000,16,1,wblock,1024,2,15,0.119489,26080
caas-1node,mpi,10000000,16,1,wblock,1024,3,0,0.149398,119408
caas-1node,mpi,10000000,16,1,wblock,1024,3,1,0.136075,63664
caas-1node,mpi,10000000,16,1,wblock,1024,3,2,0.131995,52235
caas-1node,mpi,10000000,16,1,wblock,1024,3,3,0.129227,45792
caas-1node,mpi,10000000,16,1,wblock,1024,3,4,0.127698,41672
caas-1node,mpi,10000000,16,1,wblock,1024,3,5,0.125967,38651
caas-1node,mpi,10000000,16,1,wblock,1024,3,6,0.124791,36229
caas-1node,mpi,10000000,16,1,wblock,1024,3,7,0.123806,34395
caas-1node,mpi,10000000,16,1,wblock,1024,3,8,0.122767,32742
caas-1node,mpi,10000000,16,1,wblock,1024,3,9,0.122381,31510
caas-1node,mpi,10000000,16,1,wblock,1024,3,10,0.121272,30197
caas-1node,mpi,10000000,16,1,wblock,1024,3,11,0.120936,29283
caas-1node,mpi,10000000,16,1,wblock,1024,3,12,0.120408,28401
caas-1node,mpi,10000000,16,1,wblock,1024,3,13,0.119740,27504
caas-1node,mpi,10000000,16,1,wblock,1024,3,14,0.119349,26816
caas-1node,mpi,10000000,16,1,wblock,1024,3,15,0.118782,26080
caas-1node,mpi,14000000,16,1,block,1024,1,0,0.065859,69448
caas-1node,mpi,14000000,16,1,block,1024,1,1,0.107386,62160
caas-1node,mpi,14000000,16,1,block,1024,1,2,0.132638,59949
caas-1node,mpi,14000000,16,1,block,1024,1,3,0.152651,58593
caas-1node,mpi,14000000,16,1,block,1024,1,4,0.168949,57577
caas-1node,mpi,14000000,16,1,block,1024,1,5,0.183714,56958
caas-1node,mpi,14000000,16,1,block,1024,1,6,0.196645,56165
caas-1node,mpi,14000000,16,1,block,1024,1,7,0.209792,55798
caas-1node,mpi,14000000,16,1,block,1024,1,8,0.220194,55272
caas-1node,mpi,14000000,16,1,block,1024,1,9,0.230813,54930
caas-1node,mpi,14000000,16,1,block,1024,1,10,0.240475,54552
caas-1node,mpi,14000000,16,1,block,1024,1,11,0.249894,54207
caas-1node,mpi,14000000,16,1,block,1024,1,12,0.259785,53992
caas-1node,mpi,14000000,16,1,block,1024,1,13,0.267813,53757
caas-1node,mpi,14000000,16,1,block,1024,1,14,0.275481,53446
caas-1node,mpi,14000000,16,1,block,1024,1,15,0.283551,53273
caas-1node,mpi,14000000,16,1,block,1024,2,0,0.065907,69448
caas-1node,mpi,14000000,16,1,block,1024,2,1,0.107380,62160
caas-1node,mpi,14000000,16,1,block,1024,2,2,0.133194,59949
caas-1node,mpi,14000000,16,1,block,1024,2,3,0.152229,58593
caas-1node,mpi,14000000,16,1,block,1024,2,4,0.168870,57577
caas-1node,mpi,14000000,16,1,block,1024,2,5,0.183711,56958
caas-1node,mpi,14000000,16,1,block,1024,2,6,0.197324,56165
caas-1node,mpi,14000000,16,1,block,1024,2,7,0.209360,55798
caas-1node,mpi,14000000,16,1,block,1024,2,8,0.220104,55272
caas-1node,mpi,14000000,16,1,block,1024,2,9,0.230875,54930
caas-1node,mpi,14000000,16,1,block,1024,2,10,0.242140,54552
caas-1node,mpi,14000000,16,1,block,1024,2,11,0.250400,54207
caas-1node,mpi,14000000,16,1,block,1024,2,12,0.259049,53992
caas-1node,mpi,14000000,16,1,block,1024,2,13,0.267592,53757
caas-1node,mpi,14000000,16,1,block,1024,2,14,0.275314,53446
caas-1node,mpi,14000000,16,1,block,1024,2,15,0.283391,53273
caas-1node,mpi,14000000,16,1,block,1024,3,0,0.065872,69448
caas-1node,mpi,14000000,16,1,block,1024,3,1,0.107394,62160
caas-1node,mpi,14000000,16,1,block,1024,3,2,0.132660,59949
caas-1node,mpi,14000000,16,1,block,1024,3,3,0.152178,58593
caas-1node,mpi,14000000,16,1,block,1024,3,4,0.169083,57577
caas-1node,mpi,14000000,16,1,block,1024,3,5,0.183794,56958
caas-1node,mpi,14000000,16,1,block,1024,3,6,0.196607,56165
caas-1node,mpi,14000000,16,1,block,1024,3,7,0.209091,55798
caas-1node,mpi,14000000,16,1,block,1024,3,8,0.220261,55272
caas-1node,mpi,14000000,16,1,block,1024,3,9,0.230714,54930
caas-1node,mpi,14000000,16,1,block,1024,3,10,0.240590,54552
caas-1node,mpi,14000000,16,1,block,1024,3,11,0.249688,54207
caas-1node,mpi,14000000,16,1,block,1024,3,12,0.258875,53992
caas-1node,mpi,14000000,16,1,block,1024,3,13,0.267513,53757
caas-1node,mpi,14000000,16,1,block,1024,3,14,0.275428,53446
caas-1node,mpi,14000000,16,1,block,1024,3,15,0.283294,53273
caas-1node,mpi,14000000,16,1,cyclic,1024,1,0,0.203089,56984
caas-1node,mpi,14000000,16,1,cyclic,1024,1,1,0.202572,56813
caas-1node,mpi,14000000,16,1,cyclic,1024,1,2,0.202786,56886
caas-1node,mpi,14000000,16,1,cyclic,1024,1,3,0.202750,56829
caas-1node,mpi,14000000,16,1,cyclic,1024,1,4,0.202555,56798
caas-1node,mpi,14000000,16,1,cyclic,1024,1,5,0.203313,57009
caas-1node,mpi,14000000,16,1,cyclic,1024,1,6,0.202979,56940
caas-1node,mpi,14000000,16,1,cyclic,1024,1,7,0.202845,56829
caas-1node,mpi,14000000,16,1,cyclic,1024,1,8,0.202953,56797
caas-1node,mpi,14000000,16,1,cyclic,1024,1,9,0.202940,56960
caas-1node,mpi,14000000,16,1,cyclic,1024,1,10,0.202854,56894
caas-1node,mpi,14000000,16,1,cyclic,1024,1,11,0.202952,56894
caas-1node,mpi,14000000,16,1,cyclic,1024,1,12,0.203012,56947
caas-1node,mpi,14000000,16,1,cyclic,1024,1,13,0.202732,56838
caas-1node,mpi,14000000,16,1,cyclic,1024,1,14,0.202772,56858
caas-1node,mpi,14000000,16,1,cyclic,1024,1,15,0.202870,56801
caas-1node,mpi,14000000,16,1,cyclic,1024,2,0,0.203080,56984
caas-1node,mpi,14000000,16,1,cyclic,1024,2,1,0.202488,56813
caas-1node,mpi,14000000,16,1,cyclic,1024,2,2,0.202872,56886
caas-1node,mpi,14000000,16,1,cyclic,1024,2,3,0.203050,56829
caas-1node,mpi,14000000,16,1,cyclic,1024,2,4,0.202514,56798
caas-1node,mpi,14000000,16,1,cyclic,1024,2,5,0.203220,57009
caas-1node,mpi,14000000,16,1,cyclic,1024,2,6,0.202950,56940
caas-1node,mpi,14000000,16,1,cyclic,1024,2,7,0.203032,56829
caas-1node,mpi,14000000,16,1,cyclic,1024,2,8,0.202658,56797
caas-1node,mpi,14000000,16,1,cyclic,1024,2,9,0.202928,56960
caas-1node,mpi,14000000,16,1,cyclic,1024,2,10,0.202566,56894
caas-1node,mpi,14000000,16,1,cyclic,1024,2,11,0.202990,56894
caas-1node,mpi,14000000,16,1,cyclic,1024,2,12,0.202860,56947
caas-1node,mpi,14000000,16,1,cyclic,1024,2,13,0.202592,56838
caas-1node,mpi,14000000,16,1,cyclic,1024,2,14,0.202735,56858
caas-1node,mpi,14000000,16,1,cyclic,1024,2,15,0.203006,56801
caas-1node,mpi,14000000,16,1,cyclic,1024,3,0,0.203263,56984
caas-1node,mpi,14000000,16,1,cyclic,1024,3,1,0.202647,56813
caas-1node,mpi,14000000,16,1,cyclic,1024,3,2,0.202865,56886
caas-1node,mpi,14000000,16,1,cyclic,1024,3,3,0.202857,56829
caas-1node,mpi,14000000,16,1,cyclic,1024,3,4,0.202578,56798
caas-1node,mpi,14000000,16,1,cyclic,1024,3,5,0.203059,57009
caas-1node,mpi,14000000,16,1,cyclic,1024,3,6,0.202843,56940
caas-1node,mpi,14000000,16,1,cyclic,1024,3,7,0.202753,56829
caas-1node,mpi,14000000,16,1,cyclic,1024,3,8,0.202616,56797
caas-1node,mpi,14000000,16,1,cyclic,1024,3,9,0.203174,56960
caas-1node,mpi,14000000,16,1,cyclic,1024,3,10,0.202622,56894
caas-1node,mpi,14000000,16,1,cyclic,1024,3,11,0.203016,56894
caas-1node,mpi,14000000,16,1,cyclic,1024,3,12,0.202974,56947
caas-1node,mpi,14000000,16,1,cyclic,1024,3,13,0.202903,56838
caas-1node,mpi,14000000,16,1,cyclic,1024,3,14,0.202748,56858
caas-1node,mpi,14000000,16,1,cyclic,1024,3,15,0.202883,56801
caas-1node,mpi,14000000,16,1,blockcyclic,1024,1,0,0.202826,56998
caas-1node,mpi,14000000,16,1,blockcyclic,1024,1,1,0.203003,56920
caas-1node,mpi,14000000,16,1,blockcyclic,1024,1,2,0.202858,57020
caas-1node,mpi,14000000,16,1,blockcyclic,1024,1,3,0.202421,56780
caas-1node,mpi,14000000,16,1,blockcyclic,1024,1,4,0.202878,57058
caas-1node,mpi,14000000,16,1,blockcyclic,1024,1,5,0.202395,56804
caas-1node,mpi,14000000,16,1,blockcyclic,1024,1,6,0.202632,56780
caas-1node,mpi,14000000,16,1,blockcyclic,1024,1,7,0.202862,57049
caas-1node,mpi,14000000,16,1,blockcyclic,1024,1,8,0.202391,56716
caas-1node,mpi,14000000,16,1,blockcyclic,1024,1,9,0.202769,56703
caas-1node,mpi,14000000,16,1,blockcyclic,1024,1,10,0.202866,56806
caas-1node,mpi,14000000,16,1,blockcyclic,1024,1,11,0.203639,57016
caas-1node,mpi,14000000,16,1,blockcyclic,1024,1,12,0.202927,56850
caas-1node,mpi,14000000,16,1,blockcyclic,1024,1,13,0.203193,56897
caas-1node,mpi,14000000,16,1,blockcyclic,1024,1,14,0.202884,56900
caas-1node,mpi,14000000,16,1,blockcyclic,1024,1,15,0.202988,56780
caas-1node,mpi,14000000,16,1,blockcyclic,1024,2,0,0.202656,56998
caas-1node,mpi,14000000,16,1,blockcyclic,1024,2,1,0.203138,56920
caas-1node,mpi,14000000,16,1,blockcyclic,1024,2,2,0.202923,57020
caas-1node,mpi,14000000,16,1,blockcyclic,1024,2,3,0.202547,56780
caas-1node,mpi,14000000,16,1,blockcyclic,1024,2,4,0.202895,57058
caas-1node,mpi,14000000,16,1,blockcyclic,1024,2,5,0.202260,56804
caas-1node,mpi,14000000,16,1,blockcyclic,1024,2,6,0.202436,56780
caas-1node,mpi,14000000,16,1,blockcyclic,1024,2,7,0.203189,57049
caas-1node,mpi,14000000,16,1,blockcyclic,1024,2,8,0.202314,56716
caas-1node,mpi,14000000,16,1,blockcyclic,1024,2,9,0.202586,56703
caas-1node,mpi,14000000,16,1,blockcyclic,1024,2,10,0.203019,56806
caas-1node,mpi,14000000,16,1,blockcyclic,1024,2,11,0.203597,57016
caas-1node,mpi,14000000,16,1,blockcyclic,1024,2,12,0.202801,56850
caas-1node,mpi,14000000,16,1,blockcyclic,1024,2,13,0.203049,56897
caas-1node,mpi,14000000,16,1,blockcyclic,1024,2,14,0.202747,56900
caas-1node,mpi,14000000,16,1,blockcyclic,1024,2,15,0.203022,56780
caas-1node,mpi,14000000,16,1,blockcyclic,1024,3,0,0.202650,56998
caas-1node,mpi,14000000,16,1,blockcyclic,1024,3,1,0.203128,56920
caas-1node,mpi,14000000,16,1,blockcyclic,1024,3,2,0.202970,57020
caas-1node,mpi,14000000,16,1,blockcyclic,1024,3,3,0.202312,56780
caas-1node,mpi,14000000,16,1,blockcyclic,1024,3,4,0.202847,57058
caas-1node,mpi,14000000,16,1,blockcyclic,1024,3,5,0.202319,56804
caas-1node,mpi,14000000,16,1,blockcyclic,1024,3,6,0.202162,56780
caas-1node,mpi,14000000,16,1,blockcyclic,1024,3,7,0.203012,57049
caas-1node,mpi,14000000,16,1,blockcyclic,1024,3,8,0.202182,56716
caas-1node,mpi,14000000,16,1,blockcyclic,1024,3,9,0.202519,56703
caas-1node,mpi,14000000,16,1,blockcyclic,1024,3,10,0.202649,56806
caas-1node,mpi,14000000,16,1,blockcyclic,1024,3,11,0.203482,57016
caas-1node,mpi,14000000,16,1,blockcyclic,1024,3,12,0.202674,56850
caas-1node,mpi,14000000,16,1,blockcyclic,1024,3,13,0.202924,56897
caas-1node,mpi,14000000,16,1,blockcyclic,1024,3,14,0.202920,56900
caas-1node,mpi,14000000,16,1,blockcyclic,1024,3,15,0.203902,56780
caas-1node,mpi,14000000,16,1,wblock,1024,1,0,0.239311,163003
caas-1node,mpi,14000000,16,1,wblock,1024,1,1,0.218870,87147
caas-1node,mpi,14000000,16,1,wblock,1024,1,2,0.211951,71403
caas-1node,mpi,14000000,16,1,wblock,1024,1,3,0.208138,62797
caas-1node,mpi,14000000,16,1,wblock,1024,1,4,0.205134,57031
caas-1node,mpi,14000000,16,1,wblock,1024,1,5,0.202974,53035
caas-1node,mpi,14000000,16,1,wblock,1024,1,6,0.200857,49657
caas-1node,mpi,14000000,16,1,wblock,1024,1,7,0.199444,47130
caas-1node,mpi,14000000,16,1,wblock,1024,1,8,0.198080,44861
caas-1node,mpi,14000000,16,1,wblock,1024,1,9,0.196567,43024
caas-1node,mpi,14000000,16,1,wblock,1024,1,10,0.196126,41597
caas-1node,mpi,14000000,16,1,wblock,1024,1,11,0.195040,40113
caas-1node,mpi,14000000,16,1,wblock,1024,1,12,0.194045,38891
caas-1node,mpi,14000000,16,1,wblock,1024,1,13,0.193480,37874
caas-1node,mpi,14000000,16,1,wblock,1024,1,14,0.192101,36653
caas-1node,mpi,14000000,16,1,wblock,1024,1,15,0.191944,35861
caas-1node,mpi,14000000,16,1,wblock,1024,2,0,0.239094,163003
caas-1node,mpi,14000000,16,1,wblock,1024,2,1,0.218514,87147
caas-1node,mpi,14000000,16,1,wblock,1024,2,2,0.211768,71403
caas-1node,mpi,14000000,16,1,wblock,1024,2,3,0.208097,62797
caas-1node,mpi,14000000,16,1,wblock,1024,2,4,0.204806,57031
caas-1node,mpi,14000000,16,1,wblock,1024,2,5,0.202852,53035
caas-1node,mpi,14000000,16,1,wblock,1024,2,6,0.201052,49657
caas-1node,mpi,14000000,16,1,wblock,1024,2,7,0.199338,47130
caas-1node,mpi,14000000,16,1,wblock,1024,2,8,0.208409,44861
caas-1node,mpi,14000000,16,1,wblock,1024,2,9,0.207473,43024
caas-1node,mpi,14000000,16,1,wblock,1024,2,10,0.196233,41597
caas-1node,mpi,14000000,16,1,wblock,1024,2,11,0.194922,40113
caas-1node,mpi,14000000,16,1,wblock,1024,2,12,0.194039,38891
caas-1node,mpi,14000000,16,1,wblock,1024,2,13,0.193525,37874
caas-1node,mpi,14000000,16,1,wblock,1024,2,14,0.192341,36653
caas-1node,mpi,14000000,16,1,wblock,1024,2,15,0.191739,35861
caas-1node,mpi,14000000,16,1,wblock,1024,3,0,0.239763,163003
caas-1node,mpi,14000000,16,1,wblock,1024,3,1,0.218826,87147
caas-1node,mpi,14000000,16,1,wblock,1024,3,2,0.212047,71403
caas-1node,mpi,14000000,16,1,wblock,1024,3,3,0.208139,62797
caas-1node,mpi,14000000,16,1,wblock,1024,3,4,0.205045,57031
caas-1node,mpi,14000000,16,1,wblock,1024,3,5,0.202948,53035
caas-1node,mpi,14000000,16,1,wblock,1024,3,6,0.200720,49657
caas-1node,mpi,14000000,16,1,wblock,1024,3,7,0.199395,47130
caas-1node,mpi,14000000,16,1,wblock,1024,3,8,0.197785,44861
caas-1node,mpi,14000000,16,1,wblock,1024,3,9,0.196812,43024
caas-1node,mpi,14000000,16,1,wblock,1024,3,10,0.195885,41597
caas-1node,mpi,14000000,16,1,wblock,1024,3,11,0.195351,40113
caas-1node,mpi,14000000,16,1,wblock,1024,3,12,0.194444,38891
caas-1node,mpi,14000000,16,1,wblock,1024,3,13,0.193719,37874
caas-1node,mpi,14000000,16,1,wblock,1024,3,14,0.192341,36653
caas-1node,mpi,14000000,16,1,wblock,1024,3,15,0.192021,35861
caas-1node,mpi,18000000,16,1,block,1024,1,0,0.093354,87519
caas-1node,mpi,18000000,16,1,block,1024,1,1,0.167983,78562
caas-1node,mpi,18000000,16,1,block,1024,1,2,0.188802,75786
caas-1node,mpi,18000000,16,1,block,1024,1,3,0.217190,74081
caas-1node,mpi,18000000,16,1,block,1024,1,4,0.240825,72844
caas-1node,mpi,18000000,16,1,block,1024,1,5,0.276601,71915
caas-1node,mpi,18000000,16,1,block,1024,1,6,0.281130,71213
caas-1node,mpi,18000000,16,1,block,1024,1,7,0.298601,70569
caas-1node,mpi,18000000,16,1,block,1024,1,8,0.314471,69877
caas-1node,mpi,18000000,16,1,block,1024,1,9,0.330055,69575
caas-1node,mpi,18000000,16,1,block,1024,1,10,0.344049,69131
caas-1node,mpi,18000000,16,1,block,1024,1,11,0.356742,68568
caas-1node,mpi,18000000,16,1,block,1024,1,12,0.370486,68382
caas-1node,mpi,18000000,16,1,block,1024,1,13,0.382474,68004
caas-1node,mpi,18000000,16,1,block,1024,1,14,0.394881,67737
caas-1node,mpi,18000000,16,1,block,1024,1,15,0.405927,67604
caas-1node,mpi,18000000,16,1,block,1024,2,0,0.093502,87519
caas-1node,mpi,18000000,16,1,block,1024,2,1,0.152975,78562
caas-1node,mpi,18000000,16,1,block,1024,2,2,0.188994,75786
caas-1node,mpi,18000000,16,1,block,1024,2,3,0.217098,74081
caas-1node,mpi,18000000,16,1,block,1024,2,4,0.241107,72844
caas-1node,mpi,18000000,16,1,block,1024,2,5,0.261959,71915
caas-1node,mpi,18000000,16,1,block,1024,2,6,0.281596,71213
caas-1node,mpi,18000000,16,1,block,1024,2,7,0.298558,70569
caas-1node,mpi,18000000,16,1,block,1024,2,8,0.314234,69877
caas-1node,mpi,18000000,16,1,block,1024,2,9,0.329741,69575
caas-1node,mpi,18000000,16,1,block,1024,2,10,0.343848,69131
caas-1node,mpi,18000000,16,1,block,1024,2,11,0.356985,68568
caas-1node,mpi,18000000,16,1,block,1024,2,12,0.370248,68382
caas-1node,mpi,18000000,16,1,block,1024,2,13,0.382163,68004
caas-1node,mpi,18000000,16,1,block,1024,2,14,0.394377,67737
caas-1node,mpi,18000000,16,1,block,1024,2,15,0.405695,67604
caas-1node,mpi,18000000,16,1,block,1024,3,0,0.093422,87519
caas-1node,mpi,18000000,16,1,block,1024,3,1,0.152781,78562
caas-1node,mpi,18000000,16,1,block,1024,3,2,0.189044,75786
caas-1node,mpi,18000000,16,1,block,1024,3,3,0.217170,74081
caas-1node,mpi,18000000,16,1,block,1024,3,4,0.241130,72844
caas-1node,mpi,18000000,16,1,block,1024,3,5,0.261945,71915
caas-1node,mpi,18000000,16,1,block,1024,3,6,0.281517,71213
caas-1node,mpi,18000000,16,1,block,1024,3,7,0.298352,70569
caas-1node,mpi,18000000,16,1,block,1024,3,8,0.314288,69877
caas-1node,mpi,18000000,16,1,block,1024,3,9,0.329722,69575
caas-1node,mpi,18000000,16,1,block,1024,3,10,0.343694,69131
caas-1node,mpi,18000000,16,1,block,1024,3,11,0.356698,68568
caas-1node,mpi,18000000,16,1,block,1024,3,12,0.369974,68382
caas-1node,mpi,18000000,16,1,block,1024,3,13,0.382133,68004
caas-1node,mpi,18000000,16,1,block,1024,3,14,0.393869,67737
caas-1node,mpi,18000000,16,1,block,1024,3,15,0.406000,67604
caas-1node,mpi,18000000,16,1,cyclic,1024,1,0,0.290235,72152
caas-1node,mpi,18000000,16,1,cyclic,1024,1,1,0.289335,71929
caas-1node,mpi,18000000,16,1,cyclic,1024,1,2,0.289507,71925
caas-1node,mpi,18000000,16,1,cyclic,1024,1,3,0.289679,71861
caas-1node,mpi,18000000,16,1,cyclic,1024,1,4,0.289765,71914
caas-1node,mpi,18000000,16,1,cyclic,1024,1,5,0.289591,72006
caas-1node,mpi,18000000,16,1,cyclic,1024,1,6,0.289604,72013
caas-1node,mpi,18000000,16,1,cyclic,1024,1,7,0.289508,71847
caas-1node,mpi,18000000,16,1,cyclic,1024,1,8,0.289835,71916
caas-1node,mpi,18000000,16,1,cyclic,1024,1,9,0.289506,71976
caas-1node,mpi,18000000,16,1,cyclic,1024,1,10,0.289556,72019
caas-1node,mpi,18000000,16,1,cyclic,1024,1,11,0.290358,71983
caas-1node,mpi,18000000,16,1,cyclic,1024,1,12,0.289525,71975
caas-1node,mpi,18000000,16,1,cyclic,1024,1,13,0.289999,71992
caas-1node,mpi,18000000,16,1,cyclic,1024,1,14,0.289673,71951
caas-1node,mpi,18000000,16,1,cyclic,1024,1,15,0.289799,71908
caas-1node,mpi,18000000,16,1,cyclic,1024,2,0,0.290079,72152
caas-1node,mpi,18000000,16,1,cyclic,1024,2,1,0.289664,71929
caas-1node,mpi,18000000,16,1,cyclic,1024,2,2,0.289621,71925
caas-1node,mpi,18000000,16,1,cyclic,1024,2,3,0.289794,71861
caas-1node,mpi,18000000,16,1,cyclic,1024,2,4,0.289466,71914
caas-1node,mpi,18000000,16,1,cyclic,1024,2,5,0.289700,72006
caas-1node,mpi,18000000,16,1,cyclic,1024,2,6,0.289531,72013
caas-1node,mpi,18000000,16,1,cyclic,1024,2,7,0.289512,71847
caas-1node,mpi,18000000,16,1,cyclic,1024,2,8,0.289627,71916
caas-1node,mpi,18000000,16,1,cyclic,1024,2,9,0.289836,71976
caas-1node,mpi,18000000,16,1,cyclic,1024,2,10,0.290016,72019
caas-1node,mpi,18000000,16,1,cyclic,1024,2,11,0.289909,71983
caas-1node,mpi,18000000,16,1,cyclic,1024,2,12,0.289631,71975
caas-1node,mpi,18000000,16,1,cyclic,1024,2,13,0.289934,71992
caas-1node,mpi,18000000,16,1,cyclic,1024,2,14,0.289741,71951
caas-1node,mpi,18000000,16,1,cyclic,1024,2,15,0.289683,71908
caas-1node,mpi,18000000,16,1,cyclic,1024,3,0,0.290067,72152
caas-1node,mpi,18000000,16,1,cyclic,1024,3,1,0.289402,71929
caas-1node,mpi,18000000,16,1,cyclic,1024,3,2,0.289496,71925
caas-1node,mpi,18000000,16,1,cyclic,1024,3,3,0.289569,71861
caas-1node,mpi,18000000,16,1,cyclic,1024,3,4,0.289592,71914
caas-1node,mpi,18000000,16,1,cyclic,1024,3,5,0.289509,72006
caas-1node,mpi,18000000,16,1,cyclic,1024,3,6,0.289547,72013
caas-1node,mpi,18000000,16,1,cyclic,1024,3,7,0.289348,71847
caas-1node,mpi,18000000,16,1,cyclic,1024,3,8,0.289639,71916
caas-1node,mpi,18000000,16,1,cyclic,1024,3,9,0.289558,71976
caas-1node,mpi,18000000,16,1,cyclic,1024,3,10,0.289797,72019
caas-1node,mpi,18000000,16,1,cyclic,1024,3,11,0.289934,71983
caas-1node,mpi,18000000,16,1,cyclic,1024,3,12,0.289607,71975
caas-1node,mpi,18000000,16,1,cyclic,1024,3,13,0.289961,71992
caas-1node,mpi,18000000,16,1,cyclic,1024,3,14,0.289954,71951
caas-1node,mpi,18000000,16,1,cyclic,1024,3,15,0.289708,71908
caas-1node,mpi,18000000,16,1,blockcyclic,1024,1,0,0.289910,72062
caas-1node,mpi,18000000,16,1,blockcyclic,1024,1,1,0.289903,71994
caas-1node,mpi,18000000,16,1,blockcyclic,1024,1,2,0.289781,72110
caas-1node,mpi,18000000,16,1,blockcyclic,1024,1,3,0.289252,71794
caas-1node,mpi,18000000,16,1,blockcyclic,1024,1,4,0.290772,72331
caas-1node,mpi,18000000,16,1,blockcyclic,1024,1,5,0.289148,71853
caas-1node,mpi,18000000,16,1,blockcyclic,1024,1,6,0.289000,71837
caas-1node,mpi,18000000,16,1,blockcyclic,1024,1,7,0.289941,72003
caas-1node,mpi,18000000,16,1,blockcyclic,1024,1,8,0.289718,71888
caas-1node,mpi,18000000,16,1,blockcyclic,1024,1,9,0.289701,71855
caas-1node,mpi,18000000,16,1,blockcyclic,1024,1,10,0.289320,71834
caas-1node,mpi,18000000,16,1,blockcyclic,1024,1,11,0.290203,71994
caas-1node,mpi,18000000,16,1,blockcyclic,1024,1,12,0.290095,72009
caas-1node,mpi,18000000,16,1,blockcyclic,1024,1,13,0.289923,72031
caas-1node,mpi,18000000,16,1,blockcyclic,1024,1,14,0.289818,72034
caas-1node,mpi,18000000,16,1,blockcyclic,1024,1,15,0.289611,71738
caas-1node,mpi,18000000,16,1,blockcyclic,1024,2,0,0.289362,72062
caas-1node,mpi,18000000,16,1,blockcyclic,1024,2,1,0.289743,71994
caas-1node,mpi,18000000,16,1,blockcyclic,1024,2,2,0.289618,72110
caas-1node,mpi,18000000,16,1,blockcyclic,1024,2,3,0.289246,71794
caas-1node,mpi,18000000,16,1,blockcyclic,1024,2,4,0.291067,72331
caas-1node,mpi,18000000,16,1,blockcyclic,1024,2,5,0.288960,71853
caas-1node,mpi,18000000,16,1,blockcyclic,1024,2,6,0.289070,71837
caas-1node,mpi,18000000,16,1,blockcyclic,1024,2,7,0.289714,72003
caas-1node,mpi,18000000,16,1,blockcyclic,1024,2,8,0.289632,71888
caas-1node,mpi,18000000,16,1,blockcyclic,1024,2,9,0.289616,71855
caas-1node,mpi,18000000,16,1,blockcyclic,1024,2,10,0.289124,71834
caas-1node,mpi,18000000,16,1,blockcyclic,1024,2,11,0.290024,71994
caas-1node,mpi,18000000,16,1,blockcyclic,1024,2,12,0.289720,72009
caas-1node,mpi,18000000,16,1,blockcyclic,1024,2,13,0.290067,72031
caas-1node,mpi,18000000,16,1,blockcyclic,1024,2,14,0.289776,72034
caas-1node,mpi,18000000,16,1,blockcyclic,1024,2,15,0.289544,71738
caas-1node,mpi,18000000,16,1,blockcyclic,1024,3,0,0.289542,72062
caas-1node,mpi,18000000,16,1,blockcyclic,1024,3,1,0.289786,71994
caas-1node,mpi,18000000,16,1,blockcyclic,1024,3,2,0.289901,72110
caas-1node,mpi,18000000,16,1,blockcyclic,1024,3,3,0.289213,71794
caas-1node,mpi,18000000,16,1,blockcyclic,1024,3,4,0.290712,72331
caas-1node,mpi,18000000,16,1,blockcyclic,1024,3,5,0.288823,71853
caas-1node,mpi,18000000,16,1,blockcyclic,1024,3,6,0.288886,71837
caas-1node,mpi,18000000,16,1,blockcyclic,1024,3,7,0.289640,72003
caas-1node,mpi,18000000,16,1,blockcyclic,1024,3,8,0.289543,71888
caas-1node,mpi,18000000,16,1,blockcyclic,1024,3,9,0.289550,71855
caas-1node,mpi,18000000,16,1,blockcyclic,1024,3,10,0.302987,71834
caas-1node,mpi,18000000,16,1,blockcyclic,1024,3,11,0.290321,71994
caas-1node,mpi,18000000,16,1,blockcyclic,1024,3,12,0.289870,72009
caas-1node,mpi,18000000,16,1,blockcyclic,1024,3,13,0.302639,72031
caas-1node,mpi,18000000,16,1,blockcyclic,1024,3,14,0.289718,72034
caas-1node,mpi,18000000,16,1,blockcyclic,1024,3,15,0.289453,71738
caas-1node,mpi,18000000,16,1,wblock,1024,1,0,0.340604,205766
caas-1node,mpi,18000000,16,1,wblock,1024,1,1,0.311687,110182
caas-1node,mpi,18000000,16,1,wblock,1024,1,2,0.302224,90270
caas-1node,mpi,18000000,16,1,wblock,1024,1,3,0.297047,79525
caas-1node,mpi,18000000,16,1,wblock,1024,1,4,0.292758,72182
caas-1node,mpi,18000000,16,1,wblock,1024,1,5,0.289667,67020
caas-1node,mpi,18000000,16,1,wblock,1024,1,6,0.286731,62789
caas-1node,mpi,18000000,16,1,wblock,1024,1,7,0.285404,59682
caas-1node,mpi,18000000,16,1,wblock,1024,1,8,0.282894,56890
caas-1node,mpi,18000000,16,1,wblock,1024,1,9,0.281086,54524
caas-1node,mpi,18000000,16,1,wblock,1024,1,10,0.279787,52518
caas-1node,mpi,18000000,16,1,wblock,1024,1,11,0.279016,50865
caas-1node,mpi,18000000,16,1,wblock,1024,1,12,0.277296,49189
caas-1node,mpi,18000000,16,1,wblock,1024,1,13,0.276110,47770
caas-1node,mpi,18000000,16,1,wblock,1024,1,14,0.275566,46628
caas-1node,mpi,18000000,16,1,wblock,1024,1,15,0.274814,45567
caas-1node,mpi,18000000,16,1,wblock,1024,2,0,0.340793,205766
caas-1node,mpi,18000000,16,1,wblock,1024,2,1,0.311962,110182
caas-1node,mpi,18000000,16,1,wblock,1024,2,2,0.302555,90270
caas-1node,mpi,18000000,16,1,wblock,1024,2,3,0.297116,79525
caas-1node,mpi,18000000,16,1,wblock,1024,2,4,0.293068,72182
caas-1node,mpi,18000000,16,1,wblock,1024,2,5,0.289960,67020
caas-1node,mpi,18000000,16,1,wblock,1024,2,6,0.286571,62789
caas-1node,mpi,18000000,16,1,wblock,1024,2,7,0.285050,59682
caas-1node,mpi,18000000,16,1,wblock,1024,2,8,0.283259,56890
caas-1node,mpi,18000000,16,1,wblock,1024,2,9,0.281412,54524
caas-1node,mpi,18000000,16,1,wblock,1024,2,10,0.280073,52518
caas-1node,mpi,18000000,16,1,wblock,1024,2,11,0.279663,50865
caas-1node,mpi,18000000,16,1,wblock,1024,2,12,0.277422,49189
caas-1node,mpi,18000000,16,1,wblock,1024,2,13,0.276436,47770
caas-1node,mpi,18000000,16,1,wblock,1024,2,14,0.276285,46628
caas-1node,mpi,18000000,16,1,wblock,1024,2,15,0.274878,45567
caas-1node,mpi,18000000,16,1,wblock,1024,3,0,0.340321,205766
caas-1node,mpi,18000000,16,1,wblock,1024,3,1,0.311472,110182
caas-1node,mpi,18000000,16,1,wblock,1024,3,2,0.302365,90270
caas-1node,mpi,18000000,16,1,wblock,1024,3,3,0.296928,79525
caas-1node,mpi,18000000,16,1,wblock,1024,3,4,0.292671,72182
caas-1node,mpi,18000000,16,1,wblock,1024,3,5,0.289365,67020
caas-1node,mpi,18000000,16,1,wblock,1024,3,6,0.286563,62789
caas-1node,mpi,18000000,16,1,wblock,1024,3,7,0.284919,59682
caas-1node,mpi,18000000,16,1,wblock,1024,3,8,0.282951,56890
caas-1node,mpi,18000000,16,1,wblock,1024,3,9,0.281075,54524
caas-1node,mpi,18000000,16,1,wblock,1024,3,10,0.279755,52518
caas-1node,mpi,18000000,16,1,wblock,1024,3,11,0.278944,50865
caas-1node,mpi,18000000,16,1,wblock,1024,3,12,0.277245,49189
caas-1node,mpi,18000000,16,1,wblock,1024,3,13,0.276149,47770
caas-1node,mpi,18000000,16,1,wblock,1024,3,14,0.275339,46628
caas-1node,mpi,18000000,16,1,wblock,1024,3,15,0.275031,45567
caas-1node,mpi,20000000,16,1,block,1024,1,0,0.108231,96469
caas-1node,mpi,20000000,16,1,block,1024,1,1,0.177258,86603
caas-1node,mpi,20000000,16,1,block,1024,1,2,0.219231,83645
caas-1node,mpi,20000000,16,1,block,1024,1,3,0.251912,81796
caas-1node,mpi,20000000,16,1,block,1024,1,4,0.279833,80303
caas-1node,mpi,20000000,16,1,block,1024,1,5,0.304400,79445
caas-1node,mpi,20000000,16,1,block,1024,1,6,0.327509,78589
caas-1node,mpi,20000000,16,1,block,1024,1,7,0.346093,77729
caas-1node,mpi,20000000,16,1,block,1024,1,8,0.366735,77362
caas-1node,mpi,20000000,16,1,block,1024,1,9,0.382602,76762
caas-1node,mpi,20000000,16,1,block,1024,1,10,0.399141,76174
caas-1node,mpi,20000000,16,1,block,1024,1,11,0.414757,75827
caas-1node,mpi,20000000,16,1,block,1024,1,12,0.431267,75448
caas-1node,mpi,20000000,16,1,block,1024,1,13,0.444558,75237
caas-1node,mpi,20000000,16,1,block,1024,1,14,0.457408,74744
caas-1node,mpi,20000000,16,1,block,1024,1,15,0.470433,74474
caas-1node,mpi,20000000,16,1,block,1024,2,0,0.108271,96469
caas-1node,mpi,20000000,16,1,block,1024,2,1,0.177532,86603
caas-1node,mpi,20000000,16,1,block,1024,2,2,0.219320,83645
caas-1node,mpi,20000000,16,1,block,1024,2,3,0.252163,81796
caas-1node,mpi,20000000,16,1,block,1024,2,4,0.279695,80303
caas-1node,mpi,20000000,16,1,block,1024,2,5,0.304440,79445
caas-1node,mpi,20000000,16,1,block,1024,2,6,0.326392,78589
caas-1node,mpi,20000000,16,1,block,1024,2,7,0.346081,77729
caas-1node,mpi,20000000,16,1,block,1024,2,8,0.365606,77362
caas-1node,mpi,20000000,16,1,block,1024,2,9,0.382610,76762
caas-1node,mpi,20000000,16,1,block,1024,2,10,0.399001,76174
caas-1node,mpi,20000000,16,1,block,1024,2,11,0.414898,75827
caas-1node,mpi,20000000,16,1,block,1024,2,12,0.429675,75448
caas-1node,mpi,20000000,16,1,block,1024,2,13,0.444636,75237
caas-1node,mpi,20000000,16,1,block,1024,2,14,0.457324,74744
caas-1node,mpi,20000000,16,1,block,1024,2,15,0.471091,74474
caas-1node,mpi,20000000,16,1,block,1024,3,0,0.108359,96469
caas-1node,mpi,20000000,16,1,block,1024,3,1,0.177253,86603
caas-1node,mpi,20000000,16,1,block,1024,3,2,0.219134,83645
caas-1node,mpi,20000000,16,1,block,1024,3,3,0.252075,81796
caas-1node,mpi,20000000,16,1,block,1024,3,4,0.279636,80303
caas-1node,mpi,20000000,16,1,block,1024,3,5,0.306712,79445
caas-1node,mpi,20000000,16,1,block,1024,3,6,0.329051,78589
caas-1node,mpi,20000000,16,1,block,1024,3,7,0.346007,77729
caas-1node,mpi,20000000,16,1,block,1024,3,8,0.365302,77362
caas-1node,mpi,20000000,16,1,block,1024,3,9,0.382722,76762
caas-1node,mpi,20000000,16,1,block,1024,3,10,0.399009,76174
caas-1node,mpi,20000000,16,1,block,1024,3,11,0.414730,75827
caas-1node,mpi,20000000,16,1,block,1024,3,12,0.432231,75448
caas-1node,mpi,20000000,16,1,block,1024,3,13,0.444235,75237
caas-1node,mpi,20000000,16,1,block,1024,3,14,0.457351,74744
caas-1node,mpi,20000000,16,1,block,1024,3,15,0.470911,74474
caas-1node,mpi,20000000,16,1,cyclic,1024,1,0,0.336700,79530
caas-1node,mpi,20000000,16,1,cyclic,1024,1,1,0.336391,79421
caas-1node,mpi,20000000,16,1,cyclic,1024,1,2,0.336507,79433
caas-1node,mpi,20000000,16,1,cyclic,1024,1,3,0.336645,79314
caas-1node,mpi,20000000,16,1,cyclic,1024,1,4,0.336405,79360
caas-1node,mpi,20000000,16,1,cyclic,1024,1,5,0.336447,79411
caas-1node,mpi,20000000,16,1,cyclic,1024,1,6,0.336444,79416
caas-1node,mpi,20000000,16,1,cyclic,1024,1,7,0.336524,79289
caas-1node,mpi,20000000,16,1,cyclic,1024,1,8,0.336670,79418
caas-1node,mpi,20000000,16,1,cyclic,1024,1,9,0.336692,79470
caas-1node,mpi,20000000,16,1,cyclic,1024,1,10,0.336703,79402
caas-1node,mpi,20000000,16,1,cyclic,1024,1,11,0.336950,79467
caas-1node,mpi,20000000,16,1,cyclic,1024,1,12,0.336529,79461
caas-1node,mpi,20000000,16,1,cyclic,1024,1,13,0.336616,79391
caas-1node,mpi,20000000,16,1,cyclic,1024,1,14,0.336574,79417
caas-1node,mpi,20000000,16,1,cyclic,1024,1,15,0.336547,79407
caas-1node,mpi,20000000,16,1,cyclic,1024,2,0,0.336560,79530
caas-1node,mpi,20000000,16,1,cyclic,1024,2,1,0.336157,79421
caas-1node,mpi,20000000,16,1,cyclic,1024,2,2,0.336274,79433
caas-1node,mpi,20000000,16,1,cyclic,1024,2,3,0.343952,79314
caas-1node,mpi,20000000,16,1,cyclic,1024,2,4,0.342536,79360
caas-1node,mpi,20000000,16,1,cyclic,1024,2,5,0.336096,79411
caas-1node,mpi,20000000,16,1,cyclic,1024,2,6,0.336358,79416
caas-1node,mpi,20000000,16,1,cyclic,1024,2,7,0.336123,79289
caas-1node,mpi,20000000,16,1,cyclic,1024,2,8,0.336267,79418
caas-1node,mpi,20000000,16,1,cyclic,1024,2,9,0.336542,79470
caas-1node,mpi,20000000,16,1,cyclic,1024,2,10,0.336332,79402
caas-1node,mpi,20000000,16,1,cyclic,1024,2,11,0.336995,79467
caas-1node,mpi,20000000,16,1,cyclic,1024,2,12,0.336513,79461
caas-1node,mpi,20000000,16,1,cyclic,1024,2,13,0.336736,79391
caas-1node,mpi,20000000,16,1,cyclic,1024,2,14,0.336212,79417
caas-1node,mpi,20000000,16,1,cyclic,1024,2,15,0.336685,79407
caas-1node,mpi,20000000,16,1,cyclic,1024,3,0,0.336919,79530
caas-1node,mpi,20000000,16,1,cyclic,1024,3,1,0.336330,79421
caas-1node,mpi,20000000,16,1,cyclic,1024,3,2,0.337209,79433
caas-1node,mpi,20000000,16,1,cyclic,1024,3,3,0.336307,79314
caas-1node,mpi,20000000,16,1,cyclic,1024,3,4,0.336136,79360
caas-1node,mpi,20000000,16,1,cyclic,1024,3,5,0.336140,79411
caas-1node,mpi,20000000,16,1,cyclic,1024,3,6,0.336297,79416
caas-1node,mpi,20000000,16,1,cyclic,1024,3,7,0.336077,79289
caas-1node,mpi,20000000,16,1,cyclic,1024,3,8,0.336277,79418
caas-1node,mpi,20000000,16,1,cyclic,1024,3,9,0.336503,79470
caas-1node,mpi,20000000,16,1,cyclic,1024,3,10,0.336437,79402
caas-1node,mpi,20000000,16,1,cyclic,1024,3,11,0.337288,79467
caas-1node,mpi,20000000,16,1,cyclic,1024,3,12,0.336305,79461
caas-1node,mpi,20000000,16,1,cyclic,1024,3,13,0.336444,79391
caas-1node,mpi,20000000,16,1,cyclic,1024,3,14,0.336417,79417
caas-1node,mpi,20000000,16,1,cyclic,1024,3,15,0.336493,79407
caas-1node,mpi,20000000,16,1,blockcyclic,1024,1,0,0.336294,79601
caas-1node,mpi,20000000,16,1,blockcyclic,1024,1,1,0.336159,79377
caas-1node,mpi,20000000,16,1,blockcyclic,1024,1,2,0.336673,79545
caas-1node,mpi,20000000,16,1,blockcyclic,1024,1,3,0.335501,79125
caas-1node,mpi,20000000,16,1,blockcyclic,1024,1,4,0.337438,79815
caas-1node,mpi,20000000,16,1,blockcyclic,1024,1,5,0.336169,79470
caas-1node,mpi,20000000,16,1,blockcyclic,1024,1,6,0.334909,79254
caas-1node,mpi,20000000,16,1,blockcyclic,1024,1,7,0.336776,79416
caas-1node,mpi,20000000,16,1,blockcyclic,1024,1,8,0.336247,79376
caas-1node,mpi,20000000,16,1,blockcyclic,1024,1,9,0.336287,79373
caas-1node,mpi,20000000,16,1,blockcyclic,1024,1,10,0.335973,79299
caas-1node,mpi,20000000,16,1,blockcyclic,1024,1,11,0.336940,79459
caas-1node,mpi,20000000,16,1,blockcyclic,1024,1,12,0.336303,79467
caas-1node,mpi,20000000,16,1,blockcyclic,1024,1,13,0.337112,79488
caas-1node,mpi,20000000,16,1,blockcyclic,1024,1,14,0.336869,79525
caas-1node,mpi,20000000,16,1,blockcyclic,1024,1,15,0.335324,79017
caas-1node,mpi,20000000,16,1,blockcyclic,1024,2,0,0.338345,79601
caas-1node,mpi,20000000,16,1,blockcyclic,1024,2,1,0.336015,79377
caas-1node,mpi,20000000,16,1,blockcyclic,1024,2,2,0.336894,79545
caas-1node,mpi,20000000,16,1,blockcyclic,1024,2,3,0.335648,79125
caas-1node,mpi,20000000,16,1,blockcyclic,1024,2,4,0.337373,79815
caas-1node,mpi,20000000,16,1,blockcyclic,1024,2,5,0.336283,79470
caas-1node,mpi,20000000,16,1,blockcyclic,1024,2,6,0.335392,79254
caas-1node,mpi,20000000,16,1,blockcyclic,1024,2,7,0.336190,79416
caas-1node,mpi,20000000,16,1,blockcyclic,1024,2,8,0.336303,79376
caas-1node,mpi,20000000,16,1,blockcyclic,1024,2,9,0.336567,79373
caas-1node,mpi,20000000,16,1,blockcyclic,1024,2,10,0.335773,79299
caas-1node,mpi,20000000,16,1,blockcyclic,1024,2,11,0.336538,79459
caas-1node,mpi,20000000,16,1,blockcyclic,1024,2,12,0.336408,79467
caas-1node,mpi,20000000,16,1,blockcyclic,1024,2,13,0.336365,79488
caas-1node,mpi,20000000,16,1,blockcyclic,1024,2,14,0.336449,79525
caas-1node,mpi,20000000,16,1,blockcyclic,1024,2,15,0.335592,79017
caas-1node,mpi,20000000,16,1,blockcyclic,1024,3,0,0.336163,79601
caas-1node,mpi,20000000,16,1,blockcyclic,1024,3,1,0.336145,79377
caas-1node,mpi,20000000,16,1,blockcyclic,1024,3,2,0.336446,79545
caas-1node,mpi,20000000,16,1,blockcyclic,1024,3,3,0.335547,79125
caas-1node,mpi,20000000,16,1,blockcyclic,1024,3,4,0.337502,79815
caas-1node,mpi,20000000,16,1,blockcyclic,1024,3,5,0.336429,79470
caas-1node,mpi,20000000,16,1,blockcyclic,1024,3,6,0.335220,79254
caas-1node,mpi,20000000,16,1,blockcyclic,1024,3,7,0.336264,79416
caas-1node,mpi,20000000,16,1,blockcyclic,1024,3,8,0.336187,79376
caas-1node,mpi,20000000,16,1,blockcyclic,1024,3,9,0.336110,79373
caas-1node,mpi,20000000,16,1,blockcyclic,1024,3,10,0.336100,79299
caas-1node,mpi,20000000,16,1,blockcyclic,1024,3,11,0.336619,79459
caas-1node,mpi,20000000,16,1,blockcyclic,1024,3,12,0.336759,79467
caas-1node,mpi,20000000,16,1,blockcyclic,1024,3,13,0.336386,79488
caas-1node,mpi,20000000,16,1,blockcyclic,1024,3,14,0.336545,79525
caas-1node,mpi,20000000,16,1,blockcyclic,1024,3,15,0.335549,79017
caas-1node,mpi,20000000,16,1,wblock,1024,1,0,0.398241,226817
caas-1node,mpi,20000000,16,1,wblock,1024,1,1,0.361638,121696
caas-1node,mpi,20000000,16,1,wblock,1024,1,2,0.350814,99547
caas-1node,mpi,20000000,16,1,wblock,1024,1,3,0.346194,87761
caas-1node,mpi,20000000,16,1,wblock,1024,1,4,0.339836,79711
caas-1node,mpi,20000000,16,1,wblock,1024,1,5,0.336060,73879
caas-1node,mpi,20000000,16,1,wblock,1024,1,6,0.333542,69476
caas-1node,mpi,20000000,16,1,wblock,1024,1,7,0.330951,65863
caas-1node,mpi,20000000,16,1,wblock,1024,1,8,0.331023,62702
caas-1node,mpi,20000000,16,1,wblock,1024,1,9,0.327058,60289
caas-1node,mpi,20000000,16,1,wblock,1024,1,10,0.325009,57964
caas-1node,mpi,20000000,16,1,wblock,1024,1,11,0.323499,56076
caas-1node,mpi,20000000,16,1,wblock,1024,1,12,0.322398,54461
caas-1node,mpi,20000000,16,1,wblock,1024,1,13,0.320857,52830
caas-1node,mpi,20000000,16,1,wblock,1024,1,14,0.319819,51366
caas-1node,mpi,20000000,16,1,wblock,1024,1,15,0.318826,50169
caas-1node,mpi,20000000,16,1,wblock,1024,2,0,0.395142,226817
caas-1node,mpi,20000000,16,1,wblock,1024,2,1,0.361761,121696
caas-1node,mpi,20000000,16,1,wblock,1024,2,2,0.351226,99547
caas-1node,mpi,20000000,16,1,wblock,1024,2,3,0.344871,87761
caas-1node,mpi,20000000,16,1,wblock,1024,2,4,0.340369,79711
caas-1node,mpi,20000000,16,1,wblock,1024,2,5,0.336164,73879
caas-1node,mpi,20000000,16,1,wblock,1024,2,6,0.333510,69476
caas-1node,mpi,20000000,16,1,wblock,1024,2,7,0.330954,65863
caas-1node,mpi,20000000,16,1,wblock,1024,2,8,0.328377,62702
caas-1node,mpi,20000000,16,1,wblock,1024,2,9,0.326731,60289
caas-1node,mpi,20000000,16,1,wblock,1024,2,10,0.324843,57964
caas-1node,mpi,20000000,16,1,wblock,1024,2,11,0.323361,56076
caas-1node,mpi,20000000,16,1,wblock,1024,2,12,0.322602,54461
caas-1node,mpi,20000000,16,1,wblock,1024,2,13,0.321000,52830
caas-1node,mpi,20000000,16,1,wblock,1024,2,14,0.319699,51366
caas-1node,mpi,20000000,16,1,wblock,1024,2,15,0.318592,50169
caas-1node,mpi,20000000,16,1,wblock,1024,3,0,0.394726,226817
caas-1node,mpi,20000000,16,1,wblock,1024,3,1,0.362119,121696
caas-1node,mpi,20000000,16,1,wblock,1024,3,2,0.351082,99547
caas-1node,mpi,20000000,16,1,wblock,1024,3,3,0.344825,87761
caas-1node,mpi,20000000,16,1,wblock,1024,3,4,0.339861,79711
caas-1node,mpi,20000000,16,1,wblock,1024,3,5,0.336291,73879
caas-1node,mpi,20000000,16,1,wblock,1024,3,6,0.333339,69476
caas-1node,mpi,20000000,16,1,wblock,1024,3,7,0.331192,65863
caas-1node,mpi,20000000,16,1,wblock,1024,3,8,0.328584,62702
caas-1node,mpi,20000000,16,1,wblock,1024,3,9,0.326822,60289
caas-1node,mpi,20000000,16,1,wblock,1024,3,10,0.324800,57964
caas-1node,mpi,20000000,16,1,wblock,1024,3,11,0.323484,56076
caas-1node,mpi,20000000,16,1,wblock,1024,3,12,0.323071,54461
caas-1node,mpi,20000000,16,1,wblock,1024,3,13,0.320897,52830
caas-1node,mpi,20000000,16,1,wblock,1024,3,14,0.319600,51366
caas-1node,mpi,20000000,16,1,wblock,1024,3,15,0.318803,50169
caas-1node,mpi_sieve,500000000,16,1,block,1024,1,0,0.047223,1930397
caas-1node,mpi_sieve,500000000,16,1,block,1024,1,1,0.047616,1771090
caas-1node,mpi_sieve,500000000,16,1,block,1024,1,2,0.047962,1719996
caas-1node,mpi_sieve,500000000,16,1,block,1024,1,3,0.048928,1688659
caas-1node,mpi_sieve,500000000,16,1,block,1024,1,4,0.049380,1665739
caas-1node,mpi_sieve,500000000,16,1,block,1024,1,5,0.048802,1648526
caas-1node,mpi_sieve,500000000,16,1,block,1024,1,6,0.049751,1633062
caas-1node,mpi_sieve,500000000,16,1,block,1024,1,7,0.049552,1621849
caas-1node,mpi_sieve,500000000,16,1,block,1024,1,8,0.050893,1611073
caas-1node,mpi_sieve,500000000,16,1,block,1024,1,9,0.050858,1601881
caas-1node,mpi_sieve,500000000,16,1,block,1024,1,10,0.051390,1593407
caas-1node,mpi_sieve,500000000,16,1,block,1024,1,11,0.051579,1586075
caas-1node,mpi_sieve,500000000,16,1,block,1024,1,12,0.050708,1579997
caas-1node,mpi_sieve,500000000,16,1,block,1024,1,13,0.051721,1573231
caas-1node,mpi_sieve,500000000,16,1,block,1024,1,14,0.049913,1568287
caas-1node,mpi_sieve,500000000,16,1,block,1024,1,15,0.052021,1562598
caas-1node,mpi_sieve,500000000,16,1,block,1024,2,0,0.046456,1930397
caas-1node,mpi_sieve,500000000,16,1,block,1024,2,1,0.047348,1771090
caas-1node,mpi_sieve,500000000,16,1,block,1024,2,2,0.047228,1719996
caas-1node,mpi_sieve,500000000,16,1,block,1024,2,3,0.047944,1688659
caas-1node,mpi_sieve,500000000,16,1,block,1024,2,4,0.048937,1665739
caas-1node,mpi_sieve,500000000,16,1,block,1024,2,5,0.049670,1648526
caas-1node,mpi_sieve,500000000,16,1,block,1024,2,6,0.050121,1633062
caas-1node,mpi_sieve,500000000,16,1,block,1024,2,7,0.049182,1621849
caas-1node,mpi_sieve,500000000,16,1,block,1024,2,8,0.050763,1611073
caas-1node,mpi_sieve,500000000,16,1,block,1024,2,9,0.050995,1601881
caas-1node,mpi_sieve,500000000,16,1,block,1024,2,10,0.049704,1593407
caas-1node,mpi_sieve,500000000,16,1,block,1024,2,11,0.051654,1586075
caas-1node,mpi_sieve,500000000,16,1,block,1024,2,12,0.051911,1579997
caas-1node,mpi_sieve,500000000,16,1,block,1024,2,13,0.052044,1573231
caas-1node,mpi_sieve,500000000,16,1,block,1024,2,14,0.050247,1568287
caas-1node,mpi_sieve,500000000,16,1,block,1024,2,15,0.052346,1562598
caas-1node,mpi_sieve,500000000,16,1,block,1024,3,0,0.047583,1930397
caas-1node,mpi_sieve,500000000,16,1,block,1024,3,1,0.048190,1771090
caas-1node,mpi_sieve,500000000,16,1,block,1024,3,2,0.048910,1719996
caas-1node,mpi_sieve,500000000,16,1,block,1024,3,3,0.049205,1688659
caas-1node,mpi_sieve,500000000,16,1,block,1024,3,4,0.049363,1665739
caas-1node,mpi_sieve,500000000,16,1,block,1024,3,5,0.051138,1648526
caas-1node,mpi_sieve,500000000,16,1,block,1024,3,6,0.050610,1633062
caas-1node,mpi_sieve,500000000,16,1,block,1024,3,7,0.051419,1621849
caas-1node,mpi_sieve,500000000,16,1,block,1024,3,8,0.051509,1611073
caas-1node,mpi_sieve,500000000,16,1,block,1024,3,9,0.051724,1601881
caas-1node,mpi_sieve,500000000,16,1,block,1024,3,10,0.051885,1593407
caas-1node,mpi_sieve,500000000,16,1,block,1024,3,11,0.052038,1586075
caas-1node,mpi_sieve,500000000,16,1,block,1024,3,12,0.051361,1579997
caas-1node,mpi_sieve,500000000,16,1,block,1024,3,13,0.050671,1573231
caas-1node,mpi_sieve,500000000,16,1,block,1024,3,14,0.051729,1568287
caas-1node,mpi_sieve,500000000,16,1,block,1024,3,15,0.051740,1562598
