site,impl,n,procs,threads,dist,chunk,sched,sched_chunk,run,total,bcast,comp_max,comp_min,comp_avg,gather,merge,write,count,wall
ryzen7535hs,serial,200000,1,1,-,0,-,0,1,0.018816,,0.011319,,,,,,17984,
ryzen7535hs,pthread,200000,1,8,-,0,-,0,1,0.015013,,0.006452,,,,,,17984,
ryzen7535hs,openmp,200000,1,8,-,0,static,1,1,0.029075,,0.015489,,,,,,17984,
ryzen7535hs,mpi,200000,8,1,blockcyclic,1024,-,0,1,0.005081,0.000007,0.002641,0.001402,0.001984,0.000663,0.000673,0.001096,17984,
ryzen7535hs,hybrid,200000,4,2,blockcyclic,1024,dynamic,64,1,0.017286,0.000010,0.012562,0.005194,0.008079,0.010033,0.000738,0.001312,17984,
ryzen7535hs,serial,200000,1,1,-,0,-,0,2,0.019083,,0.011456,,,,,,17984,
ryzen7535hs,pthread,200000,1,8,-,0,-,0,2,0.014050,,0.006301,,,,,,17984,
ryzen7535hs,openmp,200000,1,8,-,0,static,1,2,0.026125,,0.016417,,,,,,17984,
ryzen7535hs,mpi,200000,8,1,blockcyclic,1024,-,0,2,0.013851,0.000007,0.003434,0.001444,0.001976,0.010739,0.000484,0.000981,17984,
ryzen7535hs,hybrid,200000,4,2,blockcyclic,1024,dynamic,64,2,0.012763,0.000010,0.010371,0.004078,0.006295,0.006711,0.000502,0.001461,17984,
ryzen7535hs,serial,200000,1,1,-,0,-,0,3,0.020034,,0.011507,,,,,,17984,
ryzen7535hs,pthread,200000,1,8,-,0,-,0,3,0.014484,,0.006517,,,,,,17984,
ryzen7535hs,openmp,200000,1,8,-,0,static,1,3,0.036328,,0.020967,,,,,,17984,
ryzen7535hs,mpi,200000,8,1,blockcyclic,1024,-,0,3,0.014397,0.000008,0.011658,0.001953,0.004430,0.009852,0.000707,0.001385,17984,
ryzen7535hs,hybrid,200000,4,2,blockcyclic,1024,dynamic,64,3,0.011880,0.000015,0.009614,0.005129,0.006615,0.003528,0.000533,0.001364,17984,
ryzen7535hs,serial,400000,1,1,-,0,-,0,1,0.041218,,0.031323,,,,,,33860,
ryzen7535hs,pthread,400000,1,8,-,0,-,0,1,0.026175,,0.016011,,,,,,33860,
ryzen7535hs,openmp,400000,1,8,-,0,static,1,1,0.029427,,0.016899,,,,,,33860,
ryzen7535hs,mpi,400000,8,1,blockcyclic,1024,-,0,1,0.022161,0.000013,0.013906,0.003753,0.006453,0.014710,0.001040,0.002461,33860,
ryzen7535hs,hybrid,400000,4,2,blockcyclic,1024,dynamic,64,1,0.022426,0.000012,0.018893,0.010577,0.014935,0.008828,0.000791,0.002217,33860,
ryzen7535hs,serial,400000,1,1,-,0,-,0,2,0.039324,,0.030389,,,,,,33860,
ryzen7535hs,pthread,400000,1,8,-,0,-,0,2,0.029555,,0.019160,,,,,,33860,
ryzen7535hs,openmp,400000,1,8,-,0,static,1,2,0.040756,,0.025184,,,,,,33860,
ryzen7535hs,mpi,400000,8,1,blockcyclic,1024,-,0,2,0.017025,0.000007,0.012632,0.005966,0.007384,0.006701,0.001102,0.002441,33860,
ryzen7535hs,hybrid,400000,4,2,blockcyclic,1024,dynamic,64,2,0.021791,0.000009,0.018176,0.007793,0.011422,0.000525,0.000761,0.002321,33860,
ryzen7535hs,serial,400000,1,1,-,0,-,0,3,0.043993,,0.031349,,,,,,33860,
ryzen7535hs,pthread,400000,1,8,-,0,-,0,3,0.021789,,0.011598,,,,,,33860,
ryzen7535hs,openmp,400000,1,8,-,0,static,1,3,0.024156,,0.011505,,,,,,33860,
ryzen7535hs,mpi,400000,8,1,blockcyclic,1024,-,0,3,0.017340,0.000007,0.009153,0.003813,0.007227,0.005775,0.000917,0.001952,33860,
ryzen7535hs,hybrid,400000,4,2,blockcyclic,1024,dynamic,64,3,0.023816,0.000010,0.020396,0.010240,0.013663,0.008501,0.000804,0.002124,33860,
ryzen7535hs,serial,600000,1,1,-,0,-,0,1,0.063483,,0.052567,,,,,,49098,
ryzen7535hs,pthread,600000,1,8,-,0,-,0,1,0.032533,,0.020942,,,,,,49098,
ryzen7535hs,openmp,600000,1,8,-,0,static,1,1,0.037333,,0.021886,,,,,,49098,
ryzen7535hs,mpi,600000,8,1,blockcyclic,1024,-,0,1,0.030745,0.000013,0.025247,0.011775,0.016266,0.012310,0.001248,0.002471,49098,
ryzen7535hs,hybrid,600000,4,2,blockcyclic,1024,dynamic,64,1,0.035015,0.000010,0.029862,0.013927,0.022246,0.001019,0.001612,0.002512,49098,
ryzen7535hs,serial,600000,1,1,-,0,-,0,2,0.063583,,0.052190,,,,,,49098,
ryzen7535hs,pthread,600000,1,8,-,0,-,0,2,0.043053,,0.030173,,,,,,49098,
ryzen7535hs,openmp,600000,1,8,-,0,static,1,2,0.042434,,0.025295,,,,,,49098,
ryzen7535hs,mpi,600000,8,1,blockcyclic,1024,-,0,2,0.025789,0.000010,0.016128,0.007775,0.012293,0.010231,0.001212,0.002832,49098,
ryzen7535hs,hybrid,600000,4,2,blockcyclic,1024,dynamic,64,2,0.034533,0.000012,0.028414,0.012393,0.023655,0.002391,0.001461,0.003588,49098,
ryzen7535hs,serial,600000,1,1,-,0,-,0,3,0.045387,,0.036699,,,,,,49098,
ryzen7535hs,pthread,600000,1,8,-,0,-,0,3,0.019442,,0.010819,,,,,,49098,
ryzen7535hs,openmp,600000,1,8,-,0,static,1,3,0.031524,,0.018222,,,,,,49098,
ryzen7535hs,mpi,600000,8,1,blockcyclic,1024,-,0,3,0.042868,0.000007,0.020934,0.006503,0.012965,0.022998,0.001896,0.006342,49098,
ryzen7535hs,hybrid,600000,4,2,blockcyclic,1024,dynamic,64,3,0.024237,0.000008,0.018832,0.016725,0.017644,0.002872,0.001338,0.003295,49098,
ryzen7535hs,serial,800000,1,1,-,0,-,0,1,0.100928,,0.088509,,,,,,63951,
ryzen7535hs,pthread,800000,1,8,-,0,-,0,1,0.042822,,0.029011,,,,,,63951,
ryzen7535hs,openmp,800000,1,8,-,0,static,1,1,0.055658,,0.038008,,,,,,63951,
ryzen7535hs,mpi,800000,8,1,blockcyclic,1024,-,0,1,0.038987,0.000008,0.024266,0.009814,0.017667,0.015495,0.001981,0.003362,63951,
ryzen7535hs,hybrid,800000,4,2,blockcyclic,1024,dynamic,64,1,0.031873,0.000013,0.026586,0.013379,0.020066,0.014104,0.001158,0.003219,63951,
ryzen7535hs,serial,800000,1,1,-,0,-,0,2,0.092346,,0.079681,,,,,,63951,
ryzen7535hs,pthread,800000,1,8,-,0,-,0,2,0.051209,,0.037233,,,,,,63951,
ryzen7535hs,openmp,800000,1,8,-,0,static,1,2,0.048254,,0.029971,,,,,,63951,
ryzen7535hs,mpi,800000,8,1,blockcyclic,1024,-,0,2,0.039507,0.000018,0.024401,0.013215,0.017610,0.017486,0.001308,0.004776,63951,
ryzen7535hs,hybrid,800000,4,2,blockcyclic,1024,dynamic,64,2,0.031725,0.000008,0.025712,0.017466,0.021444,0.009134,0.001256,0.003860,63951,
ryzen7535hs,serial,800000,1,1,-,0,-,0,3,0.091111,,0.078403,,,,,,63951,
ryzen7535hs,pthread,800000,1,8,-,0,-,0,3,0.049225,,0.034763,,,,,,63951,
ryzen7535hs,openmp,800000,1,8,-,0,static,1,3,0.056643,,0.035444,,,,,,63951,
ryzen7535hs,mpi,800000,8,1,blockcyclic,1024,-,0,3,0.037726,0.000008,0.028162,0.017066,0.020444,0.013922,0.001928,0.004189,63951,
ryzen7535hs,hybrid,800000,4,2,blockcyclic,1024,dynamic,64,3,0.048518,0.000010,0.042423,0.025004,0.034842,0.018236,0.001436,0.003833,63951,
ryzen7535hs,serial,1000000,1,1,-,0,-,0,1,0.119391,,0.105833,,,,,,78498,
ryzen7535hs,pthread,1000000,1,8,-,0,-,0,1,0.058415,,0.041982,,,,,,78498,
ryzen7535hs,openmp,1000000,1,8,-,0,static,1,1,0.071973,,0.050349,,,,,,78498,
ryzen7535hs,mpi,1000000,8,1,blockcyclic,1024,-,0,1,0.038715,0.000010,0.027728,0.022944,0.025175,0.003569,0.003187,0.005800,78498,
ryzen7535hs,hybrid,1000000,4,2,blockcyclic,1024,dynamic,64,1,0.031915,0.000008,0.025458,0.019331,0.023321,0.001049,0.001752,0.003647,78498,
ryzen7535hs,serial,1000000,1,1,-,0,-,0,2,0.119143,,0.105667,,,,,,78498,
ryzen7535hs,pthread,1000000,1,8,-,0,-,0,2,0.053276,,0.037309,,,,,,78498,
ryzen7535hs,openmp,1000000,1,8,-,0,static,1,2,0.068145,,0.046726,,,,,,78498,
ryzen7535hs,mpi,1000000,8,1,blockcyclic,1024,-,0,2,0.045902,0.000007,0.032956,0.017667,0.025614,0.006173,0.001817,0.004949,78498,
ryzen7535hs,hybrid,1000000,4,2,blockcyclic,1024,dynamic,64,2,0.049491,0.000010,0.042212,0.028742,0.036445,0.006718,0.001886,0.004339,78498,
ryzen7535hs,serial,1000000,1,1,-,0,-,0,3,0.120006,,0.106533,,,,,,78498,
ryzen7535hs,pthread,1000000,1,8,-,0,-,0,3,0.051998,,0.035941,,,,,,78498,
ryzen7535hs,openmp,1000000,1,8,-,0,static,1,3,0.068262,,0.045921,,,,,,78498,
ryzen7535hs,mpi,1000000,8,1,blockcyclic,1024,-,0,3,0.037424,0.000007,0.025952,0.021626,0.024040,0.004895,0.002332,0.004238,78498,
ryzen7535hs,hybrid,1000000,4,2,blockcyclic,1024,dynamic,64,3,0.065704,0.000010,0.058118,0.034806,0.051098,0.024381,0.001787,0.004719,78498,
ryzen7535hs,serial,1500000,1,1,-,0,-,0,1,0.212026,,0.192758,,,,,,114155,
ryzen7535hs,pthread,1500000,1,8,-,0,-,0,1,0.085406,,0.065211,,,,,,114155,
ryzen7535hs,openmp,1500000,1,8,-,0,static,1,1,0.076405,,0.054291,,,,,,114155,
ryzen7535hs,mpi,1500000,8,1,blockcyclic,1024,-,0,1,0.061981,0.000018,0.044649,0.041806,0.043117,0.007166,0.003653,0.008322,114155,
ryzen7535hs,hybrid,1500000,4,2,blockcyclic,1024,dynamic,64,1,0.088159,0.000010,0.075697,0.055908,0.066604,0.001754,0.002573,0.008125,114155,
ryzen7535hs,serial,1500000,1,1,-,0,-,0,2,0.207716,,0.189542,,,,,,114155,
ryzen7535hs,pthread,1500000,1,8,-,0,-,0,2,0.092614,,0.070620,,,,,,114155,
ryzen7535hs,openmp,1500000,1,8,-,0,static,1,2,0.094403,,0.071101,,,,,,114155,
ryzen7535hs,mpi,1500000,8,1,blockcyclic,1024,-,0,2,0.072579,0.000007,0.058720,0.034982,0.046161,0.018057,0.002593,0.005067,114155,
ryzen7535hs,hybrid,1500000,4,2,blockcyclic,1024,dynamic,64,2,0.072702,0.000011,0.063377,0.056211,0.059871,0.007023,0.002173,0.005697,114155,
ryzen7535hs,serial,1500000,1,1,-,0,-,0,3,0.208190,,0.190706,,,,,,114155,
ryzen7535hs,pthread,1500000,1,8,-,0,-,0,3,0.083743,,0.063172,,,,,,114155,
ryzen7535hs,openmp,1500000,1,8,-,0,static,1,3,0.087346,,0.063235,,,,,,114155,
ryzen7535hs,mpi,1500000,8,1,blockcyclic,1024,-,0,3,0.066155,0.000008,0.045775,0.037476,0.042716,0.016988,0.002982,0.005515,114155,
ryzen7535hs,hybrid,1500000,4,2,blockcyclic,1024,dynamic,64,3,0.068726,0.000010,0.058881,0.049835,0.055346,0.001487,0.002334,0.006013,114155,
ryzen7535hs,serial,2000000,1,1,-,0,-,0,1,0.300204,,0.278579,,,,,,148933,
ryzen7535hs,pthread,2000000,1,8,-,0,-,0,1,0.124009,,0.098926,,,,,,148933,
ryzen7535hs,openmp,2000000,1,8,-,0,static,1,1,0.098790,,0.072671,,,,,,148933,
ryzen7535hs,mpi,2000000,8,1,blockcyclic,1024,-,0,1,0.091243,0.000012,0.075784,0.064593,0.071848,0.010105,0.003386,0.007190,148933,
ryzen7535hs,hybrid,2000000,4,2,blockcyclic,1024,dynamic,64,1,0.104328,0.000011,0.093316,0.076950,0.087332,0.001902,0.002585,0.006515,148933,
ryzen7535hs,serial,2000000,1,1,-,0,-,0,2,0.307167,,0.285148,,,,,,148933,
ryzen7535hs,pthread,2000000,1,8,-,0,-,0,2,0.131640,,0.103183,,,,,,148933,
ryzen7535hs,openmp,2000000,1,8,-,0,static,1,2,0.096488,,0.069221,,,,,,148933,
ryzen7535hs,mpi,2000000,8,1,blockcyclic,1024,-,0,2,0.090998,0.000010,0.075896,0.049854,0.059726,0.023666,0.003960,0.008020,148933,
ryzen7535hs,hybrid,2000000,4,2,blockcyclic,1024,dynamic,64,2,0.114690,0.000014,0.098588,0.052162,0.074998,0.002195,0.003938,0.009955,148933,
ryzen7535hs,serial,2000000,1,1,-,0,-,0,3,0.304466,,0.282048,,,,,,148933,
ryzen7535hs,pthread,2000000,1,8,-,0,-,0,3,0.126185,,0.101915,,,,,,148933,
ryzen7535hs,openmp,2000000,1,8,-,0,static,1,3,0.112267,,0.082212,,,,,,148933,
ryzen7535hs,mpi,2000000,8,1,blockcyclic,1024,-,0,3,0.072407,0.000006,0.060624,0.048335,0.055505,0.011082,0.002378,0.007611,148933,
ryzen7535hs,hybrid,2000000,4,2,blockcyclic,1024,dynamic,64,3,0.108784,0.000010,0.095661,0.070688,0.086902,0.005099,0.003726,0.007027,148933,
ryzen7535hs,serial,2500000,1,1,-,0,-,0,1,0.435634,,0.395178,,,,,,183072,
ryzen7535hs,pthread,2500000,1,8,-,0,-,0,1,0.130644,,0.098654,,,,,,183072,
ryzen7535hs,openmp,2500000,1,8,-,0,static,1,1,0.143045,,0.111098,,,,,,183072,
ryzen7535hs,mpi,2500000,8,1,blockcyclic,1024,-,0,1,0.103576,0.000011,0.084809,0.070151,0.078280,0.009918,0.005177,0.010340,183072,
ryzen7535hs,hybrid,2500000,4,2,blockcyclic,1024,dynamic,64,1,0.137819,0.000009,0.123131,0.080778,0.110378,0.044721,0.004315,0.007996,183072,
ryzen7535hs,serial,2500000,1,1,-,0,-,0,2,0.410390,,0.384197,,,,,,183072,
ryzen7535hs,pthread,2500000,1,8,-,0,-,0,2,0.160330,,0.130243,,,,,,183072,
ryzen7535hs,openmp,2500000,1,8,-,0,static,1,2,0.124480,,0.093388,,,,,,183072,
ryzen7535hs,mpi,2500000,8,1,blockcyclic,1024,-,0,2,0.104797,0.000008,0.089255,0.069591,0.081030,0.009404,0.003508,0.009698,183072,
ryzen7535hs,hybrid,2500000,4,2,blockcyclic,1024,dynamic,64,2,0.130575,0.000009,0.117523,0.104099,0.109318,0.001954,0.003098,0.007991,183072,
ryzen7535hs,serial,2500000,1,1,-,0,-,0,3,0.408636,,0.383830,,,,,,183072,
ryzen7535hs,pthread,2500000,1,8,-,0,-,0,3,0.144632,,0.115180,,,,,,183072,
ryzen7535hs,openmp,2500000,1,8,-,0,static,1,3,0.122868,,0.091711,,,,,,183072,
ryzen7535hs,mpi,2500000,8,1,blockcyclic,1024,-,0,3,0.113195,0.000007,0.098085,0.074130,0.083660,0.026086,0.003407,0.009565,183072,
ryzen7535hs,hybrid,2500000,4,2,blockcyclic,1024,dynamic,64,3,0.115323,0.000010,0.100278,0.090636,0.094066,0.011729,0.004115,0.008461,183072,
ryzen7535hs,serial,3000000,1,1,-,0,-,0,1,0.527311,,0.497315,,,,,,216816,
ryzen7535hs,pthread,3000000,1,8,-,0,-,0,1,0.173457,,0.139188,,,,,,216816,
ryzen7535hs,openmp,3000000,1,8,-,0,static,1,1,0.159123,,0.124904,,,,,,216816,
ryzen7535hs,mpi,3000000,8,1,blockcyclic,1024,-,0,1,0.220218,0.000017,0.185950,0.074392,0.120762,0.012872,0.006054,0.015774,216816,
ryzen7535hs,hybrid,3000000,4,2,blockcyclic,1024,dynamic,64,1,0.152038,0.000010,0.135841,0.116189,0.125993,0.017683,0.004205,0.008991,216816,
ryzen7535hs,serial,3000000,1,1,-,0,-,0,2,0.532190,,0.502563,,,,,,216816,
ryzen7535hs,pthread,3000000,1,8,-,0,-,0,2,0.173537,,0.140146,,,,,,216816,
ryzen7535hs,openmp,3000000,1,8,-,0,static,1,2,0.157364,,0.123103,,,,,,216816,
ryzen7535hs,mpi,3000000,8,1,blockcyclic,1024,-,0,2,0.123608,0.000013,0.106299,0.082341,0.094022,0.010632,0.004040,0.010498,216816,
ryzen7535hs,hybrid,3000000,4,2,blockcyclic,1024,dynamic,64,2,0.142970,0.000010,0.120397,0.093140,0.108215,0.012396,0.004662,0.012991,216816,
ryzen7535hs,serial,3000000,1,1,-,0,-,0,3,0.527774,,0.498936,,,,,,216816,
ryzen7535hs,pthread,3000000,1,8,-,0,-,0,3,0.171813,,0.135832,,,,,,216816,
ryzen7535hs,openmp,3000000,1,8,-,0,static,1,3,0.162592,,0.126420,,,,,,216816,
ryzen7535hs,mpi,3000000,8,1,blockcyclic,1024,-,0,3,0.146291,0.000008,0.120780,0.090639,0.105025,0.022902,0.007742,0.012055,216816,
ryzen7535hs,hybrid,3000000,4,2,blockcyclic,1024,dynamic,64,3,0.128437,0.000010,0.113168,0.109634,0.111369,0.006246,0.003514,0.009033,216816,
ryzen7535hs,serial,3500000,1,1,-,0,-,0,1,0.666726,,0.635972,,,,,,250150,
ryzen7535hs,pthread,3500000,1,8,-,0,-,0,1,0.191256,,0.151534,,,,,,250150,
ryzen7535hs,openmp,3500000,1,8,-,0,static,1,1,0.190927,,0.153480,,,,,,250150,
ryzen7535hs,mpi,3500000,8,1,blockcyclic,1024,-,0,1,0.162052,0.000018,0.136188,0.116928,0.128152,0.009293,0.005534,0.011018,250150,
ryzen7535hs,hybrid,3500000,4,2,blockcyclic,1024,dynamic,64,1,0.178704,0.000009,0.160423,0.150067,0.155750,0.002895,0.004910,0.010468,250150,
ryzen7535hs,serial,3500000,1,1,-,0,-,0,2,0.653777,,0.620042,,,,,,250150,
ryzen7535hs,pthread,3500000,1,8,-,0,-,0,2,0.206997,,0.170041,,,,,,250150,
ryzen7535hs,openmp,3500000,1,8,-,0,static,1,2,0.183791,,0.145479,,,,,,250150,
ryzen7535hs,mpi,3500000,8,1,blockcyclic,1024,-,0,2,0.138080,0.000009,0.104410,0.090851,0.097583,0.029936,0.005732,0.011552,250150,
ryzen7535hs,hybrid,3500000,4,2,blockcyclic,1024,dynamic,64,2,0.243383,0.000012,0.195412,0.117995,0.148537,0.085449,0.015534,0.024393,250150,
ryzen7535hs,serial,3500000,1,1,-,0,-,0,3,0.816261,,0.738146,,,,,,250150,
ryzen7535hs,pthread,3500000,1,8,-,0,-,0,3,0.203831,,0.157495,,,,,,250150,
ryzen7535hs,openmp,3500000,1,8,-,0,static,1,3,0.235687,,0.152347,,,,,,250150,
ryzen7535hs,mpi,3500000,8,1,blockcyclic,1024,-,0,3,0.153194,0.000015,0.104596,0.091923,0.098066,0.017185,0.016829,0.022243,250150,
ryzen7535hs,hybrid,3500000,4,2,blockcyclic,1024,dynamic,64,3,0.189047,0.000012,0.158690,0.138807,0.149554,0.028806,0.006273,0.015150,250150,
ryzen7535hs,serial,4000000,1,1,-,0,-,0,1,0.919124,,0.841751,,,,,,283146,
ryzen7535hs,pthread,4000000,1,8,-,0,-,0,1,0.390103,,0.312158,,,,,,283146,
ryzen7535hs,openmp,4000000,1,8,-,0,static,1,1,0.305587,,0.239690,,,,,,283146,
ryzen7535hs,mpi,4000000,8,1,blockcyclic,1024,-,0,1,0.237231,0.000032,0.198228,0.159462,0.175022,0.033327,0.012203,0.016826,283146,
ryzen7535hs,hybrid,4000000,4,2,blockcyclic,1024,dynamic,64,1,0.200399,0.000012,0.172374,0.158924,0.166578,0.003872,0.008410,0.015732,283146,
ryzen7535hs,serial,4000000,1,1,-,0,-,0,2,0.812561,,0.764548,,,,,,283146,
ryzen7535hs,pthread,4000000,1,8,-,0,-,0,2,0.235162,,0.176878,,,,,,283146,
ryzen7535hs,openmp,4000000,1,8,-,0,static,1,2,0.228068,,0.178902,,,,,,283146,
ryzen7535hs,mpi,4000000,8,1,blockcyclic,1024,-,0,2,0.198728,0.000011,0.173650,0.119699,0.140768,0.055224,0.007307,0.014641,283146,
ryzen7535hs,hybrid,4000000,4,2,blockcyclic,1024,dynamic,64,2,0.193789,0.000010,0.164451,0.152040,0.156019,0.014699,0.005186,0.020532,283146,
ryzen7535hs,serial,4000000,1,1,-,0,-,0,3,0.842523,,0.799483,,,,,,283146,
ryzen7535hs,pthread,4000000,1,8,-,0,-,0,3,0.233603,,0.179149,,,,,,283146,
ryzen7535hs,openmp,4000000,1,8,-,0,static,1,3,0.243444,,0.196967,,,,,,283146,
ryzen7535hs,mpi,4000000,8,1,blockcyclic,1024,-,0,3,0.193989,0.000007,0.170317,0.114087,0.142640,0.003139,0.005848,0.014678,283146,
ryzen7535hs,hybrid,4000000,4,2,blockcyclic,1024,dynamic,64,3,0.176059,0.000013,0.154500,0.149110,0.151893,0.007529,0.004499,0.012629,283146,
ryzen7535hs,serial,4500000,1,1,-,0,-,0,1,0.942905,,0.896774,,,,,,315948,
ryzen7535hs,pthread,4500000,1,8,-,0,-,0,1,0.260819,,0.208925,,,,,,315948,
ryzen7535hs,openmp,4500000,1,8,-,0,static,1,1,0.345556,,0.271615,,,,,,315948,
ryzen7535hs,mpi,4500000,8,1,blockcyclic,1024,-,0,1,0.212548,0.000007,0.175947,0.148609,0.161854,0.006896,0.009045,0.020653,315948,
ryzen7535hs,hybrid,4500000,4,2,blockcyclic,1024,dynamic,64,1,0.216903,0.000012,0.191986,0.175475,0.187224,0.004135,0.005778,0.014992,315948,
ryzen7535hs,serial,4500000,1,1,-,0,-,0,2,0.932952,,0.890516,,,,,,315948,
ryzen7535hs,pthread,4500000,1,8,-,0,-,0,2,0.245061,,0.193111,,,,,,315948,
ryzen7535hs,openmp,4500000,1,8,-,0,static,1,2,0.242770,,0.191237,,,,,,315948,
ryzen7535hs,mpi,4500000,8,1,blockcyclic,1024,-,0,2,0.236663,0.000008,0.205506,0.154075,0.177237,0.041329,0.005225,0.013200,315948,
ryzen7535hs,hybrid,4500000,4,2,blockcyclic,1024,dynamic,64,2,0.242830,0.000012,0.210652,0.173544,0.189223,0.037800,0.007894,0.020084,315948,
ryzen7535hs,serial,4500000,1,1,-,0,-,0,3,0.970972,,0.929515,,,,,,315948,
ryzen7535hs,pthread,4500000,1,8,-,0,-,0,3,0.271975,,0.213918,,,,,,315948,
ryzen7535hs,openmp,4500000,1,8,-,0,static,1,3,0.253991,,0.206318,,,,,,315948,
ryzen7535hs,mpi,4500000,8,1,blockcyclic,1024,-,0,3,0.260513,0.000015,0.201904,0.151056,0.171123,0.018158,0.014217,0.026218,315948,
ryzen7535hs,hybrid,4500000,4,2,blockcyclic,1024,dynamic,64,3,0.212968,0.000011,0.190162,0.181684,0.184908,0.004005,0.005393,0.013396,315948,
ryzen7535hs,serial,5000000,1,1,-,0,-,0,1,1.071988,,1.029202,,,,,,348513,
ryzen7535hs,pthread,5000000,1,8,-,0,-,0,1,0.279198,,0.224820,,,,,,348513,
ryzen7535hs,openmp,5000000,1,8,-,0,static,1,1,0.292983,,0.243199,,,,,,348513,
ryzen7535hs,mpi,5000000,8,1,blockcyclic,1024,-,0,1,0.248634,0.000009,0.219212,0.179564,0.199318,0.018208,0.009645,0.015519,348513,
ryzen7535hs,hybrid,5000000,4,2,blockcyclic,1024,dynamic,64,1,0.251852,0.000011,0.223011,0.208974,0.215112,0.018310,0.006102,0.018455,348513,
ryzen7535hs,serial,5000000,1,1,-,0,-,0,2,1.054963,,1.012448,,,,,,348513,
ryzen7535hs,pthread,5000000,1,8,-,0,-,0,2,0.291937,,0.242999,,,,,,348513,
ryzen7535hs,openmp,5000000,1,8,-,0,static,1,2,0.313919,,0.263901,,,,,,348513,
ryzen7535hs,mpi,5000000,8,1,blockcyclic,1024,-,0,2,0.248944,0.000010,0.215680,0.182648,0.199082,0.031589,0.011791,0.016747,348513,
ryzen7535hs,hybrid,5000000,4,2,blockcyclic,1024,dynamic,64,2,0.265256,0.000014,0.229884,0.214985,0.219708,0.019613,0.007800,0.022844,348513,
ryzen7535hs,serial,5000000,1,1,-,0,-,0,3,1.082057,,1.036615,,,,,,348513,
ryzen7535hs,pthread,5000000,1,8,-,0,-,0,3,0.301496,,0.247599,,,,,,348513,
ryzen7535hs,openmp,5000000,1,8,-,0,static,1,3,0.322486,,0.259376,,,,,,348513,
ryzen7535hs,mpi,5000000,8,1,blockcyclic,1024,-,0,3,0.248425,0.000007,0.213321,0.174759,0.193455,0.004378,0.013217,0.017503,348513,
ryzen7535hs,hybrid,5000000,4,2,blockcyclic,1024,dynamic,64,3,0.286383,0.000013,0.261807,0.231494,0.241661,0.031157,0.006090,0.013973,348513,
ryzen7535hs,serial,5500000,1,1,-,0,-,0,1,1.213058,,1.165289,,,,,,380800,
ryzen7535hs,pthread,5500000,1,8,-,0,-,0,1,0.323174,,0.266643,,,,,,380800,
ryzen7535hs,openmp,5500000,1,8,-,0,static,1,1,0.319291,,0.259222,,,,,,380800,
ryzen7535hs,mpi,5500000,8,1,blockcyclic,1024,-,0,1,0.266909,0.000017,0.238602,0.200817,0.218638,0.027687,0.007026,0.017281,380800,
ryzen7535hs,hybrid,5500000,4,2,blockcyclic,1024,dynamic,64,1,0.271720,0.000010,0.242935,0.224341,0.231980,0.016348,0.005824,0.018905,380800,
ryzen7535hs,serial,5500000,1,1,-,0,-,0,2,1.221726,,1.168328,,,,,,380800,
ryzen7535hs,pthread,5500000,1,8,-,0,-,0,2,0.326006,,0.266425,,,,,,380800,
ryzen7535hs,openmp,5500000,1,8,-,0,static,1,2,0.328094,,0.269728,,,,,,380800,
ryzen7535hs,mpi,5500000,8,1,blockcyclic,1024,-,0,2,0.284488,0.000046,0.237505,0.210200,0.224480,0.015173,0.010957,0.023981,380800,
ryzen7535hs,hybrid,5500000,4,2,blockcyclic,1024,dynamic,64,2,0.254700,0.000012,0.226390,0.211954,0.220427,0.008503,0.007276,0.016081,380800,
ryzen7535hs,serial,5500000,1,1,-,0,-,0,3,1.244116,,1.181233,,,,,,380800,
ryzen7535hs,pthread,5500000,1,8,-,0,-,0,3,0.329151,,0.269939,,,,,,380800,
ryzen7535hs,openmp,5500000,1,8,-,0,static,1,3,0.303542,,0.246571,,,,,,380800,
ryzen7535hs,mpi,5500000,8,1,blockcyclic,1024,-,0,3,0.271550,0.000008,0.242289,0.195620,0.217260,0.050234,0.006330,0.017733,380800,
ryzen7535hs,hybrid,5500000,4,2,blockcyclic,1024,dynamic,64,3,0.273979,0.000011,0.246552,0.218613,0.229015,0.019117,0.007204,0.015790,380800,
ryzen7535hs,serial,6000000,1,1,-,0,-,0,1,1.361384,,1.311494,,,,,,412849,
ryzen7535hs,pthread,6000000,1,8,-,0,-,0,1,0.372736,,0.313337,,,,,,412849,
ryzen7535hs,openmp,6000000,1,8,-,0,static,1,1,0.334827,,0.278226,,,,,,412849,
ryzen7535hs,mpi,6000000,8,1,blockcyclic,1024,-,0,1,0.397849,0.000012,0.263082,0.236076,0.249190,0.040459,0.007017,0.111583,412849,
ryzen7535hs,hybrid,6000000,4,2,blockcyclic,1024,dynamic,64,1,0.288170,0.000009,0.260745,0.240563,0.254531,0.024627,0.006532,0.016439,412849,
ryzen7535hs,serial,6000000,1,1,-,0,-,0,2,1.355652,,1.307542,,,,,,412849,
ryzen7535hs,pthread,6000000,1,8,-,0,-,0,2,0.422029,,0.340216,,,,,,412849,
ryzen7535hs,openmp,6000000,1,8,-,0,static,1,2,0.370646,,0.311220,,,,,,412849,
ryzen7535hs,mpi,6000000,8,1,blockcyclic,1024,-,0,2,0.301994,0.000020,0.269696,0.233693,0.251795,0.037313,0.007134,0.017106,412849,
ryzen7535hs,hybrid,6000000,4,2,blockcyclic,1024,dynamic,64,2,0.334020,0.000010,0.303548,0.277007,0.290936,0.011182,0.007177,0.018044,412849,
ryzen7535hs,serial,6000000,1,1,-,0,-,0,3,1.354181,,1.302215,,,,,,412849,
ryzen7535hs,pthread,6000000,1,8,-,0,-,0,3,0.373377,,0.313183,,,,,,412849,
ryzen7535hs,openmp,6000000,1,8,-,0,static,1,3,0.369071,,0.302662,,,,,,412849,
ryzen7535hs,mpi,6000000,8,1,blockcyclic,1024,-,0,3,0.295966,0.000008,0.261176,0.230788,0.249824,0.038543,0.007377,0.019250,412849,
ryzen7535hs,hybrid,6000000,4,2,blockcyclic,1024,dynamic,64,3,0.311591,0.000009,0.283943,0.263522,0.272240,0.012008,0.006458,0.016864,412849,
ryzen7535hs,serial,6500000,1,1,-,0,-,0,1,1.514470,,1.462649,,,,,,444757,
ryzen7535hs,pthread,6500000,1,8,-,0,-,0,1,0.402942,,0.335168,,,,,,444757,
ryzen7535hs,openmp,6500000,1,8,-,0,static,1,1,0.409472,,0.340505,,,,,,444757,
ryzen7535hs,mpi,6500000,8,1,blockcyclic,1024,-,0,1,0.329612,0.000008,0.298134,0.248009,0.269671,0.050682,0.007621,0.019111,444757,
ryzen7535hs,hybrid,6500000,4,2,blockcyclic,1024,dynamic,64,1,0.381189,0.000018,0.346979,0.328451,0.340439,0.005581,0.007438,0.021171,444757,
ryzen7535hs,serial,6500000,1,1,-,0,-,0,2,1.520196,,1.461940,,,,,,444757,
ryzen7535hs,pthread,6500000,1,8,-,0,-,0,2,0.414408,,0.346148,,,,,,444757,
ryzen7535hs,openmp,6500000,1,8,-,0,static,1,2,0.406479,,0.341380,,,,,,444757,
ryzen7535hs,mpi,6500000,8,1,blockcyclic,1024,-,0,2,0.345587,0.000010,0.306275,0.244625,0.277303,0.020525,0.008148,0.022008,444757,
ryzen7535hs,hybrid,6500000,4,2,blockcyclic,1024,dynamic,64,2,0.345408,0.000011,0.314833,0.302175,0.308022,0.012402,0.007094,0.018658,444757,
ryzen7535hs,serial,6500000,1,1,-,0,-,0,3,1.513931,,1.462416,,,,,,444757,
ryzen7535hs,pthread,6500000,1,8,-,0,-,0,3,0.397048,,0.335538,,,,,,444757,
ryzen7535hs,openmp,6500000,1,8,-,0,static,1,3,0.379364,,0.318058,,,,,,444757,
ryzen7535hs,mpi,6500000,8,1,blockcyclic,1024,-,0,3,0.349792,0.000015,0.314397,0.262785,0.286404,0.005261,0.008066,0.022054,444757,
ryzen7535hs,hybrid,6500000,4,2,blockcyclic,1024,dynamic,64,3,0.348531,0.000011,0.317474,0.281433,0.302994,0.023693,0.007533,0.018198,444757,
ryzen7535hs,serial,7000000,1,1,-,0,-,0,1,1.718671,,1.658886,,,,,,476648,
ryzen7535hs,pthread,7000000,1,8,-,0,-,0,1,0.460541,,0.392620,,,,,,476648,
ryzen7535hs,openmp,7000000,1,8,-,0,static,1,1,0.427860,,0.356336,,,,,,476648,
ryzen7535hs,mpi,7000000,8,1,blockcyclic,1024,-,0,1,0.360102,0.000012,0.317989,0.280433,0.307533,0.019661,0.008148,0.023235,476648,
ryzen7535hs,hybrid,7000000,4,2,blockcyclic,1024,dynamic,64,1,0.367764,0.000010,0.334416,0.320547,0.326360,0.019038,0.007842,0.020326,476648,
ryzen7535hs,serial,7000000,1,1,-,0,-,0,2,1.701977,,1.641435,,,,,,476648,
ryzen7535hs,pthread,7000000,1,8,-,0,-,0,2,0.425061,,0.357146,,,,,,476648,
ryzen7535hs,openmp,7000000,1,8,-,0,static,1,2,0.428352,,0.358557,,,,,,476648,
ryzen7535hs,mpi,7000000,8,1,blockcyclic,1024,-,0,2,0.353783,0.000009,0.316058,0.298983,0.308915,0.015813,0.009519,0.022851,476648,
ryzen7535hs,hybrid,7000000,4,2,blockcyclic,1024,dynamic,64,2,0.361761,0.000011,0.329926,0.319659,0.323661,0.015530,0.007761,0.018800,476648,
ryzen7535hs,serial,7000000,1,1,-,0,-,0,3,1.686262,,1.625685,,,,,,476648,
ryzen7535hs,pthread,7000000,1,8,-,0,-,0,3,0.553288,,0.440367,,,,,,476648,
ryzen7535hs,openmp,7000000,1,8,-,0,static,1,3,0.430745,,0.362225,,,,,,476648,
ryzen7535hs,mpi,7000000,8,1,blockcyclic,1024,-,0,3,0.359777,0.000012,0.316103,0.287295,0.301434,0.041143,0.008618,0.022709,476648,
ryzen7535hs,hybrid,7000000,4,2,blockcyclic,1024,dynamic,64,3,0.376529,0.000010,0.340076,0.323916,0.334160,0.012234,0.011565,0.018985,476648,
ryzen7535hs,serial,7500000,1,1,-,0,-,0,1,1.851146,,1.793638,,,,,,508261,
ryzen7535hs,pthread,7500000,1,8,-,0,-,0,1,0.461769,,0.389987,,,,,,508261,
ryzen7535hs,openmp,7500000,1,8,-,0,static,1,1,0.463651,,0.395114,,,,,,508261,
ryzen7535hs,mpi,7500000,8,1,blockcyclic,1024,-,0,1,0.393846,0.000011,0.353348,0.307224,0.329149,0.050285,0.008984,0.025374,508261,
ryzen7535hs,hybrid,7500000,4,2,blockcyclic,1024,dynamic,64,1,0.432059,0.000012,0.398370,0.392250,0.395315,0.005974,0.007967,0.019736,508261,
ryzen7535hs,serial,7500000,1,1,-,0,-,0,2,1.846777,,1.786674,,,,,,508261,
ryzen7535hs,pthread,7500000,1,8,-,0,-,0,2,0.476089,,0.406289,,,,,,508261,
ryzen7535hs,openmp,7500000,1,8,-,0,static,1,2,0.608948,,0.492075,,,,,,508261,
ryzen7535hs,mpi,7500000,8,1,blockcyclic,1024,-,0,2,0.396274,0.000007,0.353679,0.314123,0.337860,0.005347,0.009070,0.028172,508261,
ryzen7535hs,hybrid,7500000,4,2,blockcyclic,1024,dynamic,64,2,0.392029,0.000015,0.358242,0.339674,0.347637,0.019533,0.008363,0.020005,508261,
ryzen7535hs,serial,7500000,1,1,-,0,-,0,3,1.851967,,1.791972,,,,,,508261,
ryzen7535hs,pthread,7500000,1,8,-,0,-,0,3,0.488743,,0.419313,,,,,,508261,
ryzen7535hs,openmp,7500000,1,8,-,0,static,1,3,0.462647,,0.390143,,,,,,508261,
ryzen7535hs,mpi,7500000,8,1,blockcyclic,1024,-,0,3,0.413255,0.000007,0.367607,0.302767,0.336883,0.044417,0.008103,0.023779,508261,
ryzen7535hs,hybrid,7500000,4,2,blockcyclic,1024,dynamic,64,3,0.413203,0.000011,0.377316,0.360652,0.369453,0.007612,0.008587,0.021115,508261,
ryzen7535hs,serial,8000000,1,1,-,0,-,0,1,2.024099,,1.961892,,,,,,539777,
ryzen7535hs,pthread,8000000,1,8,-,0,-,0,1,0.508430,,0.431829,,,,,,539777,
ryzen7535hs,openmp,8000000,1,8,-,0,static,1,1,0.597823,,0.471933,,,,,,539777,
ryzen7535hs,mpi,8000000,8,1,blockcyclic,1024,-,0,1,0.448621,0.000012,0.403063,0.313329,0.366820,0.048660,0.012300,0.026098,539777,
ryzen7535hs,hybrid,8000000,4,2,blockcyclic,1024,dynamic,64,1,0.456800,0.000012,0.419136,0.384938,0.397976,0.040604,0.008681,0.022565,539777,
ryzen7535hs,serial,8000000,1,1,-,0,-,0,2,2.041860,,1.979625,,,,,,539777,
ryzen7535hs,pthread,8000000,1,8,-,0,-,0,2,0.498887,,0.424683,,,,,,539777,
ryzen7535hs,openmp,8000000,1,8,-,0,static,1,2,0.516709,,0.438672,,,,,,539777,
ryzen7535hs,mpi,8000000,8,1,blockcyclic,1024,-,0,2,0.429179,0.000007,0.388947,0.350416,0.366490,0.038569,0.009338,0.024710,539777,
ryzen7535hs,hybrid,8000000,4,2,blockcyclic,1024,dynamic,64,2,0.421063,0.000010,0.385289,0.363335,0.373591,0.028035,0.008333,0.021350,539777,
ryzen7535hs,serial,8000000,1,1,-,0,-,0,3,2.025250,,1.959453,,,,,,539777,
ryzen7535hs,pthread,8000000,1,8,-,0,-,0,3,0.548369,,0.450385,,,,,,539777,
ryzen7535hs,openmp,8000000,1,8,-,0,static,1,3,0.507294,,0.432656,,,,,,539777,
ryzen7535hs,mpi,8000000,8,1,blockcyclic,1024,-,0,3,0.449836,0.000010,0.401568,0.343059,0.373616,0.028525,0.010047,0.031597,539777,
ryzen7535hs,hybrid,8000000,4,2,blockcyclic,1024,dynamic,64,3,0.433745,0.000010,0.397219,0.377951,0.387144,0.016379,0.009142,0.021896,539777,
ryzen7535hs,serial,8500000,1,1,-,0,-,0,1,2.196203,,2.130152,,,,,,571119,
ryzen7535hs,pthread,8500000,1,8,-,0,-,0,1,0.545690,,0.467044,,,,,,571119,
ryzen7535hs,openmp,8500000,1,8,-,0,static,1,1,0.544336,,0.463398,,,,,,571119,
ryzen7535hs,mpi,8500000,8,1,blockcyclic,1024,-,0,1,0.461997,0.000009,0.420411,0.372222,0.393630,0.026400,0.009535,0.025837,571119,
ryzen7535hs,hybrid,8500000,4,2,blockcyclic,1024,dynamic,64,1,0.477088,0.000069,0.438367,0.397658,0.422927,0.047520,0.009397,0.022445,571119,
ryzen7535hs,serial,8500000,1,1,-,0,-,0,2,2.250383,,2.188686,,,,,,571119,
ryzen7535hs,pthread,8500000,1,8,-,0,-,0,2,0.544788,,0.465955,,,,,,571119,
ryzen7535hs,openmp,8500000,1,8,-,0,static,1,2,0.522985,,0.444524,,,,,,571119,
ryzen7535hs,mpi,8500000,8,1,blockcyclic,1024,-,0,2,0.463393,0.000008,0.419776,0.373868,0.402745,0.010152,0.010324,0.027474,571119,
ryzen7535hs,hybrid,8500000,4,2,blockcyclic,1024,dynamic,64,2,0.469830,0.000009,0.430336,0.402145,0.421189,0.014227,0.009606,0.023286,571119,
ryzen7535hs,serial,8500000,1,1,-,0,-,0,3,2.210933,,2.139829,,,,,,571119,
ryzen7535hs,pthread,8500000,1,8,-,0,-,0,3,0.551886,,0.467247,,,,,,571119,
ryzen7535hs,openmp,8500000,1,8,-,0,static,1,3,0.559403,,0.477890,,,,,,571119,
ryzen7535hs,mpi,8500000,8,1,blockcyclic,1024,-,0,3,0.481590,0.000006,0.436212,0.366016,0.404890,0.032492,0.011311,0.026059,571119,
ryzen7535hs,hybrid,8500000,4,2,blockcyclic,1024,dynamic,64,3,0.465863,0.000011,0.427650,0.409449,0.419683,0.024181,0.008956,0.023267,571119,
ryzen7535hs,serial,9000000,1,1,-,0,-,0,1,2.464584,,2.382154,,,,,,602489,
ryzen7535hs,pthread,9000000,1,8,-,0,-,0,1,0.624852,,0.535619,,,,,,602489,
ryzen7535hs,openmp,9000000,1,8,-,0,static,1,1,0.556746,,0.472687,,,,,,602489,
ryzen7535hs,mpi,9000000,8,1,blockcyclic,1024,-,0,1,0.507037,0.000007,0.459861,0.430364,0.444113,0.007220,0.012081,0.027867,602489,
ryzen7535hs,hybrid,9000000,4,2,blockcyclic,1024,dynamic,64,1,0.502942,0.000010,0.462156,0.437423,0.450839,0.021172,0.009929,0.024323,602489,
ryzen7535hs,serial,9000000,1,1,-,0,-,0,2,2.378165,,2.307239,,,,,,602489,
ryzen7535hs,pthread,9000000,1,8,-,0,-,0,2,0.571177,,0.488616,,,,,,602489,
ryzen7535hs,openmp,9000000,1,8,-,0,static,1,2,0.584651,,0.502353,,,,,,602489,
ryzen7535hs,mpi,9000000,8,1,blockcyclic,1024,-,0,2,0.508511,0.000017,0.459116,0.410809,0.430646,0.063521,0.009547,0.024616,602489,
ryzen7535hs,hybrid,9000000,4,2,blockcyclic,1024,dynamic,64,2,0.539753,0.000015,0.499534,0.429784,0.473654,0.037369,0.009551,0.023562,602489,
ryzen7535hs,serial,9000000,1,1,-,0,-,0,3,2.422136,,2.348251,,,,,,602489,
ryzen7535hs,pthread,9000000,1,8,-,0,-,0,3,0.578261,,0.493712,,,,,,602489,
ryzen7535hs,openmp,9000000,1,8,-,0,static,1,3,0.569372,,0.487537,,,,,,602489,
ryzen7535hs,mpi,9000000,8,1,blockcyclic,1024,-,0,3,0.515163,0.000009,0.472240,0.406564,0.440526,0.021691,0.010586,0.026168,602489,
ryzen7535hs,hybrid,9000000,4,2,blockcyclic,1024,dynamic,64,3,0.509879,0.000011,0.467630,0.433892,0.454710,0.040527,0.010199,0.025251,602489,
ryzen7535hs,serial,9500000,1,1,-,0,-,0,1,2.558481,,2.489189,,,,,,633578,
ryzen7535hs,pthread,9500000,1,8,-,0,-,0,1,0.611130,,0.524099,,,,,,633578,
ryzen7535hs,openmp,9500000,1,8,-,0,static,1,1,0.712233,,0.626993,,,,,,633578,
ryzen7535hs,mpi,9500000,8,1,blockcyclic,1024,-,0,1,0.561236,0.000017,0.510724,0.444531,0.479889,0.053341,0.012568,0.030326,633578,
ryzen7535hs,hybrid,9500000,4,2,blockcyclic,1024,dynamic,64,1,0.567043,0.000009,0.524351,0.467866,0.501172,0.006691,0.010644,0.025348,633578,
ryzen7535hs,serial,9500000,1,1,-,0,-,0,2,2.576010,,2.500376,,,,,,633578,
ryzen7535hs,pthread,9500000,1,8,-,0,-,0,2,0.619882,,0.529083,,,,,,633578,
ryzen7535hs,openmp,9500000,1,8,-,0,static,1,2,0.623871,,0.533264,,,,,,633578,
ryzen7535hs,mpi,9500000,8,1,blockcyclic,1024,-,0,2,0.536939,0.000011,0.491454,0.442668,0.461767,0.011590,0.011537,0.026505,633578,
ryzen7535hs,hybrid,9500000,4,2,blockcyclic,1024,dynamic,64,2,0.551926,0.000011,0.510086,0.482759,0.494843,0.033971,0.010109,0.025075,633578,
ryzen7535hs,serial,9500000,1,1,-,0,-,0,3,2.625098,,2.548939,,,,,,633578,
ryzen7535hs,pthread,9500000,1,8,-,0,-,0,3,0.667124,,0.581036,,,,,,633578,
ryzen7535hs,openmp,9500000,1,8,-,0,static,1,3,0.628207,,0.533888,,,,,,633578,
ryzen7535hs,mpi,9500000,8,1,blockcyclic,1024,-,0,3,0.551139,0.000007,0.500275,0.448139,0.474855,0.056851,0.012019,0.031673,633578,
ryzen7535hs,hybrid,9500000,4,2,blockcyclic,1024,dynamic,64,3,0.524035,0.000011,0.481588,0.465179,0.474867,0.007597,0.010049,0.024791,633578,
ryzen7535hs,serial,10000000,1,1,-,0,-,0,1,2.937357,,2.848453,,,,,,664579,
ryzen7535hs,pthread,10000000,1,8,-,0,-,0,1,0.732460,,0.630482,,,,,,664579,
ryzen7535hs,openmp,10000000,1,8,-,0,static,1,1,0.721052,,0.607645,,,,,,664579,
ryzen7535hs,mpi,10000000,8,1,blockcyclic,1024,-,0,1,0.766826,0.000017,0.684975,0.595247,0.653049,0.022006,0.019666,0.044959,664579,
ryzen7535hs,hybrid,10000000,4,2,blockcyclic,1024,dynamic,64,1,0.662184,0.000100,0.609195,0.572528,0.595390,0.008778,0.012978,0.031132,664579,
ryzen7535hs,serial,10000000,1,1,-,0,-,0,2,2.808404,,2.720824,,,,,,664579,
ryzen7535hs,pthread,10000000,1,8,-,0,-,0,2,0.673506,,0.560168,,,,,,664579,
ryzen7535hs,openmp,10000000,1,8,-,0,static,1,2,0.691201,,0.594404,,,,,,664579,
ryzen7535hs,mpi,10000000,8,1,blockcyclic,1024,-,0,2,0.573999,0.000018,0.517365,0.472386,0.490960,0.050639,0.012281,0.033200,664579,
ryzen7535hs,hybrid,10000000,4,2,blockcyclic,1024,dynamic,64,2,0.712718,0.000012,0.615247,0.574897,0.594547,0.044073,0.024805,0.062868,664579,
ryzen7535hs,serial,10000000,1,1,-,0,-,0,3,3.051157,,2.963662,,,,,,664579,
ryzen7535hs,pthread,10000000,1,8,-,0,-,0,3,0.751131,,0.645807,,,,,,664579,
ryzen7535hs,openmp,10000000,1,8,-,0,static,1,3,0.708993,,0.607575,,,,,,664579,
ryzen7535hs,mpi,10000000,8,1,blockcyclic,1024,-,0,3,0.652185,0.000054,0.593588,0.547620,0.565191,0.054403,0.012091,0.038017,664579,
ryzen7535hs,hybrid,10000000,4,2,blockcyclic,1024,dynamic,64,3,0.618739,0.000011,0.554700,0.519458,0.535277,0.008067,0.012081,0.043880,664579,
ryzen7535hs,serial,11000000,1,1,-,0,-,0,1,3.280201,,3.177496,,,,,,726517,
ryzen7535hs,pthread,11000000,1,8,-,0,-,0,1,0.812021,,0.679521,,,,,,726517,
ryzen7535hs,openmp,11000000,1,8,-,0,static,1,1,0.860522,,0.753650,,,,,,726517,
ryzen7535hs,mpi,11000000,8,1,blockcyclic,1024,-,0,1,0.671110,0.000006,0.604547,0.549311,0.573006,0.062748,0.013422,0.045623,726517,
ryzen7535hs,hybrid,11000000,4,2,blockcyclic,1024,dynamic,64,1,0.715184,0.000013,0.632937,0.613216,0.619136,0.012602,0.025130,0.044502,726517,
ryzen7535hs,serial,11000000,1,1,-,0,-,0,2,3.300257,,3.202931,,,,,,726517,
ryzen7535hs,pthread,11000000,1,8,-,0,-,0,2,0.776189,,0.666618,,,,,,726517,
ryzen7535hs,openmp,11000000,1,8,-,0,static,1,2,0.941686,,0.828328,,,,,,726517,
ryzen7535hs,mpi,11000000,8,1,blockcyclic,1024,-,0,2,0.716653,0.000059,0.627497,0.587484,0.607262,0.040413,0.022108,0.056240,726517,
ryzen7535hs,hybrid,11000000,4,2,blockcyclic,1024,dynamic,64,2,0.672261,0.000012,0.621103,0.578090,0.606625,0.020840,0.012089,0.030019,726517,
ryzen7535hs,serial,11000000,1,1,-,0,-,0,3,3.268505,,3.186158,,,,,,726517,
ryzen7535hs,pthread,11000000,1,8,-,0,-,0,3,0.768320,,0.662475,,,,,,726517,
ryzen7535hs,openmp,11000000,1,8,-,0,static,1,3,0.778799,,0.673826,,,,,,726517,
ryzen7535hs,mpi,11000000,8,1,blockcyclic,1024,-,0,3,0.633193,0.000015,0.579421,0.504981,0.556928,0.082533,0.012553,0.033111,726517,
ryzen7535hs,hybrid,11000000,4,2,blockcyclic,1024,dynamic,64,3,0.717551,0.000011,0.663767,0.648839,0.653531,0.022842,0.012012,0.032998,726517,
ryzen7535hs,serial,12000000,1,1,-,0,-,0,1,3.671077,,3.588278,,,,,,788060,
ryzen7535hs,pthread,12000000,1,8,-,0,-,0,1,0.886617,,0.744007,,,,,,788060,
ryzen7535hs,openmp,12000000,1,8,-,0,static,1,1,0.807779,,0.700276,,,,,,788060,
ryzen7535hs,mpi,12000000,8,1,blockcyclic,1024,-,0,1,0.755717,0.000007,0.695723,0.569185,0.652749,0.135001,0.015198,0.036327,788060,
ryzen7535hs,hybrid,12000000,4,2,blockcyclic,1024,dynamic,64,1,0.756981,0.000011,0.703044,0.670391,0.685412,0.008820,0.013162,0.031944,788060,
ryzen7535hs,serial,12000000,1,1,-,0,-,0,2,3.744395,,3.644318,,,,,,788060,
ryzen7535hs,pthread,12000000,1,8,-,0,-,0,2,0.947846,,0.807619,,,,,,788060,
ryzen7535hs,openmp,12000000,1,8,-,0,static,1,2,0.939484,,0.794943,,,,,,788060,
ryzen7535hs,mpi,12000000,8,1,blockcyclic,1024,-,0,2,0.979488,0.000059,0.843222,0.789045,0.820085,0.053585,0.035442,0.081963,788060,
ryzen7535hs,hybrid,12000000,4,2,blockcyclic,1024,dynamic,64,2,0.792021,0.000011,0.735502,0.691496,0.709838,0.053965,0.014058,0.032489,788060,
ryzen7535hs,serial,12000000,1,1,-,0,-,0,3,3.656417,,3.557098,,,,,,788060,
ryzen7535hs,pthread,12000000,1,8,-,0,-,0,3,0.901653,,0.755022,,,,,,788060,
ryzen7535hs,openmp,12000000,1,8,-,0,static,1,3,0.884248,,0.775131,,,,,,788060,
ryzen7535hs,mpi,12000000,8,1,blockcyclic,1024,-,0,3,0.786165,0.000012,0.707733,0.597007,0.671048,0.032003,0.019444,0.048308,788060,
ryzen7535hs,hybrid,12000000,4,2,blockcyclic,1024,dynamic,64,3,0.768799,0.000012,0.710750,0.690974,0.697646,0.028667,0.014449,0.033542,788060,
ryzen7535hs,serial,13000000,1,1,-,0,-,0,1,4.060851,,3.948006,,,,,,849252,
ryzen7535hs,pthread,13000000,1,8,-,0,-,0,1,1.036664,,0.887319,,,,,,849252,
ryzen7535hs,openmp,13000000,1,8,-,0,static,1,1,0.930522,,0.811949,,,,,,849252,
ryzen7535hs,mpi,13000000,8,1,blockcyclic,1024,-,0,1,0.855283,0.000008,0.783737,0.697368,0.732942,0.009810,0.015824,0.045904,849252,
ryzen7535hs,hybrid,13000000,4,2,blockcyclic,1024,dynamic,64,1,0.855725,0.000012,0.793203,0.750907,0.770516,0.051904,0.014919,0.037982,849252,
ryzen7535hs,serial,13000000,1,1,-,0,-,0,2,4.018627,,3.917714,,,,,,849252,
ryzen7535hs,pthread,13000000,1,8,-,0,-,0,2,0.925107,,0.806453,,,,,,849252,
ryzen7535hs,openmp,13000000,1,8,-,0,static,1,2,0.955094,,0.832077,,,,,,849252,
ryzen7535hs,mpi,13000000,8,1,blockcyclic,1024,-,0,2,0.838889,0.000006,0.755148,0.716431,0.739588,0.047469,0.016790,0.045873,849252,
ryzen7535hs,hybrid,13000000,4,2,blockcyclic,1024,dynamic,64,2,0.849390,0.000011,0.788509,0.712860,0.758533,0.044924,0.014236,0.037956,849252,
ryzen7535hs,serial,13000000,1,1,-,0,-,0,3,4.036847,,3.937117,,,,,,849252,
ryzen7535hs,pthread,13000000,1,8,-,0,-,0,3,1.032396,,0.884418,,,,,,849252,
ryzen7535hs,openmp,13000000,1,8,-,0,static,1,3,1.029625,,0.895692,,,,,,849252,
ryzen7535hs,mpi,13000000,8,1,blockcyclic,1024,-,0,3,0.822312,0.000010,0.754739,0.702729,0.725224,0.017035,0.016740,0.039962,849252,
ryzen7535hs,hybrid,13000000,4,2,blockcyclic,1024,dynamic,64,3,1.093356,0.000011,1.021923,0.927804,0.965054,0.098872,0.015880,0.045079,849252,
ryzen7535hs,serial,14000000,1,1,-,0,-,0,1,4.485769,,4.389126,,,,,,910077,
ryzen7535hs,pthread,14000000,1,8,-,0,-,0,1,1.048192,,0.927363,,,,,,910077,
ryzen7535hs,openmp,14000000,1,8,-,0,static,1,1,1.048006,,0.918084,,,,,,910077,
ryzen7535hs,mpi,14000000,8,1,blockcyclic,1024,-,0,1,0.892229,0.000015,0.822651,0.715050,0.785596,0.056614,0.015960,0.039089,910077,
ryzen7535hs,hybrid,14000000,4,2,blockcyclic,1024,dynamic,64,1,1.019859,0.000011,0.956902,0.876277,0.928967,0.018554,0.015645,0.037283,910077,
ryzen7535hs,serial,14000000,1,1,-,0,-,0,2,4.523160,,4.404706,,,,,,910077,
ryzen7535hs,pthread,14000000,1,8,-,0,-,0,2,1.143312,,0.994735,,,,,,910077,
ryzen7535hs,openmp,14000000,1,8,-,0,static,1,2,1.078194,,0.938200,,,,,,910077,
ryzen7535hs,mpi,14000000,8,1,blockcyclic,1024,-,0,2,0.938014,0.000009,0.855541,0.798661,0.818121,0.074034,0.017005,0.046710,910077,
ryzen7535hs,hybrid,14000000,4,2,blockcyclic,1024,dynamic,64,2,1.086821,0.000010,0.979328,0.955644,0.966393,0.022063,0.019287,0.076714,910077,
ryzen7535hs,serial,14000000,1,1,-,0,-,0,3,4.478127,,4.373656,,,,,,910077,
ryzen7535hs,pthread,14000000,1,8,-,0,-,0,3,1.190491,,1.035120,,,,,,910077,
ryzen7535hs,openmp,14000000,1,8,-,0,static,1,3,1.096837,,0.958967,,,,,,910077,
ryzen7535hs,mpi,14000000,8,1,blockcyclic,1024,-,0,3,0.986063,0.000018,0.910082,0.840912,0.871361,0.022685,0.019195,0.046527,910077,
ryzen7535hs,hybrid,14000000,4,2,blockcyclic,1024,dynamic,64,3,1.059412,0.000010,0.936361,0.869879,0.914069,0.013562,0.039217,0.071993,910077,
ryzen7535hs,serial,15000000,1,1,-,0,-,0,1,5.000060,,4.879281,,,,,,970704,
ryzen7535hs,pthread,15000000,1,8,-,0,-,0,1,1.136232,,0.992270,,,,,,970704,
ryzen7535hs,openmp,15000000,1,8,-,0,static,1,1,1.145525,,0.999711,,,,,,970704,
ryzen7535hs,mpi,15000000,8,1,blockcyclic,1024,-,0,1,1.002332,0.000013,0.915409,0.856961,0.894827,0.053906,0.018017,0.042319,970704,
ryzen7535hs,hybrid,15000000,4,2,blockcyclic,1024,dynamic,64,1,1.087183,0.000010,1.013690,0.963632,0.985406,0.038747,0.017124,0.042912,970704,
ryzen7535hs,serial,15000000,1,1,-,0,-,0,2,4.943755,,4.826942,,,,,,970704,
ryzen7535hs,pthread,15000000,1,8,-,0,-,0,2,1.144783,,1.001715,,,,,,970704,
ryzen7535hs,openmp,15000000,1,8,-,0,static,1,2,1.134389,,0.996004,,,,,,970704,
ryzen7535hs,mpi,15000000,8,1,blockcyclic,1024,-,0,2,1.059066,0.000019,0.943208,0.851115,0.897431,0.064285,0.022416,0.077395,970704,
ryzen7535hs,hybrid,15000000,4,2,blockcyclic,1024,dynamic,64,2,0.986951,0.000011,0.922711,0.904935,0.912803,0.016269,0.015289,0.039254,970704,
ryzen7535hs,serial,15000000,1,1,-,0,-,0,3,4.963120,,4.847338,,,,,,970704,
ryzen7535hs,pthread,15000000,1,8,-,0,-,0,3,1.191400,,1.039387,,,,,,970704,
ryzen7535hs,openmp,15000000,1,8,-,0,static,1,3,1.182443,,1.040132,,,,,,970704,
ryzen7535hs,mpi,15000000,8,1,blockcyclic,1024,-,0,3,1.126130,0.000016,1.054577,0.933177,0.993338,0.132652,0.017904,0.042380,970704,
ryzen7535hs,hybrid,15000000,4,2,blockcyclic,1024,dynamic,64,3,1.024221,0.000043,0.952246,0.895547,0.925299,0.059863,0.015242,0.046590,970704,
ryzen7535hs,serial,16000000,1,1,-,0,-,0,1,5.420734,,5.289106,,,,,,1031130,
ryzen7535hs,pthread,16000000,1,8,-,0,-,0,1,1.270466,,1.123755,,,,,,1031130,
ryzen7535hs,openmp,16000000,1,8,-,0,static,1,1,1.354512,,1.205580,,,,,,1031130,
ryzen7535hs,mpi,16000000,8,1,blockcyclic,1024,-,0,1,1.171825,0.000015,1.081325,1.016728,1.046675,0.036073,0.022073,0.054572,1031130,
ryzen7535hs,hybrid,16000000,4,2,blockcyclic,1024,dynamic,64,1,1.115048,0.000010,1.039549,0.992449,1.016382,0.012049,0.017846,0.045595,1031130,
ryzen7535hs,serial,16000000,1,1,-,0,-,0,2,5.393812,,5.272790,,,,,,1031130,
ryzen7535hs,pthread,16000000,1,8,-,0,-,0,2,1.367769,,1.216151,,,,,,1031130,
ryzen7535hs,openmp,16000000,1,8,-,0,static,1,2,1.230006,,1.083668,,,,,,1031130,
ryzen7535hs,mpi,16000000,8,1,blockcyclic,1024,-,0,2,1.102044,0.000008,1.016627,0.897118,0.948399,0.050479,0.022345,0.050880,1031130,
ryzen7535hs,hybrid,16000000,4,2,blockcyclic,1024,dynamic,64,2,1.121329,0.000016,1.047014,1.010397,1.027858,0.012348,0.018633,0.043318,1031130,
ryzen7535hs,serial,16000000,1,1,-,0,-,0,3,5.455383,,5.330098,,,,,,1031130,
ryzen7535hs,pthread,16000000,1,8,-,0,-,0,3,1.224441,,1.073333,,,,,,1031130,
ryzen7535hs,openmp,16000000,1,8,-,0,static,1,3,1.238911,,1.097546,,,,,,1031130,
ryzen7535hs,mpi,16000000,8,1,blockcyclic,1024,-,0,3,1.132138,0.000007,1.046959,0.967750,1.015135,0.068687,0.020728,0.053603,1031130,
ryzen7535hs,hybrid,16000000,4,2,blockcyclic,1024,dynamic,64,3,1.115588,0.000012,1.043103,0.994095,1.010326,0.053446,0.017047,0.043798,1031130,
ryzen7535hs,serial,17000000,1,1,-,0,-,0,1,5.891212,,5.774641,,,,,,1091314,
ryzen7535hs,pthread,17000000,1,8,-,0,-,0,1,1.388201,,1.211206,,,,,,1091314,
ryzen7535hs,openmp,17000000,1,8,-,0,static,1,1,1.396255,,1.237732,,,,,,1091314,
ryzen7535hs,mpi,17000000,8,1,blockcyclic,1024,-,0,1,1.213167,0.000007,1.125809,1.019008,1.061545,0.048220,0.021218,0.053825,1091314,
ryzen7535hs,hybrid,17000000,4,2,blockcyclic,1024,dynamic,64,1,1.212240,0.000011,1.133020,1.090412,1.105430,0.011977,0.020070,0.047162,1091314,
ryzen7535hs,serial,17000000,1,1,-,0,-,0,2,5.919504,,5.797762,,,,,,1091314,
ryzen7535hs,pthread,17000000,1,8,-,0,-,0,2,1.356754,,1.202331,,,,,,1091314,
ryzen7535hs,openmp,17000000,1,8,-,0,static,1,2,1.332611,,1.180715,,,,,,1091314,
ryzen7535hs,mpi,17000000,8,1,blockcyclic,1024,-,0,2,1.195034,0.000009,1.110335,0.998592,1.061324,0.054456,0.019327,0.052232,1091314,
ryzen7535hs,hybrid,17000000,4,2,blockcyclic,1024,dynamic,64,2,1.292095,0.000013,1.209370,1.074708,1.151267,0.148265,0.018891,0.050219,1091314,
ryzen7535hs,serial,17000000,1,1,-,0,-,0,3,5.888219,,5.764845,,,,,,1091314,
ryzen7535hs,pthread,17000000,1,8,-,0,-,0,3,1.373513,,1.210460,,,,,,1091314,
ryzen7535hs,openmp,17000000,1,8,-,0,static,1,3,1.422240,,1.217196,,,,,,1091314,
ryzen7535hs,mpi,17000000,8,1,blockcyclic,1024,-,0,3,1.228714,0.000007,1.139458,1.063591,1.094889,0.040957,0.021582,0.054157,1091314,
ryzen7535hs,hybrid,17000000,4,2,blockcyclic,1024,dynamic,64,3,1.233609,0.000012,1.148416,1.096365,1.119590,0.032769,0.017969,0.053975,1091314,
ryzen7535hs,serial,18000000,1,1,-,0,-,0,1,6.363024,,6.169773,,,,,,1151367,
ryzen7535hs,pthread,18000000,1,8,-,0,-,0,1,1.464903,,1.293285,,,,,,1151367,
ryzen7535hs,openmp,18000000,1,8,-,0,static,1,1,1.457968,,1.290127,,,,,,1151367,
ryzen7535hs,mpi,18000000,8,1,blockcyclic,1024,-,0,1,1.306058,0.000009,1.220478,1.084382,1.171234,0.093714,0.020603,0.051544,1151367,
ryzen7535hs,hybrid,18000000,4,2,blockcyclic,1024,dynamic,64,1,1.324274,0.000011,1.238450,1.168758,1.208226,0.014097,0.020227,0.051490,1151367,
ryzen7535hs,serial,18000000,1,1,-,0,-,0,2,6.449272,,6.281801,,,,,,1151367,
ryzen7535hs,pthread,18000000,1,8,-,0,-,0,2,1.498336,,1.333272,,,,,,1151367,
ryzen7535hs,openmp,18000000,1,8,-,0,static,1,2,1.412113,,1.248642,,,,,,1151367,
ryzen7535hs,mpi,18000000,8,1,blockcyclic,1024,-,0,2,1.264295,0.000007,1.180382,1.075163,1.143801,0.023971,0.019060,0.048632,1151367,
ryzen7535hs,hybrid,18000000,4,2,blockcyclic,1024,dynamic,64,2,1.304668,0.000010,1.200418,1.136616,1.175380,0.038614,0.026026,0.061566,1151367,
ryzen7535hs,serial,18000000,1,1,-,0,-,0,3,6.458874,,6.321105,,,,,,1151367,
ryzen7535hs,pthread,18000000,1,8,-,0,-,0,3,1.503993,,1.326096,,,,,,1151367,
ryzen7535hs,openmp,18000000,1,8,-,0,static,1,3,1.435589,,1.271989,,,,,,1151367,
ryzen7535hs,mpi,18000000,8,1,blockcyclic,1024,-,0,3,1.436638,0.000020,1.321381,1.155289,1.222491,0.192050,0.024591,0.064689,1151367,
ryzen7535hs,hybrid,18000000,4,2,blockcyclic,1024,dynamic,64,3,1.327546,0.000009,1.240531,1.164793,1.208163,0.090128,0.019935,0.052682,1151367,
ryzen7535hs,serial,20000000,1,1,-,0,-,0,1,7.365617,,7.213045,,,,,,1270607,
ryzen7535hs,pthread,20000000,1,8,-,0,-,0,1,1.684875,,1.502851,,,,,,1270607,
ryzen7535hs,openmp,20000000,1,8,-,0,static,1,1,1.636981,,1.468281,,,,,,1270607,
ryzen7535hs,mpi,20000000,8,1,blockcyclic,1024,-,0,1,1.506950,0.000008,1.397694,1.292707,1.344303,0.052496,0.029501,0.065980,1270607,
ryzen7535hs,hybrid,20000000,4,2,blockcyclic,1024,dynamic,64,1,1.499799,0.000012,1.394835,1.361131,1.377290,0.048157,0.028544,0.061955,1270607,
ryzen7535hs,serial,20000000,1,1,-,0,-,0,2,7.554505,,7.404371,,,,,,1270607,
ryzen7535hs,pthread,20000000,1,8,-,0,-,0,2,1.705213,,1.522356,,,,,,1270607,
ryzen7535hs,openmp,20000000,1,8,-,0,static,1,2,1.702691,,1.522090,,,,,,1270607,
ryzen7535hs,mpi,20000000,8,1,blockcyclic,1024,-,0,2,1.553461,0.000011,1.450161,1.316179,1.405051,0.063882,0.025634,0.063801,1270607,
ryzen7535hs,hybrid,20000000,4,2,blockcyclic,1024,dynamic,64,2,1.512558,0.000008,1.422762,1.347674,1.379268,0.069933,0.022491,0.052686,1270607,
ryzen7535hs,serial,20000000,1,1,-,0,-,0,3,7.427049,,7.272290,,,,,,1270607,
ryzen7535hs,pthread,20000000,1,8,-,0,-,0,3,1.969232,,1.735428,,,,,,1270607,
ryzen7535hs,openmp,20000000,1,8,-,0,static,1,3,1.662605,,1.479938,,,,,,1270607,
ryzen7535hs,mpi,20000000,8,1,blockcyclic,1024,-,0,3,1.513448,0.000007,1.404983,1.309958,1.351544,0.096713,0.028803,0.060146,1270607,
ryzen7535hs,hybrid,20000000,4,2,blockcyclic,1024,dynamic,64,3,1.546673,0.000017,1.451712,1.386569,1.415333,0.014624,0.023779,0.056542,1270607,
ryzen7535hs,serial,20000000,1,1,-,0,-,0,1,7.436930,,7.294491,,,,,,1270607,
ryzen7535hs,pthread,20000000,1,1,-,0,-,0,1,7.886189,,7.703677,,,,,,1270607,
ryzen7535hs,openmp,20000000,1,1,-,0,static,1,1,7.819212,,7.616384,,,,,,1270607,
ryzen7535hs,mpi,20000000,1,1,blockcyclic,1024,-,0,1,7.383111,0.000000,7.269017,7.269017,7.269017,0.021378,0.000001,0.092716,1270607,
ryzen7535hs,pthread,20000000,1,2,-,0,-,0,1,4.317534,,4.131420,,,,,,1270607,
ryzen7535hs,openmp,20000000,1,2,-,0,static,1,1,4.640704,,4.411614,,,,,,1270607,
ryzen7535hs,mpi,20000000,2,1,blockcyclic,1024,-,0,1,4.282698,0.000006,4.167705,4.164937,4.166321,0.018480,0.024157,0.075118,1270607,
ryzen7535hs,pthread,20000000,1,3,-,0,-,0,1,4.523429,,4.333712,,,,,,1270607,
ryzen7535hs,openmp,20000000,1,3,-,0,static,1,1,4.579640,,4.371562,,,,,,1270607,
ryzen7535hs,mpi,20000000,3,1,blockcyclic,1024,-,0,1,2.967812,0.000006,2.874794,2.808864,2.831919,0.082114,0.021515,0.055312,1270607,
ryzen7535hs,pthread,20000000,1,4,-,0,-,0,1,2.475959,,2.293716,,,,,,1270607,
ryzen7535hs,openmp,20000000,1,4,-,0,static,1,1,2.549861,,2.357037,,,,,,1270607,
ryzen7535hs,mpi,20000000,4,1,blockcyclic,1024,-,0,1,2.310989,0.000005,2.203868,2.142073,2.177013,0.022516,0.023947,0.066518,1270607,
ryzen7535hs,pthread,20000000,1,5,-,0,-,0,1,2.511689,,2.334365,,,,,,1270607,
ryzen7535hs,openmp,20000000,1,5,-,0,static,1,1,2.485130,,2.283177,,,,,,1270607,
ryzen7535hs,mpi,20000000,5,1,blockcyclic,1024,-,0,1,2.008721,0.000010,1.900002,1.794920,1.850593,0.065727,0.021173,0.073207,1270607,
ryzen7535hs,pthread,20000000,1,6,-,0,-,0,1,2.530554,,2.339327,,,,,,1270607,
ryzen7535hs,openmp,20000000,1,6,-,0,static,1,1,2.534639,,2.313400,,,,,,1270607,
ryzen7535hs,mpi,20000000,6,1,blockcyclic,1024,-,0,1,1.804976,0.000008,1.700281,1.651858,1.675938,0.027458,0.022075,0.068320,1270607,
ryzen7535hs,pthread,20000000,1,7,-,0,-,0,1,2.342150,,2.084513,,,,,,1270607,
ryzen7535hs,openmp,20000000,1,7,-,0,static,1,1,2.259965,,2.053207,,,,,,1270607,
ryzen7535hs,mpi,20000000,7,1,blockcyclic,1024,-,0,1,1.678760,0.000008,1.546581,1.440778,1.510723,0.039862,0.031837,0.079860,1270607,
ryzen7535hs,pthread,20000000,1,8,-,0,-,0,1,1.720958,,1.539435,,,,,,1270607,
ryzen7535hs,openmp,20000000,1,8,-,0,static,1,1,1.834114,,1.610110,,,,,,1270607,
ryzen7535hs,mpi,20000000,8,1,blockcyclic,1024,-,0,1,1.599149,0.000008,1.475183,1.415158,1.447497,0.056424,0.025338,0.078110,1270607,
ryzen7535hs,hybrid,20000000,1,1,blockcyclic,1024,dynamic,64,1,7.390691,0.000003,7.294431,7.294431,7.294431,0.021020,0.000001,0.075236,1270607,
ryzen7535hs,serial,20000000,1,1,-,0,-,0,2,7.462097,,7.307609,,,,,,1270607,
ryzen7535hs,pthread,20000000,1,1,-,0,-,0,2,7.918242,,7.738564,,,,,,1270607,
ryzen7535hs,openmp,20000000,1,1,-,0,static,1,2,7.748598,,7.568826,,,,,,1270607,
ryzen7535hs,mpi,20000000,1,1,blockcyclic,1024,-,0,2,7.291247,0.000000,7.215002,7.215002,7.215002,0.020058,0.000001,0.056185,1270607,
ryzen7535hs,pthread,20000000,1,2,-,0,-,0,2,4.504067,,4.308054,,,,,,1270607,
ryzen7535hs,openmp,20000000,1,2,-,0,static,1,2,4.657773,,4.479826,,,,,,1270607,
ryzen7535hs,mpi,20000000,2,1,blockcyclic,1024,-,0,2,4.436046,0.000005,4.344030,4.330708,4.337369,0.028354,0.020868,0.056110,1270607,
ryzen7535hs,pthread,20000000,1,3,-,0,-,0,2,4.401378,,4.228916,,,,,,1270607,
ryzen7535hs,openmp,20000000,1,3,-,0,static,1,2,4.621725,,4.437390,,,,,,1270607,
ryzen7535hs,mpi,20000000,3,1,blockcyclic,1024,-,0,2,2.984581,0.000005,2.890810,2.791343,2.849674,0.015655,0.021627,0.056485,1270607,
ryzen7535hs,pthread,20000000,1,4,-,0,-,0,2,2.585479,,2.390584,,,,,,1270607,
ryzen7535hs,openmp,20000000,1,4,-,0,static,1,2,2.540896,,2.352052,,,,,,1270607,
ryzen7535hs,mpi,20000000,4,1,blockcyclic,1024,-,0,2,2.329907,0.000005,2.232944,2.114120,2.155195,0.132219,0.021487,0.058521,1270607,
ryzen7535hs,pthread,20000000,1,5,-,0,-,0,2,2.521920,,2.338779,,,,,,1270607,
ryzen7535hs,openmp,20000000,1,5,-,0,static,1,2,2.614695,,2.426093,,,,,,1270607,
ryzen7535hs,mpi,20000000,5,1,blockcyclic,1024,-,0,2,1.969105,0.000008,1.862590,1.768180,1.828632,0.039876,0.025451,0.067531,1270607,
ryzen7535hs,pthread,20000000,1,6,-,0,-,0,2,2.532947,,2.340505,,,,,,1270607,
ryzen7535hs,openmp,20000000,1,6,-,0,static,1,2,2.389120,,2.203694,,,,,,1270607,
ryzen7535hs,mpi,20000000,6,1,blockcyclic,1024,-,0,2,1.842914,0.000007,1.737059,1.659511,1.684279,0.013812,0.026479,0.065557,1270607,
ryzen7535hs,pthread,20000000,1,7,-,0,-,0,2,2.062963,,1.752530,,,,,,1270607,
ryzen7535hs,openmp,20000000,1,7,-,0,static,1,2,2.146906,,1.950274,,,,,,1270607,
ryzen7535hs,mpi,20000000,7,1,blockcyclic,1024,-,0,2,1.621948,0.000006,1.504897,1.350481,1.442402,0.054187,0.022411,0.078752,1270607,
ryzen7535hs,pthread,20000000,1,8,-,0,-,0,2,1.887455,,1.640295,,,,,,1270607,
ryzen7535hs,openmp,20000000,1,8,-,0,static,1,2,1.915040,,1.726034,,,,,,1270607,
ryzen7535hs,mpi,20000000,8,1,blockcyclic,1024,-,0,2,1.702156,0.000011,1.597609,1.403101,1.541317,0.210042,0.023603,0.065399,1270607,
ryzen7535hs,hybrid,20000000,1,1,blockcyclic,1024,dynamic,64,2,7.377471,0.000004,7.308205,7.308205,7.308205,0.016247,0.000001,0.053014,1270607,
ryzen7535hs,serial,20000000,1,1,-,0,-,0,3,7.335019,,7.193257,,,,,,1270607,
ryzen7535hs,pthread,20000000,1,1,-,0,-,0,3,7.779062,,7.589196,,,,,,1270607,
ryzen7535hs,openmp,20000000,1,1,-,0,static,1,3,7.768095,,7.574668,,,,,,1270607,
ryzen7535hs,mpi,20000000,1,1,blockcyclic,1024,-,0,3,7.317135,0.000000,7.241153,7.241153,7.241153,0.016791,0.000001,0.059189,1270607,
ryzen7535hs,pthread,20000000,1,2,-,0,-,0,3,4.559208,,4.380258,,,,,,1270607,
ryzen7535hs,openmp,20000000,1,2,-,0,static,1,3,4.484285,,4.309568,,,,,,1270607,
ryzen7535hs,mpi,20000000,2,1,blockcyclic,1024,-,0,3,4.148828,0.000005,4.045817,4.023286,4.034552,0.039554,0.022014,0.063969,1270607,
ryzen7535hs,pthread,20000000,1,3,-,0,-,0,3,4.492637,,4.314676,,,,,,1270607,
ryzen7535hs,openmp,20000000,1,3,-,0,static,1,3,4.451885,,4.276965,,,,,,1270607,
ryzen7535hs,mpi,20000000,3,1,blockcyclic,1024,-,0,3,2.865989,0.000005,2.769689,2.721787,2.745275,0.062873,0.022919,0.058405,1270607,
ryzen7535hs,pthread,20000000,1,4,-,0,-,0,3,2.523233,,2.336959,,,,,,1270607,
ryzen7535hs,openmp,20000000,1,4,-,0,static,1,3,2.524292,,2.330722,,,,,,1270607,
ryzen7535hs,mpi,20000000,4,1,blockcyclic,1024,-,0,3,2.328721,0.000006,2.233303,2.156395,2.194796,0.027775,0.021578,0.059090,1270607,
ryzen7535hs,pthread,20000000,1,5,-,0,-,0,3,2.564138,,2.372356,,,,,,1270607,
ryzen7535hs,openmp,20000000,1,5,-,0,static,1,3,2.535226,,2.341539,,,,,,1270607,
ryzen7535hs,mpi,20000000,5,1,blockcyclic,1024,-,0,3,1.970626,0.000007,1.873872,1.659045,1.778455,0.038992,0.023498,0.058959,1270607,
ryzen7535hs,pthread,20000000,1,6,-,0,-,0,3,2.499248,,2.303341,,,,,,1270607,
ryzen7535hs,openmp,20000000,1,6,-,0,static,1,3,2.501180,,2.323466,,,,,,1270607,
ryzen7535hs,mpi,20000000,6,1,blockcyclic,1024,-,0,3,1.781193,0.000005,1.690860,1.613026,1.654854,0.072644,0.020223,0.056133,1270607,
ryzen7535hs,pthread,20000000,1,7,-,0,-,0,3,1.865192,,1.688307,,,,,,1270607,
ryzen7535hs,openmp,20000000,1,7,-,0,static,1,3,1.970022,,1.787864,,,,,,1270607,
ryzen7535hs,mpi,20000000,7,1,blockcyclic,1024,-,0,3,1.599155,0.000007,1.506963,1.353733,1.451101,0.070355,0.022302,0.056777,1270607,
ryzen7535hs,pthread,20000000,1,8,-,0,-,0,3,1.728439,,1.541429,,,,,,1270607,
ryzen7535hs,openmp,20000000,1,8,-,0,static,1,3,1.766774,,1.554832,,,,,,1270607,
ryzen7535hs,mpi,20000000,8,1,blockcyclic,1024,-,0,3,1.530028,0.000012,1.413122,1.358061,1.395914,0.034151,0.027342,0.073766,1270607,
ryzen7535hs,hybrid,20000000,1,1,blockcyclic,1024,dynamic,64,3,7.401243,0.000004,7.328510,7.328510,7.328510,0.016144,0.000001,0.056584,1270607,
ryzen7535hs,mpi,20000000,1,1,block,1024,-,0,1,7.569444,0.000001,7.500034,7.500034,7.500034,0.015245,0.000001,0.054164,1270607,
ryzen7535hs,mpi,20000000,2,1,block,1024,-,0,1,5.011189,0.000009,4.935715,3.076967,4.006341,1.874981,0.000001,0.059233,1270607,
ryzen7535hs,mpi,20000000,4,1,block,1024,-,0,1,2.742433,0.000006,2.674326,1.267602,2.072057,1.421005,0.000000,0.053819,1270607,
ryzen7535hs,mpi,20000000,8,1,block,1024,-,0,1,1.895354,0.000008,1.817112,0.558801,1.349976,1.272722,0.000000,0.063823,1270607,
ryzen7535hs,mpi,20000000,1,1,cyclic,1024,-,0,1,7.381359,0.000000,7.293165,7.293165,7.293165,0.020611,0.000001,0.067582,1270607,
ryzen7535hs,mpi,20000000,2,1,cyclic,1024,-,0,1,4.021163,0.000005,3.907217,3.894962,3.901089,0.030861,0.035686,0.059649,1270607,
ryzen7535hs,mpi,20000000,4,1,cyclic,1024,-,0,1,2.384071,0.000007,2.264127,2.147248,2.225673,0.131243,0.045342,0.060231,1270607,
ryzen7535hs,mpi,20000000,8,1,cyclic,1024,-,0,1,1.535901,0.000014,1.391113,1.253409,1.327430,0.016244,0.065191,0.063340,1270607,
ryzen7535hs,mpi,20000000,1,1,blockcyclic,1024,-,0,1,7.406020,0.000000,7.332715,7.332715,7.332715,0.016924,0.000001,0.056380,1270607,
ryzen7535hs,mpi,20000000,2,1,blockcyclic,1024,-,0,1,4.136922,0.000005,4.042089,4.037427,4.039758,0.016029,0.021612,0.057188,1270607,
ryzen7535hs,mpi,20000000,4,1,blockcyclic,1024,-,0,1,2.372459,0.000006,2.274704,2.122875,2.173438,0.166753,0.024636,0.058189,1270607,
ryzen7535hs,mpi,20000000,8,1,blockcyclic,1024,-,0,1,1.460561,0.000008,1.351358,1.239734,1.309883,0.074958,0.023353,0.058575,1270607,
ryzen7535hs,mpi,20000000,1,1,wblock,1024,-,0,1,7.519990,0.000000,7.442357,7.442357,7.442357,0.016402,0.000001,0.061229,1270607,
ryzen7535hs,mpi,20000000,2,1,wblock,1024,-,0,1,4.348567,0.000008,4.281612,4.010391,4.146001,0.014543,0.000000,0.052404,1270607,
ryzen7535hs,mpi,20000000,4,1,wblock,1024,-,0,1,2.385105,0.000009,2.316280,2.065081,2.162902,0.013829,0.000001,0.054988,1270607,
ryzen7535hs,mpi,20000000,8,1,wblock,1024,-,0,1,1.527241,0.000006,1.454255,1.140501,1.335073,0.015478,0.000001,0.057501,1270607,
ryzen7535hs,mpi,20000000,8,1,blockcyclic,16,-,0,1,1.557666,0.000007,1.425481,1.277363,1.356941,0.093905,0.047767,0.068421,1270607,
ryzen7535hs,mpi,20000000,8,1,blockcyclic,64,-,0,1,1.477292,0.000009,1.369342,1.279799,1.322967,0.013598,0.029871,0.064473,1270607,
ryzen7535hs,mpi,20000000,8,1,blockcyclic,256,-,0,1,2.059054,0.000009,1.889286,1.638856,1.751982,0.144548,0.035187,0.105968,1270607,
ryzen7535hs,mpi,20000000,8,1,blockcyclic,1024,-,0,1,1.594931,0.000017,1.437116,1.359064,1.392881,0.048987,0.037918,0.093793,1270607,
ryzen7535hs,mpi,20000000,8,1,blockcyclic,4096,-,0,1,1.573305,0.000010,1.456089,1.379988,1.410041,0.069308,0.024707,0.070217,1270607,
ryzen7535hs,mpi,20000000,8,1,blockcyclic,16384,-,0,1,1.492186,0.000009,1.389008,1.318588,1.360552,0.030024,0.023882,0.065657,1270607,
ryzen7535hs,hybrid,20000000,2,4,blockcyclic,1024,static,1,1,1.501973,0.000010,1.417064,1.359668,1.388366,0.013516,0.021104,0.050279,1270607,
ryzen7535hs,hybrid,20000000,2,4,blockcyclic,1024,static,16,1,1.584089,0.000009,1.496484,1.440817,1.468651,0.069382,0.021404,0.052477,1270607,
ryzen7535hs,hybrid,20000000,2,4,blockcyclic,1024,static,64,1,1.484338,0.000009,1.396845,1.391524,1.394185,0.019441,0.020675,0.052689,1270607,
ryzen7535hs,hybrid,20000000,2,4,blockcyclic,1024,static,256,1,1.597110,0.000010,1.507840,1.477431,1.492636,0.013915,0.022546,0.052800,1270607,
ryzen7535hs,hybrid,20000000,2,4,blockcyclic,1024,dynamic,1,1,1.434196,0.000009,1.336154,1.329366,1.332760,0.021932,0.022491,0.060399,1270607,
ryzen7535hs,hybrid,20000000,2,4,blockcyclic,1024,dynamic,16,1,1.476895,0.000014,1.390306,1.388589,1.389447,0.013829,0.020326,0.052420,1270607,
ryzen7535hs,hybrid,20000000,2,4,blockcyclic,1024,dynamic,64,1,1.576807,0.000010,1.487425,1.453287,1.470356,0.048302,0.020275,0.054934,1270607,
ryzen7535hs,hybrid,20000000,2,4,blockcyclic,1024,dynamic,256,1,1.577039,0.000008,1.482191,1.465662,1.473927,0.031507,0.023316,0.056546,1270607,
ryzen7535hs,hybrid,20000000,2,4,blockcyclic,1024,guided,1,1,1.484634,0.000013,1.389975,1.367631,1.378803,0.040162,0.024048,0.052779,1270607,
ryzen7535hs,hybrid,20000000,2,4,blockcyclic,1024,guided,16,1,1.508788,0.000010,1.421526,1.377165,1.399345,0.058895,0.020533,0.052185,1270607,
ryzen7535hs,hybrid,20000000,2,4,blockcyclic,1024,guided,64,1,1.479879,0.000009,1.394318,1.375501,1.384909,0.013377,0.020755,0.051422,1270607,
ryzen7535hs,hybrid,20000000,2,4,blockcyclic,1024,guided,256,1,1.640134,0.000012,1.552728,1.517467,1.535097,0.013879,0.020688,0.052827,1270607,
ryzen7535hs,mpi,20000000,1,1,block,1024,-,0,2,7.190568,0.000000,7.115996,7.115996,7.115996,0.015093,0.000001,0.059478,1270607,
ryzen7535hs,mpi,20000000,2,1,block,1024,-,0,2,5.115304,0.000065,5.046199,3.259320,4.152760,1.803200,0.000000,0.052719,1270607,
ryzen7535hs,mpi,20000000,4,1,block,1024,-,0,2,3.000920,0.000006,2.931878,1.462362,2.292215,1.486610,0.000000,0.051942,1270607,
ryzen7535hs,mpi,20000000,8,1,block,1024,-,0,2,1.768019,0.000008,1.696857,0.598320,1.321770,1.114106,0.000001,0.055584,1270607,
ryzen7535hs,mpi,20000000,1,1,cyclic,1024,-,0,2,7.260310,0.000000,7.188987,7.188987,7.188987,0.015331,0.000000,0.055991,1270607,
ryzen7535hs,mpi,20000000,2,1,cyclic,1024,-,0,2,4.277355,0.000005,4.174730,4.141641,4.158186,0.014499,0.033094,0.055027,1270607,
ryzen7535hs,mpi,20000000,4,1,cyclic,1024,-,0,2,2.302604,0.000008,2.177146,2.123517,2.162769,0.067030,0.053045,0.059003,1270607,
ryzen7535hs,mpi,20000000,8,1,cyclic,1024,-,0,2,1.866555,0.000022,1.685274,1.604577,1.637039,0.107421,0.066215,0.084898,1270607,
ryzen7535hs,mpi,20000000,1,1,blockcyclic,1024,-,0,2,7.400230,0.000000,7.327468,7.327468,7.327468,0.015790,0.000001,0.056971,1270607,
ryzen7535hs,mpi,20000000,2,1,blockcyclic,1024,-,0,2,4.185973,0.000005,4.065400,4.057373,4.061387,0.017383,0.025858,0.077327,1270607,
ryzen7535hs,mpi,20000000,4,1,blockcyclic,1024,-,0,2,2.325408,0.000033,2.225290,2.112526,2.190016,0.126994,0.023450,0.062406,1270607,
ryzen7535hs,mpi,20000000,8,1,blockcyclic,1024,-,0,2,1.706242,0.000008,1.581315,1.443259,1.515978,0.064915,0.029363,0.069048,1270607,
ryzen7535hs,mpi,20000000,1,1,wblock,1024,-,0,2,7.558735,0.000000,7.440214,7.440214,7.440214,0.016598,0.000001,0.101922,1270607,
ryzen7535hs,mpi,20000000,2,1,wblock,1024,-,0,2,4.284326,0.000006,4.197573,3.872385,4.034979,0.017106,0.000001,0.069640,1270607,
ryzen7535hs,mpi,20000000,4,1,wblock,1024,-,0,2,2.475527,0.000009,2.405562,2.153227,2.266643,0.014602,0.000000,0.055353,1270607,
ryzen7535hs,mpi,20000000,8,1,wblock,1024,-,0,2,1.673164,0.000015,1.589716,1.280886,1.412188,0.015766,0.000001,0.067666,1270607,
ryzen7535hs,mpi,20000000,8,1,blockcyclic,16,-,0,2,1.515933,0.000013,1.395976,1.309436,1.343086,0.086684,0.044219,0.061202,1270607,
ryzen7535hs,mpi,20000000,8,1,blockcyclic,64,-,0,2,1.494565,0.000080,1.376779,1.273747,1.325294,0.085373,0.031666,0.071145,1270607,
ryzen7535hs,mpi,20000000,8,1,blockcyclic,256,-,0,2,1.627384,0.000009,1.522538,1.351518,1.443149,0.145884,0.023557,0.066622,1270607,
ryzen7535hs,mpi,20000000,8,1,blockcyclic,1024,-,0,2,1.481391,0.000008,1.380225,1.274733,1.310733,0.107306,0.022703,0.064164,1270607,
ryzen7535hs,mpi,20000000,8,1,blockcyclic,4096,-,0,2,1.461719,0.000010,1.368150,1.250482,1.306537,0.133676,0.021155,0.056396,1270607,
ryzen7535hs,mpi,20000000,8,1,blockcyclic,16384,-,0,2,1.490528,0.000008,1.379058,1.296604,1.345617,0.046734,0.023753,0.073376,1270607,
ryzen7535hs,hybrid,20000000,2,4,blockcyclic,1024,static,1,2,1.606252,0.000009,1.514667,1.509636,1.512151,0.013762,0.021835,0.055980,1270607,
ryzen7535hs,hybrid,20000000,2,4,blockcyclic,1024,static,16,2,1.905717,0.000012,1.799475,1.717061,1.758268,0.016540,0.030120,0.059571,1270607,
ryzen7535hs,hybrid,20000000,2,4,blockcyclic,1024,static,64,2,1.599515,0.000011,1.511457,1.506311,1.508884,0.019329,0.020764,0.053100,1270607,
ryzen7535hs,hybrid,20000000,2,4,blockcyclic,1024,static,256,2,1.606958,0.000023,1.515114,1.448315,1.481714,0.013709,0.021144,0.056968,1270607,
ryzen7535hs,hybrid,20000000,2,4,blockcyclic,1024,dynamic,1,2,1.519744,0.000008,1.423391,1.419780,1.421586,0.013920,0.024498,0.057927,1270607,
ryzen7535hs,hybrid,20000000,2,4,blockcyclic,1024,dynamic,16,2,1.675231,0.000014,1.541298,1.514313,1.527806,0.042664,0.034153,0.084087,1270607,
ryzen7535hs,hybrid,20000000,2,4,blockcyclic,1024,dynamic,64,2,1.998920,0.000009,1.860204,1.793513,1.826858,0.021302,0.053464,0.063942,1270607,
ryzen7535hs,hybrid,20000000,2,4,blockcyclic,1024,dynamic,256,2,1.804461,0.000009,1.685141,1.646474,1.665808,0.017132,0.025555,0.076623,1270607,
ryzen7535hs,hybrid,20000000,2,4,blockcyclic,1024,guided,1,2,1.508106,0.000009,1.413406,1.388241,1.400824,0.040850,0.020762,0.058244,1270607,
ryzen7535hs,hybrid,20000000,2,4,blockcyclic,1024,guided,16,2,1.486365,0.000011,1.391171,1.370166,1.380668,0.014768,0.022624,0.057791,1270607,
ryzen7535hs,hybrid,20000000,2,4,blockcyclic,1024,guided,64,2,1.699243,0.000013,1.589494,1.545471,1.567483,0.058608,0.024244,0.070908,1270607,
ryzen7535hs,hybrid,20000000,2,4,blockcyclic,1024,guided,256,2,1.603004,0.000012,1.496176,1.471543,1.483859,0.040370,0.028800,0.062280,1270607,
ryzen7535hs,mpi,20000000,1,1,block,1024,-,0,3,7.339704,0.000001,7.259488,7.259488,7.259488,0.016113,0.000001,0.064103,1270607,
ryzen7535hs,mpi,20000000,2,1,block,1024,-,0,3,4.992488,0.000006,4.920146,3.083433,4.001789,1.853177,0.000000,0.055873,1270607,
ryzen7535hs,mpi,20000000,4,1,block,1024,-,0,3,2.874365,0.000006,2.805039,1.314876,2.151542,1.505065,0.000000,0.054417,1270607,
ryzen7535hs,mpi,20000000,8,1,block,1024,-,0,3,1.691101,0.000007,1.609188,0.554999,1.213942,1.067929,0.000001,0.068166,1270607,
ryzen7535hs,mpi,20000000,1,1,cyclic,1024,-,0,3,7.259605,0.000000,7.189207,7.189207,7.189207,0.016028,0.000001,0.054369,1270607,
ryzen7535hs,mpi,20000000,2,1,cyclic,1024,-,0,3,4.226916,0.000006,4.123401,4.119500,4.121451,0.014481,0.032682,0.056347,1270607,
ryzen7535hs,mpi,20000000,4,1,cyclic,1024,-,0,3,2.438181,0.000005,2.315950,2.250759,2.293623,0.027144,0.044518,0.063571,1270607,
ryzen7535hs,mpi,20000000,8,1,cyclic,1024,-,0,3,1.625537,0.000007,1.450385,1.306480,1.367961,0.049621,0.087603,0.071113,1270607,
ryzen7535hs,mpi,20000000,1,1,blockcyclic,1024,-,0,3,7.299468,0.000000,7.225768,7.225768,7.225768,0.017493,0.000001,0.056207,1270607,
ryzen7535hs,mpi,20000000,2,1,blockcyclic,1024,-,0,3,4.435156,0.000005,4.319113,4.272329,4.295721,0.061685,0.024535,0.076602,1270607,
ryzen7535hs,mpi,20000000,4,1,blockcyclic,1024,-,0,3,2.297095,0.000008,2.197728,2.074488,2.143390,0.015229,0.023029,0.061101,1270607,
ryzen7535hs,mpi,20000000,8,1,blockcyclic,1024,-,0,3,1.517629,0.000011,1.397899,1.319634,1.352223,0.089386,0.023746,0.070607,1270607,
ryzen7535hs,mpi,20000000,1,1,wblock,1024,-,0,3,7.411527,0.000000,7.341092,7.341092,7.341092,0.016093,0.000001,0.054341,1270607,
ryzen7535hs,mpi,20000000,2,1,wblock,1024,-,0,3,4.144356,0.000006,4.067567,3.795242,3.931404,0.016699,0.000001,0.060083,1270607,
ryzen7535hs,mpi,20000000,4,1,wblock,1024,-,0,3,2.319778,0.000007,2.241313,2.025139,2.085878,0.016687,0.000001,0.061770,1270607,
ryzen7535hs,mpi,20000000,8,1,wblock,1024,-,0,3,1.561032,0.000009,1.476698,1.239369,1.305894,0.015140,0.000001,0.069185,1270607,
ryzen7535hs,mpi,20000000,8,1,blockcyclic,16,-,0,3,1.477245,0.000009,1.359285,1.284185,1.332537,0.088358,0.039053,0.065641,1270607,
ryzen7535hs,mpi,20000000,8,1,blockcyclic,64,-,0,3,1.571194,0.000016,1.446220,1.336599,1.401183,0.081044,0.039265,0.067352,1270607,
ryzen7535hs,mpi,20000000,8,1,blockcyclic,256,-,0,3,1.482721,0.000013,1.384561,1.247433,1.317376,0.151906,0.023136,0.060233,1270607,
ryzen7535hs,mpi,20000000,8,1,blockcyclic,1024,-,0,3,1.487016,0.000007,1.385185,1.248934,1.329750,0.015598,0.023508,0.062718,1270607,
ryzen7535hs,mpi,20000000,8,1,blockcyclic,4096,-,0,3,1.431879,0.000010,1.339212,1.230865,1.295068,0.014103,0.021799,0.056755,1270607,
ryzen7535hs,mpi,20000000,8,1,blockcyclic,16384,-,0,3,1.462784,0.000013,1.362722,1.268052,1.321121,0.049495,0.021692,0.063113,1270607,
ryzen7535hs,hybrid,20000000,2,4,blockcyclic,1024,static,1,3,1.622493,0.000008,1.535027,1.494367,1.514697,0.054120,0.020608,0.053390,1270607,
ryzen7535hs,hybrid,20000000,2,4,blockcyclic,1024,static,16,3,1.490279,0.000010,1.393970,1.375913,1.384942,0.016557,0.023807,0.055935,1270607,
ryzen7535hs,hybrid,20000000,2,4,blockcyclic,1024,static,64,3,1.507050,0.000008,1.405211,1.387667,1.396439,0.031708,0.025711,0.061957,1270607,
ryzen7535hs,hybrid,20000000,2,4,blockcyclic,1024,static,256,3,1.625737,0.000013,1.533827,1.472215,1.503021,0.016077,0.020995,0.054826,1270607,
ryzen7535hs,hybrid,20000000,2,4,blockcyclic,1024,dynamic,1,3,1.491067,0.000016,1.404012,1.374347,1.389180,0.013307,0.021051,0.052680,1270607,
ryzen7535hs,hybrid,20000000,2,4,blockcyclic,1024,dynamic,16,3,1.529853,0.000009,1.441682,1.418225,1.429954,0.039698,0.020118,0.051804,1270607,
ryzen7535hs,hybrid,20000000,2,4,blockcyclic,1024,dynamic,64,3,1.535742,0.000009,1.439719,1.409584,1.424652,0.013794,0.022078,0.060142,1270607,
ryzen7535hs,hybrid,20000000,2,4,blockcyclic,1024,dynamic,256,3,1.546455,0.000009,1.460725,1.427028,1.443877,0.013405,0.020436,0.051880,1270607,
ryzen7535hs,hybrid,20000000,2,4,blockcyclic,1024,guided,1,3,1.427464,0.000010,1.336514,1.333728,1.335121,0.013590,0.022207,0.055143,1270607,
ryzen7535hs,hybrid,20000000,2,4,blockcyclic,1024,guided,16,3,1.472816,0.000009,1.387498,1.385789,1.386643,0.013508,0.020434,0.051367,1270607,
ryzen7535hs,hybrid,20000000,2,4,blockcyclic,1024,guided,64,3,1.562069,0.000010,1.474314,1.458811,1.466563,0.014228,0.019822,0.053695,1270607,
ryzen7535hs,hybrid,20000000,2,4,blockcyclic,1024,guided,256,3,1.543018,0.000012,1.450877,1.440653,1.445765,0.015816,0.021696,0.054616,1270607,
ryzen7535hs,serial,20000000,1,1,-,0,-,0,1,7.314862,,7.219708,,,,,,1270607,
ryzen7535hs,pthread,20000000,1,1,-,0,-,0,1,7.741756,,7.564793,,,,,,1270607,
ryzen7535hs,openmp,20000000,1,1,-,0,static,1,1,7.683925,,7.520268,,,,,,1270607,
ryzen7535hs,mpi,20000000,1,1,blockcyclic,1024,-,0,1,7.291155,0.000000,7.238828,7.238828,7.238828,0.015668,0.000001,0.036658,1270607,
ryzen7535hs,pthread,20000000,1,2,-,0,-,0,1,4.575709,,4.371258,,,,,,1270607,
ryzen7535hs,openmp,20000000,1,2,-,0,static,1,1,4.315617,,4.129305,,,,,,1270607,
ryzen7535hs,mpi,20000000,2,1,blockcyclic,1024,-,0,1,4.146494,0.000006,4.068392,4.058235,4.063314,0.016498,0.020789,0.040810,1270607,
ryzen7535hs,pthread,20000000,1,3,-,0,-,0,1,4.551177,,4.357673,,,,,,1270607,
ryzen7535hs,openmp,20000000,1,3,-,0,static,1,1,4.347689,,4.177840,,,,,,1270607,
ryzen7535hs,mpi,20000000,3,1,blockcyclic,1024,-,0,1,2.891793,0.000007,2.808257,2.783736,2.796875,0.027922,0.022313,0.042919,1270607,
ryzen7535hs,pthread,20000000,1,4,-,0,-,0,1,2.698371,,2.521816,,,,,,1270607,
ryzen7535hs,openmp,20000000,1,4,-,0,static,1,1,2.594587,,2.394568,,,,,,1270607,
ryzen7535hs,mpi,20000000,4,1,blockcyclic,1024,-,0,1,2.408408,0.000006,2.315167,2.148817,2.204970,0.181965,0.020327,0.057292,1270607,
ryzen7535hs,pthread,20000000,1,5,-,0,-,0,1,2.612413,,2.429062,,,,,,1270607,
ryzen7535hs,openmp,20000000,1,5,-,0,static,1,1,2.516247,,2.362244,,,,,,1270607,
ryzen7535hs,mpi,20000000,5,1,blockcyclic,1024,-,0,1,2.159075,0.000005,2.067795,1.998659,2.035675,0.016985,0.024390,0.049899,1270607,
ryzen7535hs,pthread,20000000,1,6,-,0,-,0,1,2.684257,,2.502078,,,,,,1270607,
ryzen7535hs,openmp,20000000,1,6,-,0,static,1,1,2.469786,,2.270979,,,,,,1270607,
ryzen7535hs,mpi,20000000,6,1,blockcyclic,1024,-,0,1,1.843570,0.000007,1.757365,1.594467,1.665295,0.176035,0.025919,0.043076,1270607,
ryzen7535hs,pthread,20000000,1,7,-,0,-,0,1,1.980446,,1.770355,,,,,,1270607,
ryzen7535hs,openmp,20000000,1,7,-,0,static,1,1,2.038047,,1.874863,,,,,,1270607,
ryzen7535hs,mpi,20000000,7,1,blockcyclic,1024,-,0,1,1.693236,0.000006,1.607360,1.426550,1.527785,0.143782,0.022852,0.048301,1270607,
ryzen7535hs,pthread,20000000,1,8,-,0,-,0,1,1.694278,,1.526156,,,,,,1270607,
ryzen7535hs,openmp,20000000,1,8,-,0,static,1,1,1.784075,,1.620614,,,,,,1270607,
ryzen7535hs,mpi,20000000,8,1,blockcyclic,1024,-,0,1,1.529416,0.000015,1.448793,1.330116,1.379163,0.013422,0.020939,0.046247,1270607,
ryzen7535hs,hybrid,20000000,1,1,blockcyclic,1024,dynamic,64,1,7.309915,0.000004,7.253482,7.253482,7.253482,0.016838,0.000002,0.039591,1270607,
ryzen7535hs,hybrid,20000000,1,2,blockcyclic,1024,dynamic,64,1,4.322702,0.000004,4.267704,4.267704,4.267704,0.015168,0.000001,0.039825,1270607,
ryzen7535hs,hybrid,20000000,1,4,blockcyclic,1024,dynamic,64,1,2.428257,0.000003,2.370536,2.370536,2.370536,0.014541,0.000001,0.043175,1270607,
ryzen7535hs,hybrid,20000000,1,8,blockcyclic,1024,dynamic,64,1,1.498244,0.000003,1.428072,1.428072,1.428072,0.018109,0.000001,0.052059,1270607,
ryzen7535hs,hybrid,20000000,2,1,blockcyclic,1024,dynamic,64,1,4.571468,0.000013,4.493751,4.458712,4.476232,0.013484,0.022157,0.042062,1270607,
ryzen7535hs,hybrid,20000000,2,2,blockcyclic,1024,dynamic,64,1,2.450108,0.000009,2.370866,2.347923,2.359394,0.015953,0.019695,0.043586,1270607,
ryzen7535hs,hybrid,20000000,2,4,blockcyclic,1024,dynamic,64,1,1.583522,0.000036,1.483657,1.433717,1.458687,0.016627,0.027738,0.055463,1270607,
ryzen7535hs,hybrid,20000000,4,1,blockcyclic,1024,dynamic,64,1,2.413902,0.000011,2.339531,2.168529,2.228838,0.115066,0.019007,0.042192,1270607,
ryzen7535hs,hybrid,20000000,4,2,blockcyclic,1024,dynamic,64,1,1.517348,0.000010,1.440099,1.378395,1.422118,0.022890,0.019623,0.044073,1270607,
ryzen7535hs,hybrid,20000000,8,1,blockcyclic,1024,dynamic,64,1,1.439749,0.000011,1.345670,1.272003,1.318873,0.015185,0.030987,0.047895,1270607,
ryzen7535hs,serial,20000000,1,1,-,0,-,0,2,7.372168,,7.235089,,,,,,1270607,
ryzen7535hs,pthread,20000000,1,1,-,0,-,0,2,7.846636,,7.666486,,,,,,1270607,
ryzen7535hs,openmp,20000000,1,1,-,0,static,1,2,7.906494,,7.741746,,,,,,1270607,
ryzen7535hs,mpi,20000000,1,1,blockcyclic,1024,-,0,2,7.387781,0.000000,7.328852,7.328852,7.328852,0.017376,0.000001,0.041552,1270607,
ryzen7535hs,pthread,20000000,1,2,-,0,-,0,2,4.634246,,4.475486,,,,,,1270607,
ryzen7535hs,openmp,20000000,1,2,-,0,static,1,2,4.462241,,4.293111,,,,,,1270607,
ryzen7535hs,mpi,20000000,2,1,blockcyclic,1024,-,0,2,4.127634,0.000006,4.027859,4.009482,4.018671,0.039454,0.027864,0.050828,1270607,
ryzen7535hs,pthread,20000000,1,3,-,0,-,0,2,4.503795,,4.346989,,,,,,1270607,
ryzen7535hs,openmp,20000000,1,3,-,0,static,1,2,4.562555,,4.396742,,,,,,1270607,
ryzen7535hs,mpi,20000000,3,1,blockcyclic,1024,-,0,2,3.019805,0.000005,2.945153,2.853418,2.907413,0.015538,0.019879,0.039231,1270607,
ryzen7535hs,pthread,20000000,1,4,-,0,-,0,2,2.721045,,2.555943,,,,,,1270607,
ryzen7535hs,openmp,20000000,1,4,-,0,static,1,2,2.727276,,2.492780,,,,,,1270607,
ryzen7535hs,mpi,20000000,4,1,blockcyclic,1024,-,0,2,2.447107,0.000017,2.372299,2.218634,2.289310,0.126870,0.020424,0.039692,1270607,
ryzen7535hs,pthread,20000000,1,5,-,0,-,0,2,2.602712,,2.447559,,,,,,1270607,
ryzen7535hs,openmp,20000000,1,5,-,0,static,1,2,2.620306,,2.461953,,,,,,1270607,
ryzen7535hs,mpi,20000000,5,1,blockcyclic,1024,-,0,2,2.050931,0.000006,1.972230,1.788277,1.913697,0.037796,0.022970,0.043111,1270607,
ryzen7535hs,pthread,20000000,1,6,-,0,-,0,2,2.546371,,2.381648,,,,,,1270607,
ryzen7535hs,openmp,20000000,1,6,-,0,static,1,2,2.625562,,2.468606,,,,,,1270607,
ryzen7535hs,mpi,20000000,6,1,blockcyclic,1024,-,0,2,1.831427,0.000005,1.754197,1.553501,1.664414,0.213813,0.021361,0.042746,1270607,
ryzen7535hs,pthread,20000000,1,7,-,0,-,0,2,2.003273,,1.837181,,,,,,1270607,
ryzen7535hs,openmp,20000000,1,7,-,0,static,1,2,1.963755,,1.789451,,,,,,1270607,
ryzen7535hs,mpi,20000000,7,1,blockcyclic,1024,-,0,2,1.612480,0.000008,1.533456,1.422068,1.470038,0.063256,0.021654,0.042170,1270607,
ryzen7535hs,pthread,20000000,1,8,-,0,-,0,2,1.677528,,1.522761,,,,,,1270607,
ryzen7535hs,openmp,20000000,1,8,-,0,static,1,2,1.682480,,1.530067,,,,,,1270607,
ryzen7535hs,mpi,20000000,8,1,blockcyclic,1024,-,0,2,1.609485,0.000009,1.504219,1.298901,1.417449,0.097849,0.023700,0.065863,1270607,
ryzen7535hs,hybrid,20000000,1,1,blockcyclic,1024,dynamic,64,2,7.222454,0.000003,7.169633,7.169633,7.169633,0.014487,0.000000,0.038331,1270607,
ryzen7535hs,hybrid,20000000,1,2,blockcyclic,1024,dynamic,64,2,4.135488,0.000004,4.076116,4.076116,4.076116,0.016214,0.000001,0.043153,1270607,
ryzen7535hs,hybrid,20000000,1,4,blockcyclic,1024,dynamic,64,2,2.307952,0.000004,2.244503,2.244503,2.244503,0.017591,0.000001,0.045854,1270607,
ryzen7535hs,hybrid,20000000,1,8,blockcyclic,1024,dynamic,64,2,1.477844,0.000004,1.423350,1.423350,1.423350,0.014825,0.000001,0.039665,1270607,
ryzen7535hs,hybrid,20000000,2,1,blockcyclic,1024,dynamic,64,2,4.347520,0.000009,4.265257,4.260619,4.262938,0.014887,0.021973,0.045394,1270607,
ryzen7535hs,hybrid,20000000,2,2,blockcyclic,1024,dynamic,64,2,2.356749,0.000009,2.272034,2.270422,2.271228,0.017434,0.023822,0.043450,1270607,
ryzen7535hs,hybrid,20000000,2,4,blockcyclic,1024,dynamic,64,2,1.475038,0.000009,1.398994,1.375679,1.387336,0.037272,0.021716,0.040362,1270607,
ryzen7535hs,hybrid,20000000,4,1,blockcyclic,1024,dynamic,64,2,2.466008,0.000011,2.363728,2.262572,2.305133,0.016683,0.025436,0.060150,1270607,
ryzen7535hs,hybrid,20000000,4,2,blockcyclic,1024,dynamic,64,2,1.469475,0.000017,1.394392,1.320105,1.350972,0.067389,0.019293,0.043227,1270607,
ryzen7535hs,hybrid,20000000,8,1,blockcyclic,1024,dynamic,64,2,1.484607,0.000031,1.396914,1.274666,1.358198,0.016212,0.026681,0.044770,1270607,
ryzen7535hs,serial,20000000,1,1,-,0,-,0,3,7.382684,,7.233775,,,,,,1270607,
ryzen7535hs,pthread,20000000,1,1,-,0,-,0,3,7.771548,,7.606475,,,,,,1270607,
ryzen7535hs,openmp,20000000,1,1,-,0,static,1,3,7.732549,,7.573293,,,,,,1270607,
ryzen7535hs,mpi,20000000,1,1,blockcyclic,1024,-,0,3,7.397556,0.000000,7.339707,7.339707,7.339707,0.015154,0.000001,0.042694,1270607,
ryzen7535hs,pthread,20000000,1,2,-,0,-,0,3,4.631884,,4.479295,,,,,,1270607,
ryzen7535hs,openmp,20000000,1,2,-,0,static,1,3,4.402590,,4.210704,,,,,,1270607,
ryzen7535hs,mpi,20000000,2,1,blockcyclic,1024,-,0,3,4.088645,0.000005,4.015227,4.005065,4.010146,0.024178,0.020001,0.039395,1270607,
ryzen7535hs,pthread,20000000,1,3,-,0,-,0,3,4.428930,,4.260662,,,,,,1270607,
ryzen7535hs,openmp,20000000,1,3,-,0,static,1,3,4.585820,,4.427299,,,,,,1270607,
ryzen7535hs,mpi,20000000,3,1,blockcyclic,1024,-,0,3,3.176465,0.000007,3.061519,2.819661,2.946177,0.259232,0.034359,0.063206,1270607,
ryzen7535hs,pthread,20000000,1,4,-,0,-,0,3,2.546541,,2.370989,,,,,,1270607,
ryzen7535hs,openmp,20000000,1,4,-,0,static,1,3,2.567632,,2.404702,,,,,,1270607,
ryzen7535hs,mpi,20000000,4,1,blockcyclic,1024,-,0,3,2.467596,0.000005,2.395901,2.368371,2.382255,0.013353,0.019629,0.038709,1270607,
ryzen7535hs,pthread,20000000,1,5,-,0,-,0,3,2.551318,,2.390247,,,,,,1270607,
ryzen7535hs,openmp,20000000,1,5,-,0,static,1,3,2.549711,,2.358594,,,,,,1270607,
ryzen7535hs,mpi,20000000,5,1,blockcyclic,1024,-,0,3,2.055294,0.000008,1.975449,1.684308,1.867184,0.087239,0.019351,0.045881,1270607,
ryzen7535hs,pthread,20000000,1,6,-,0,-,0,3,2.613135,,2.429133,,,,,,1270607,
ryzen7535hs,openmp,20000000,1,6,-,0,static,1,3,2.577493,,2.421523,,,,,,1270607,
ryzen7535hs,mpi,20000000,6,1,blockcyclic,1024,-,0,3,1.873482,0.000005,1.794965,1.623911,1.724075,0.185524,0.022824,0.041218,1270607,
ryzen7535hs,pthread,20000000,1,7,-,0,-,0,3,2.018001,,1.860044,,,,,,1270607,
ryzen7535hs,openmp,20000000,1,7,-,0,static,1,3,2.057765,,1.898694,,,,,,1270607,
ryzen7535hs,mpi,20000000,7,1,blockcyclic,1024,-,0,3,1.706483,0.000006,1.628485,1.409952,1.556350,0.014005,0.021158,0.042974,1270607,
ryzen7535hs,pthread,20000000,1,8,-,0,-,0,3,1.659289,,1.501396,,,,,,1270607,
ryzen7535hs,openmp,20000000,1,8,-,0,static,1,3,1.700553,,1.539983,,,,,,1270607,
ryzen7535hs,mpi,20000000,8,1,blockcyclic,1024,-,0,3,1.535613,0.000008,1.448983,1.327079,1.391778,0.048943,0.022536,0.044372,1270607,
ryzen7535hs,hybrid,20000000,1,1,blockcyclic,1024,dynamic,64,3,7.504413,0.000003,7.448620,7.448620,7.448620,0.015270,0.000001,0.040518,1270607,
ryzen7535hs,hybrid,20000000,1,2,blockcyclic,1024,dynamic,64,3,4.077238,0.000004,4.019864,4.019864,4.019864,0.015549,0.000001,0.041821,1270607,
ryzen7535hs,hybrid,20000000,1,4,blockcyclic,1024,dynamic,64,3,2.295831,0.000003,2.237077,2.237077,2.237077,0.016125,0.000001,0.042625,1270607,
ryzen7535hs,hybrid,20000000,1,8,blockcyclic,1024,dynamic,64,3,1.453733,0.000003,1.393632,1.393632,1.393632,0.015299,0.000001,0.044799,1270607,
ryzen7535hs,hybrid,20000000,2,1,blockcyclic,1024,dynamic,64,3,4.391279,0.000010,4.317592,4.285698,4.301645,0.014093,0.020110,0.039473,1270607,
ryzen7535hs,hybrid,20000000,2,2,blockcyclic,1024,dynamic,64,3,2.361139,0.000010,2.288271,2.237256,2.262764,0.013760,0.019535,0.039564,1270607,
ryzen7535hs,hybrid,20000000,2,4,blockcyclic,1024,dynamic,64,3,1.444727,0.000010,1.371313,1.353062,1.362187,0.013583,0.020020,0.039801,1270607,
ryzen7535hs,hybrid,20000000,4,1,blockcyclic,1024,dynamic,64,3,2.448749,0.000010,2.370965,2.211497,2.307566,0.014904,0.021639,0.041230,1270607,
ryzen7535hs,hybrid,20000000,4,2,blockcyclic,1024,dynamic,64,3,1.444698,0.000010,1.371128,1.291921,1.325795,0.037571,0.019463,0.039961,1270607,
ryzen7535hs,hybrid,20000000,8,1,blockcyclic,1024,dynamic,64,3,1.556570,0.000013,1.457991,1.360233,1.386343,0.109724,0.031244,0.050416,1270607,
ryzen7535hs,serial_sieve,500000000,1,1,-,0,-,0,1,2.867448,,1.649208,,,,,,26355867,
ryzen7535hs,mpi_sieve,500000000,1,1,block,1024,-,0,1,3.273058,0.000000,1.580460,1.580460,1.580460,0.595160,0.000001,1.097436,26355867,
ryzen7535hs,mpi_sieve,500000000,2,1,block,1024,-,0,1,3.109837,0.000005,1.002817,0.991299,0.997058,0.926527,0.000001,1.180487,26355867,
ryzen7535hs,mpi_sieve,500000000,3,1,block,1024,-,0,1,2.639134,0.000010,0.768506,0.717112,0.745529,0.735441,0.000001,1.186570,26355867,
ryzen7535hs,mpi_sieve,500000000,4,1,block,1024,-,0,1,1.938328,0.000008,0.466478,0.434664,0.449653,0.321479,0.000001,1.173575,26355867,
ryzen7535hs,mpi_sieve,500000000,5,1,block,1024,-,0,1,1.944092,0.000008,0.409276,0.374726,0.391473,0.338092,0.000001,1.216737,26355867,
ryzen7535hs,mpi_sieve,500000000,6,1,block,1024,-,0,1,2.078804,0.000008,0.461708,0.420187,0.433846,0.508742,0.000001,1.149866,26355867,
ryzen7535hs,mpi_sieve,500000000,7,1,block,1024,-,0,1,1.704072,0.000007,0.288039,0.267026,0.275174,0.300778,0.000001,1.115247,26355867,
ryzen7535hs,mpi_sieve,500000000,8,1,block,1024,-,0,1,1.829416,0.000020,0.307072,0.281199,0.294399,0.400395,0.000001,1.147802,26355867,
ryzen7535hs,mpi_sieve,500000000,8,1,blockcyclic,1024,-,0,1,3.514561,0.000028,0.660188,0.621283,0.638258,0.460817,0.882477,1.530777,26355867,
ryzen7535hs,mpi_sieve,500000000,8,1,wblock,1024,-,0,1,3.208233,0.000009,0.690658,0.220124,0.349549,0.870666,0.000001,1.646899,26355867,
ryzen7535hs,hybrid_sieve,500000000,1,1,block,1024,dynamic,4,1,4.100393,0.000005,2.269686,2.269686,2.269686,0.399253,0.000001,1.431449,26355867,
ryzen7535hs,hybrid_sieve,500000000,1,2,block,1024,dynamic,4,1,3.014499,0.000005,1.655405,1.655405,1.655405,0.333234,0.000001,1.025855,26355867,
ryzen7535hs,hybrid_sieve,500000000,1,4,block,1024,dynamic,4,1,2.808875,0.000004,1.187387,1.187387,1.187387,0.477881,0.000001,1.143603,26355867,
ryzen7535hs,hybrid_sieve,500000000,1,8,block,1024,dynamic,4,1,2.542783,0.000005,1.016121,1.016121,1.016121,0.396011,0.000001,1.130645,26355867,
ryzen7535hs,hybrid_sieve,500000000,2,1,block,1024,dynamic,4,1,2.466164,0.000010,1.134533,1.099330,1.116932,0.320157,0.000001,1.011463,26355867,
ryzen7535hs,hybrid_sieve,500000000,2,2,block,1024,dynamic,4,1,2.117280,0.000009,0.748125,0.745526,0.746826,0.335205,0.000001,1.033940,26355867,
ryzen7535hs,hybrid_sieve,500000000,2,4,block,1024,dynamic,4,1,2.304710,0.000013,0.827181,0.822683,0.824932,0.386763,0.000001,1.095250,26355867,
ryzen7535hs,hybrid_sieve,500000000,4,1,block,1024,dynamic,4,1,2.335266,0.000012,0.967595,0.915526,0.935927,0.314592,0.000001,1.053065,26355867,
ryzen7535hs,hybrid_sieve,500000000,4,2,block,1024,dynamic,4,1,1.715103,0.000010,0.406759,0.384988,0.397160,0.294037,0.000001,1.030413,26355867,
ryzen7535hs,hybrid_sieve,500000000,8,1,block,1024,dynamic,4,1,1.749173,0.000028,0.315058,0.289701,0.304811,0.304874,0.000001,1.138606,26355867,
ryzen7535hs,serial_sieve,20000000,1,1,-,0,-,0,1,0.210330,,0.050364,,,,,,1270607,
ryzen7535hs,mpi_sieve,20000000,8,1,block,1024,-,0,1,0.084579,0.000016,0.010916,0.009134,0.010001,0.017338,0.000001,0.057337,1270607,
ryzen7535hs,hybrid_sieve,20000000,4,2,block,1024,dynamic,4,1,0.098563,0.000011,0.027097,0.018670,0.023004,0.024657,0.000001,0.053809,1270607,
ryzen7535hs,serial_sieve,50000000,1,1,-,0,-,0,1,0.248048,,0.137180,,,,,,3001134,
ryzen7535hs,mpi_sieve,50000000,8,1,block,1024,-,0,1,0.186131,0.000007,0.030700,0.027546,0.029076,0.041086,0.000001,0.115482,3001134,
ryzen7535hs,serial_sieve,100000000,1,1,-,0,-,0,1,0.545470,,0.278028,,,,,,5761455,
ryzen7535hs,mpi_sieve,100000000,8,1,block,1024,-,0,1,0.372027,0.000023,0.081139,0.048018,0.058339,0.099072,0.000001,0.219928,5761455,
ryzen7535hs,serial_sieve,200000000,1,1,-,0,-,0,1,0.963612,,0.552698,,,,,,11078937,
ryzen7535hs,mpi_sieve,200000000,8,1,block,1024,-,0,1,0.743618,0.000009,0.138215,0.116587,0.123204,0.140671,0.000001,0.476669,11078937,
ryzen7535hs,serial_sieve,500000000,1,1,-,0,-,0,2,2.635562,,1.494016,,,,,,26355867,
ryzen7535hs,mpi_sieve,500000000,1,1,block,1024,-,0,2,2.797165,0.000000,1.238142,1.238142,1.238142,0.550573,0.000001,1.008449,26355867,
ryzen7535hs,mpi_sieve,500000000,2,1,block,1024,-,0,2,2.379578,0.000007,0.873928,0.872664,0.873296,0.469629,0.000001,1.036014,26355867,
ryzen7535hs,mpi_sieve,500000000,3,1,block,1024,-,0,2,2.174262,0.000007,0.669372,0.615605,0.635941,0.532160,0.000001,1.019249,26355867,
ryzen7535hs,mpi_sieve,500000000,4,1,block,1024,-,0,2,1.868483,0.000007,0.486646,0.389052,0.436216,0.321936,0.000001,1.092958,26355867,
ryzen7535hs,mpi_sieve,500000000,5,1,block,1024,-,0,2,1.741089,0.000006,0.384803,0.347873,0.365201,0.323333,0.000001,1.063935,26355867,
ryzen7535hs,mpi_sieve,500000000,6,1,block,1024,-,0,2,1.908212,0.000010,0.322893,0.280424,0.292471,0.377199,0.000001,1.247875,26355867,
ryzen7535hs,mpi_sieve,500000000,7,1,block,1024,-,0,2,1.753335,0.000010,0.342261,0.307257,0.322680,0.347670,0.000001,1.098398,26355867,
ryzen7535hs,mpi_sieve,500000000,8,1,block,1024,-,0,2,1.710674,0.000007,0.265936,0.228047,0.243308,0.346698,0.000001,1.125329,26355867,
ryzen7535hs,mpi_sieve,500000000,8,1,blockcyclic,1024,-,0,2,3.040257,0.000007,0.626762,0.576506,0.609986,0.293435,0.727437,1.403421,26355867,
ryzen7535hs,mpi_sieve,500000000,8,1,wblock,1024,-,0,2,2.643032,0.000012,0.853728,0.235170,0.378608,0.601213,0.000001,1.188077,26355867,
ryzen7535hs,hybrid_sieve,500000000,1,1,block,1024,dynamic,4,2,3.367801,0.000003,2.050021,2.050021,2.050021,0.315174,0.000001,1.002601,26355867,
ryzen7535hs,hybrid_sieve,500000000,1,2,block,1024,dynamic,4,2,2.921438,0.000004,1.565860,1.565860,1.565860,0.327617,0.000001,1.027956,26355867,
ryzen7535hs,hybrid_sieve,500000000,1,4,block,1024,dynamic,4,2,2.530549,0.000004,1.086288,1.086288,1.086288,0.452830,0.000001,0.991427,26355867,
ryzen7535hs,hybrid_sieve,500000000,1,8,block,1024,dynamic,4,2,2.096265,0.000004,0.843317,0.843317,0.843317,0.309587,0.000001,0.943356,26355867,
ryzen7535hs,hybrid_sieve,500000000,2,1,block,1024,dynamic,4,2,2.557420,0.000009,1.103823,1.065023,1.084423,0.326345,0.000001,1.127241,26355867,
ryzen7535hs,hybrid_sieve,500000000,2,2,block,1024,dynamic,4,2,2.069483,0.000009,0.723034,0.696442,0.709738,0.334795,0.000001,1.011644,26355867,
ryzen7535hs,hybrid_sieve,500000000,2,4,block,1024,dynamic,4,2,1.872916,0.000008,0.610433,0.599107,0.604770,0.325604,0.000001,0.948197,26355867,
ryzen7535hs,hybrid_sieve,500000000,4,1,block,1024,dynamic,4,2,1.913999,0.000011,0.589151,0.564575,0.573551,0.284975,0.000001,1.039862,26355867,
ryzen7535hs,hybrid_sieve,500000000,4,2,block,1024,dynamic,4,2,1.859806,0.000010,0.402159,0.387180,0.396292,0.297497,0.000001,1.164368,26355867,
ryzen7535hs,hybrid_sieve,500000000,8,1,block,1024,dynamic,4,2,1.768639,0.000013,0.326333,0.289741,0.304554,0.301831,0.000001,1.140460,26355867,
ryzen7535hs,serial_sieve,20000000,1,1,-,0,-,0,2,0.212472,,0.053450,,,,,,1270607,
ryzen7535hs,mpi_sieve,20000000,8,1,block,1024,-,0,2,0.074857,0.000007,0.011282,0.010528,0.010764,0.017039,0.000000,0.047049,1270607,
ryzen7535hs,hybrid_sieve,20000000,4,2,block,1024,dynamic,4,2,0.105889,0.000011,0.045365,0.022215,0.028468,0.039901,0.000001,0.043531,1270607,
ryzen7535hs,serial_sieve,50000000,1,1,-,0,-,0,2,0.258359,,0.144562,,,,,,3001134,
ryzen7535hs,mpi_sieve,50000000,8,1,block,1024,-,0,2,0.189152,0.000006,0.040659,0.026420,0.030988,0.051567,0.000001,0.110901,3001134,
ryzen7535hs,serial_sieve,100000000,1,1,-,0,-,0,2,0.460303,,0.252103,,,,,,5761455,
ryzen7535hs,mpi_sieve,100000000,8,1,block,1024,-,0,2,0.356822,0.000007,0.063108,0.052916,0.058245,0.071643,0.000001,0.223933,5761455,
ryzen7535hs,serial_sieve,200000000,1,1,-,0,-,0,2,0.933288,,0.522981,,,,,,11078937,
ryzen7535hs,mpi_sieve,200000000,8,1,block,1024,-,0,2,0.668883,0.000007,0.102857,0.085861,0.093293,0.150004,0.000001,0.429207,11078937,
ryzen7535hs,serial_sieve,500000000,1,1,-,0,-,0,3,2.635205,,1.547612,,,,,,26355867,
ryzen7535hs,mpi_sieve,500000000,1,1,block,1024,-,0,3,2.945184,0.000000,1.436128,1.436128,1.436128,0.528454,0.000001,0.980601,26355867,
ryzen7535hs,mpi_sieve,500000000,2,1,block,1024,-,0,3,2.258965,0.000007,0.833627,0.815640,0.824633,0.448714,0.000001,0.994603,26355867,
ryzen7535hs,mpi_sieve,500000000,3,1,block,1024,-,0,3,2.118612,0.000007,0.543969,0.535347,0.539941,0.360621,0.000001,1.222636,26355867,
ryzen7535hs,mpi_sieve,500000000,4,1,block,1024,-,0,3,1.902959,0.000007,0.463785,0.444862,0.453675,0.387958,0.000001,1.068993,26355867,
ryzen7535hs,mpi_sieve,500000000,5,1,block,1024,-,0,3,1.767650,0.000005,0.358390,0.351508,0.354111,0.315851,0.000001,1.093403,26355867,
ryzen7535hs,mpi_sieve,500000000,6,1,block,1024,-,0,3,1.795628,0.000012,0.375411,0.343058,0.364330,0.328120,0.000001,1.103083,26355867,
ryzen7535hs,mpi_sieve,500000000,7,1,block,1024,-,0,3,1.797324,0.000010,0.329404,0.297149,0.313095,0.353738,0.000001,1.143945,26355867,
ryzen7535hs,mpi_sieve,500000000,8,1,block,1024,-,0,3,1.707291,0.000009,0.263795,0.223505,0.244038,0.317653,0.000001,1.146459,26355867,
ryzen7535hs,mpi_sieve,500000000,8,1,blockcyclic,1024,-,0,3,2.940218,0.000008,0.628127,0.581263,0.604528,0.329980,0.718929,1.294198,26355867,
ryzen7535hs,mpi_sieve,500000000,8,1,wblock,1024,-,0,3,2.022817,0.000008,0.543868,0.168043,0.252702,0.335562,0.000001,1.143378,26355867,
ryzen7535hs,hybrid_sieve,500000000,1,1,block,1024,dynamic,4,3,3.463911,0.000004,2.112373,2.112373,2.112373,0.321685,0.000001,1.029849,26355867,
ryzen7535hs,hybrid_sieve,500000000,1,2,block,1024,dynamic,4,3,2.893305,0.000004,1.420485,1.420485,1.420485,0.412993,0.000037,1.059787,26355867,
ryzen7535hs,hybrid_sieve,500000000,1,4,block,1024,dynamic,4,3,2.378091,0.000010,1.030421,1.030421,1.030421,0.329914,0.000001,1.017745,26355867,
ryzen7535hs,hybrid_sieve,500000000,1,8,block,1024,dynamic,4,3,2.605822,0.000004,1.262586,1.262586,1.262586,0.332153,0.000001,1.011077,26355867,
ryzen7535hs,hybrid_sieve,500000000,2,1,block,1024,dynamic,4,3,2.421960,0.000019,1.064338,1.016921,1.040629,0.344749,0.000001,1.012854,26355867,
ryzen7535hs,hybrid_sieve,500000000,2,2,block,1024,dynamic,4,3,2.143468,0.000012,0.706408,0.687124,0.696766,0.329763,0.000001,1.126568,26355867,
ryzen7535hs,hybrid_sieve,500000000,2,4,block,1024,dynamic,4,3,2.120013,0.000010,0.603012,0.577975,0.590493,0.315973,0.000001,1.201017,26355867,
ryzen7535hs,hybrid_sieve,500000000,4,1,block,1024,dynamic,4,3,1.922127,0.000010,0.575986,0.529727,0.549877,0.286694,0.000001,1.059437,26355867,
ryzen7535hs,hybrid_sieve,500000000,4,2,block,1024,dynamic,4,3,1.838943,0.000013,0.465342,0.433867,0.444913,0.274145,0.000001,1.099443,26355867,
ryzen7535hs,hybrid_sieve,500000000,8,1,block,1024,dynamic,4,3,1.735733,0.000019,0.331503,0.267559,0.293155,0.320213,0.000001,1.108024,26355867,
ryzen7535hs,serial_sieve,20000000,1,1,-,0,-,0,3,0.212521,,0.051966,,,,,,1270607,
ryzen7535hs,mpi_sieve,20000000,8,1,block,1024,-,0,3,0.093803,0.000017,0.016743,0.007472,0.011547,0.035168,0.000001,0.047050,1270607,
ryzen7535hs,hybrid_sieve,20000000,4,2,block,1024,dynamic,4,3,0.090288,0.000011,0.032442,0.018003,0.025696,0.024495,0.000000,0.041644,1270607,
ryzen7535hs,serial_sieve,50000000,1,1,-,0,-,0,3,0.291250,,0.141399,,,,,,3001134,
ryzen7535hs,mpi_sieve,50000000,8,1,block,1024,-,0,3,0.206637,0.000008,0.052141,0.024890,0.032960,0.063761,0.000001,0.115233,3001134,
ryzen7535hs,serial_sieve,100000000,1,1,-,0,-,0,3,0.466402,,0.265921,,,,,,5761455,
ryzen7535hs,mpi_sieve,100000000,8,1,block,1024,-,0,3,0.340656,0.000007,0.059361,0.053300,0.055712,0.067075,0.000001,0.217239,5761455,
ryzen7535hs,serial_sieve,200000000,1,1,-,0,-,0,3,0.974453,,0.564217,,,,,,11078937,
ryzen7535hs,mpi_sieve,200000000,8,1,block,1024,-,0,3,0.751795,0.000072,0.115678,0.105363,0.110598,0.164123,0.000001,0.471920,11078937,
ryzen7535hs,serial,20000000,1,1,-,0,-,0,1,7.222317,,7.081001,,,,,,1270607,7.222317
ryzen7535hs,pthread,20000000,1,1,-,0,-,0,1,8.028646,,7.858738,,,,,,1270607,8.028646
ryzen7535hs,openmp,20000000,1,1,-,0,static,1,1,7.943121,,7.770113,,,,,,1270607,7.943121
ryzen7535hs,mpi,20000000,1,1,blockcyclic,1024,-,0,1,7.341828,0.000001,7.289931,7.289931,7.289931,0.015434,0.000001,0.036462,1270607,7.839429
ryzen7535hs,pthread,20000000,1,2,-,0,-,0,1,4.434792,,4.272684,,,,,,1270607,4.434792
ryzen7535hs,openmp,20000000,1,2,-,0,static,1,1,4.474517,,4.302110,,,,,,1270607,4.474517
ryzen7535hs,mpi,20000000,2,1,blockcyclic,1024,-,0,1,4.456340,0.000005,4.380284,4.347033,4.363658,0.013686,0.021335,0.041031,1270607,4.928972
ryzen7535hs,pthread,20000000,1,3,-,0,-,0,1,4.732476,,4.503911,,,,,,1270607,4.732476
ryzen7535hs,openmp,20000000,1,3,-,0,static,1,1,4.667355,,4.503449,,,,,,1270607,4.667355
ryzen7535hs,mpi,20000000,3,1,blockcyclic,1024,-,0,1,3.193517,0.000004,3.118171,2.841068,2.991998,0.292958,0.020998,0.038489,1270607,3.678619
ryzen7535hs,pthread,20000000,1,4,-,0,-,0,1,2.681258,,2.519556,,,,,,1270607,2.681258
ryzen7535hs,openmp,20000000,1,4,-,0,static,1,1,2.682125,,2.523470,,,,,,1270607,2.682125
ryzen7535hs,mpi,20000000,4,1,blockcyclic,1024,-,0,1,2.511453,0.000005,2.438206,2.264446,2.391626,0.188133,0.019396,0.039473,1270607,3.006443
ryzen7535hs,pthread,20000000,1,5,-,0,-,0,1,2.528361,,2.371234,,,,,,1270607,2.528361
ryzen7535hs,openmp,20000000,1,5,-,0,static,1,1,2.639249,,2.466196,,,,,,1270607,2.639249
ryzen7535hs,mpi,20000000,5,1,blockcyclic,1024,-,0,1,2.155655,0.000005,2.072734,1.974939,2.027256,0.049062,0.023347,0.044320,1270607,2.672246
ryzen7535hs,pthread,20000000,1,6,-,0,-,0,1,2.730754,,2.576797,,,,,,1270607,2.730754
ryzen7535hs,openmp,20000000,1,6,-,0,static,1,1,2.678158,,2.474955,,,,,,1270607,2.678158
ryzen7535hs,mpi,20000000,6,1,blockcyclic,1024,-,0,1,1.818936,0.000007,1.729991,1.567475,1.638857,0.174071,0.024922,0.048845,1270607,2.341832
ryzen7535hs,pthread,20000000,1,7,-,0,-,0,1,2.066423,,1.869243,,,,,,1270607,2.066423
ryzen7535hs,openmp,20000000,1,7,-,0,static,1,1,2.019895,,1.825689,,,,,,1270607,2.019895
ryzen7535hs,mpi,20000000,7,1,blockcyclic,1024,-,0,1,1.697765,0.000007,1.605900,1.407139,1.515566,0.030023,0.023905,0.054038,1270607,2.285340
ryzen7535hs,pthread,20000000,1,8,-,0,-,0,1,1.788434,,1.626859,,,,,,1270607,1.788434
ryzen7535hs,openmp,20000000,1,8,-,0,static,1,1,1.672716,,1.501745,,,,,,1270607,1.672716
ryzen7535hs,mpi,20000000,8,1,blockcyclic,1024,-,0,1,1.458085,0.000016,1.375471,1.247472,1.323598,0.023088,0.022617,0.045092,1270607,2.032106
ryzen7535hs,hybrid,20000000,1,1,blockcyclic,1024,dynamic,64,1,7.351351,0.000004,7.296834,7.296834,7.296834,0.014911,0.000000,0.039602,1270607,7.827953
ryzen7535hs,hybrid,20000000,1,2,blockcyclic,1024,dynamic,64,1,4.149249,0.000004,4.091493,4.091493,4.091493,0.016219,0.000001,0.041533,1270607,4.638258
ryzen7535hs,hybrid,20000000,1,4,blockcyclic,1024,dynamic,64,1,2.244671,0.000004,2.187522,2.187522,2.187522,0.015850,0.000001,0.041295,1270607,2.716172
ryzen7535hs,hybrid,20000000,1,8,blockcyclic,1024,dynamic,64,1,1.456383,0.000003,1.398983,1.398983,1.398983,0.014888,0.000001,0.042507,1270607,1.976012
ryzen7535hs,hybrid,20000000,2,1,blockcyclic,1024,dynamic,64,1,4.243127,0.000011,4.170627,4.134091,4.152359,0.014081,0.019679,0.038731,1270607,4.720013
ryzen7535hs,hybrid,20000000,2,2,blockcyclic,1024,dynamic,64,1,2.457454,0.000009,2.383724,2.345095,2.364409,0.013360,0.021394,0.038968,1270607,2.928548
ryzen7535hs,hybrid,20000000,2,4,blockcyclic,1024,dynamic,64,1,1.510133,0.000012,1.435721,1.420138,1.427930,0.029575,0.019517,0.040891,1270607,1.991257
ryzen7535hs,hybrid,20000000,4,1,blockcyclic,1024,dynamic,64,1,2.343060,0.000010,2.264230,2.111785,2.198108,0.013070,0.022183,0.043566,1270607,2.847216
ryzen7535hs,hybrid,20000000,4,2,blockcyclic,1024,dynamic,64,1,1.547235,0.000010,1.471415,1.398316,1.427473,0.013155,0.021478,0.041178,1270607,2.060826
ryzen7535hs,hybrid,20000000,8,1,blockcyclic,1024,dynamic,64,1,1.503908,0.000018,1.406507,1.300277,1.358942,0.093156,0.030151,0.045368,1270607,2.068320
ryzen7535hs,serial,20000000,1,1,-,0,-,0,2,7.398268,,7.243451,,,,,,1270607,7.398268
ryzen7535hs,pthread,20000000,1,1,-,0,-,0,2,7.874082,,7.685461,,,,,,1270607,7.874082
ryzen7535hs,openmp,20000000,1,1,-,0,static,1,2,8.526073,,8.265711,,,,,,1270607,8.526073
ryzen7535hs,mpi,20000000,1,1,blockcyclic,1024,-,0,2,7.728400,0.000000,7.647129,7.647129,7.647129,0.025612,0.000001,0.055659,1270607,8.333028
ryzen7535hs,pthread,20000000,1,2,-,0,-,0,2,4.683982,,4.513164,,,,,,1270607,4.683982
ryzen7535hs,openmp,20000000,1,2,-,0,static,1,2,4.488295,,4.259670,,,,,,1270607,4.488295
ryzen7535hs,mpi,20000000,2,1,blockcyclic,1024,-,0,2,4.161075,0.000008,4.069504,4.057468,4.063486,0.028060,0.025655,0.049884,1270607,4.836628
ryzen7535hs,pthread,20000000,1,3,-,0,-,0,2,4.325803,,4.138556,,,,,,1270607,4.325803
ryzen7535hs,openmp,20000000,1,3,-,0,static,1,2,4.391981,,4.218678,,,,,,1270607,4.391981
ryzen7535hs,mpi,20000000,3,1,blockcyclic,1024,-,0,2,2.830495,0.000034,2.742950,2.701581,2.721235,0.015315,0.024997,0.047199,1270607,3.333538
ryzen7535hs,pthread,20000000,1,4,-,0,-,0,2,2.510113,,2.342953,,,,,,1270607,2.510113
ryzen7535hs,openmp,20000000,1,4,-,0,static,1,2,2.658465,,2.448798,,,,,,1270607,2.658465
ryzen7535hs,mpi,20000000,4,1,blockcyclic,1024,-,0,2,2.319247,0.000009,2.242528,2.167811,2.205215,0.088077,0.021134,0.042215,1270607,2.867013
ryzen7535hs,pthread,20000000,1,5,-,0,-,0,2,2.462985,,2.291815,,,,,,1270607,2.462985
ryzen7535hs,openmp,20000000,1,5,-,0,static,1,2,2.676042,,2.460716,,,,,,1270607,2.676042
ryzen7535hs,mpi,20000000,5,1,blockcyclic,1024,-,0,2,2.075535,0.000004,1.999009,1.816193,1.930101,0.077610,0.019930,0.042423,1270607,2.593276
ryzen7535hs,pthread,20000000,1,6,-,0,-,0,2,2.615416,,2.452783,,,,,,1270607,2.615416
ryzen7535hs,openmp,20000000,1,6,-,0,static,1,2,2.660554,,2.495970,,,,,,1270607,2.660554
ryzen7535hs,mpi,20000000,6,1,blockcyclic,1024,-,0,2,1.844632,0.000006,1.763349,1.657022,1.705903,0.014724,0.022353,0.044199,1270607,2.382133
ryzen7535hs,pthread,20000000,1,7,-,0,-,0,2,1.983624,,1.822394,,,,,,1270607,1.983624
ryzen7535hs,openmp,20000000,1,7,-,0,static,1,2,2.101383,,1.906106,,,,,,1270607,2.101383
ryzen7535hs,mpi,20000000,7,1,blockcyclic,1024,-,0,2,1.630469,0.000006,1.544008,1.501007,1.521613,0.056495,0.024080,0.048881,1270607,2.171875
ryzen7535hs,pthread,20000000,1,8,-,0,-,0,2,1.657189,,1.499708,,,,,,1270607,1.657189
ryzen7535hs,openmp,20000000,1,8,-,0,static,1,2,1.698617,,1.491467,,,,,,1270607,1.698617
ryzen7535hs,mpi,20000000,8,1,blockcyclic,1024,-,0,2,1.496483,0.000023,1.411789,1.322235,1.378727,0.036234,0.022092,0.047771,1270607,2.089594
ryzen7535hs,hybrid,20000000,1,1,blockcyclic,1024,dynamic,64,2,7.334393,0.000004,7.241466,7.241466,7.241466,0.027930,0.000001,0.064993,1270607,7.814519
ryzen7535hs,hybrid,20000000,1,2,blockcyclic,1024,dynamic,64,2,4.359203,0.000003,4.304003,4.304003,4.304003,0.015397,0.000001,0.039799,1270607,4.822593
ryzen7535hs,hybrid,20000000,1,4,blockcyclic,1024,dynamic,64,2,2.378023,0.000026,2.323981,2.323981,2.323981,0.014683,0.000000,0.039333,1270607,2.837455
ryzen7535hs,hybrid,20000000,1,8,blockcyclic,1024,dynamic,64,2,1.504467,0.000003,1.444794,1.444794,1.444794,0.015140,0.000001,0.044529,1270607,1.965963
ryzen7535hs,hybrid,20000000,2,1,blockcyclic,1024,dynamic,64,2,4.110443,0.000010,4.001748,3.973382,3.987565,0.021950,0.031078,0.055656,1270607,4.637558
ryzen7535hs,hybrid,20000000,2,2,blockcyclic,1024,dynamic,64,2,2.411334,0.000011,2.337764,2.241915,2.289840,0.109622,0.019874,0.039912,1270607,2.889684
ryzen7535hs,hybrid,20000000,2,4,blockcyclic,1024,dynamic,64,2,1.554690,0.000012,1.478370,1.430911,1.454640,0.063503,0.020058,0.040206,1270607,2.047425
ryzen7535hs,hybrid,20000000,4,1,blockcyclic,1024,dynamic,64,2,2.357051,0.000012,2.277060,2.228663,2.246658,0.013619,0.022439,0.043920,1270607,2.872199
ryzen7535hs,hybrid,20000000,4,2,blockcyclic,1024,dynamic,64,2,1.470347,0.000009,1.400372,1.322963,1.369579,0.012353,0.018904,0.038708,1270607,1.995883
ryzen7535hs,hybrid,20000000,8,1,blockcyclic,1024,dynamic,64,2,1.430781,0.000011,1.345909,1.246801,1.307723,0.115488,0.026970,0.041511,1270607,1.984078
ryzen7535hs,serial,20000000,1,1,-,0,-,0,3,7.456848,,7.325015,,,,,,1270607,7.456848
ryzen7535hs,pthread,20000000,1,1,-,0,-,0,3,7.834447,,7.663930,,,,,,1270607,7.834447
ryzen7535hs,openmp,20000000,1,1,-,0,static,1,3,7.782105,,7.610730,,,,,,1270607,7.782105
ryzen7535hs,mpi,20000000,1,1,blockcyclic,1024,-,0,3,7.297069,0.000000,7.237815,7.237815,7.237815,0.015189,0.000001,0.044064,1270607,7.780418
ryzen7535hs,pthread,20000000,1,2,-,0,-,0,3,4.755547,,4.593245,,,,,,1270607,4.755547
ryzen7535hs,openmp,20000000,1,2,-,0,static,1,3,4.645079,,4.481538,,,,,,1270607,4.645079
ryzen7535hs,mpi,20000000,2,1,blockcyclic,1024,-,0,3,4.357955,0.000006,4.279234,4.262946,4.271090,0.033293,0.020887,0.040823,1270607,4.837416
ryzen7535hs,pthread,20000000,1,3,-,0,-,0,3,4.365326,,4.196523,,,,,,1270607,4.365326
ryzen7535hs,openmp,20000000,1,3,-,0,static,1,3,4.476353,,4.313324,,,,,,1270607,4.476353
ryzen7535hs,mpi,20000000,3,1,blockcyclic,1024,-,0,3,3.111693,0.000005,3.038520,2.921497,2.960563,0.013387,0.019725,0.040055,1270607,3.606253
ryzen7535hs,pthread,20000000,1,4,-,0,-,0,3,2.723778,,2.567723,,,,,,1270607,2.723778
ryzen7535hs,openmp,20000000,1,4,-,0,static,1,3,2.647089,,2.489098,,,,,,1270607,2.647089
ryzen7535hs,mpi,20000000,4,1,blockcyclic,1024,-,0,3,2.477340,0.000013,2.394819,2.339887,2.372086,0.069318,0.028627,0.039495,1270607,3.013977
ryzen7535hs,pthread,20000000,1,5,-,0,-,0,3,2.717210,,2.563371,,,,,,1270607,2.717210
ryzen7535hs,openmp,20000000,1,5,-,0,static,1,3,2.729841,,2.565633,,,,,,1270607,2.729841
ryzen7535hs,mpi,20000000,5,1,blockcyclic,1024,-,0,3,2.165452,0.000006,2.089398,1.907067,2.002454,0.014399,0.019834,0.041814,1270607,2.680425
ryzen7535hs,pthread,20000000,1,6,-,0,-,0,3,2.536285,,2.373464,,,,,,1270607,2.536285
ryzen7535hs,openmp,20000000,1,6,-,0,static,1,3,2.676769,,2.519216,,,,,,1270607,2.676769
ryzen7535hs,mpi,20000000,6,1,blockcyclic,1024,-,0,3,1.851535,0.000006,1.774438,1.658418,1.689207,0.099027,0.021445,0.042584,1270607,2.381427
ryzen7535hs,pthread,20000000,1,7,-,0,-,0,3,2.003156,,1.848000,,,,,,1270607,2.003156
ryzen7535hs,openmp,20000000,1,7,-,0,static,1,3,1.997070,,1.839552,,,,,,1270607,1.997070
ryzen7535hs,mpi,20000000,7,1,blockcyclic,1024,-,0,3,1.667612,0.000007,1.588060,1.411476,1.517650,0.054850,0.020873,0.045759,1270607,2.225188
ryzen7535hs,pthread,20000000,1,8,-,0,-,0,3,1.688494,,1.536238,,,,,,1270607,1.688494
ryzen7535hs,openmp,20000000,1,8,-,0,static,1,3,1.720840,,1.562410,,,,,,1270607,1.720840
ryzen7535hs,mpi,20000000,8,1,blockcyclic,1024,-,0,3,1.620550,0.000007,1.534187,1.311114,1.446855,0.081043,0.024391,0.048178,1270607,2.181324
ryzen7535hs,hybrid,20000000,1,1,blockcyclic,1024,dynamic,64,3,7.195328,0.000004,7.140122,7.140122,7.140122,0.014800,0.000000,0.040401,1270607,7.648725
ryzen7535hs,hybrid,20000000,1,2,blockcyclic,1024,dynamic,64,3,4.272201,0.000003,4.218005,4.218005,4.218005,0.015125,0.000001,0.039067,1270607,4.734430
ryzen7535hs,hybrid,20000000,1,4,blockcyclic,1024,dynamic,64,3,2.466888,0.000004,2.413131,2.413131,2.413131,0.014512,0.000000,0.039241,1270607,2.931441
ryzen7535hs,hybrid,20000000,1,8,blockcyclic,1024,dynamic,64,3,1.534568,0.000011,1.480397,1.480397,1.480397,0.014979,0.000001,0.039180,1270607,1.994332
ryzen7535hs,hybrid,20000000,2,1,blockcyclic,1024,dynamic,64,3,4.530814,0.000009,4.455724,4.443884,4.449804,0.016364,0.019443,0.039274,1270607,4.998010
ryzen7535hs,hybrid,20000000,2,2,blockcyclic,1024,dynamic,64,3,2.425261,0.000008,2.351197,2.332776,2.341987,0.032316,0.021110,0.039050,1270607,2.900497
ryzen7535hs,hybrid,20000000,2,4,blockcyclic,1024,dynamic,64,3,1.556991,0.000008,1.482104,1.445900,1.464002,0.015745,0.020346,0.038787,1270607,2.032068
ryzen7535hs,hybrid,20000000,4,1,blockcyclic,1024,dynamic,64,3,2.507172,0.000010,2.432822,2.335757,2.385564,0.110103,0.020461,0.040841,1270607,3.014848
ryzen7535hs,hybrid,20000000,4,2,blockcyclic,1024,dynamic,64,3,1.502266,0.000008,1.427973,1.357855,1.394581,0.076621,0.019657,0.039132,1270607,1.999351
ryzen7535hs,hybrid,20000000,8,1,blockcyclic,1024,dynamic,64,3,1.494002,0.000011,1.415427,1.292178,1.375514,0.083992,0.021503,0.043026,1270607,2.048366
ryzen7535hs,mpi,20000000,1,1,block,1024,-,0,1,7.231875,0.000000,7.168168,7.168168,7.168168,0.025368,0.000001,0.038338,1270607,7.934221
ryzen7535hs,mpi,20000000,2,1,block,1024,-,0,1,4.857733,0.000006,4.786668,2.993410,3.890039,1.822857,0.000001,0.041460,1270607,5.334291
ryzen7535hs,mpi,20000000,4,1,block,1024,-,0,1,2.775311,0.000007,2.704968,1.181527,2.096037,1.549862,0.000000,0.043915,1270607,3.272182
ryzen7535hs,mpi,20000000,8,1,block,1024,-,0,1,1.720761,0.000008,1.649199,0.570240,1.233176,1.104937,0.000000,0.045576,1270607,2.276352
ryzen7535hs,mpi,20000000,1,1,cyclic,1024,-,0,1,7.247700,0.000000,7.181963,7.181963,7.181963,0.024853,0.000001,0.040883,1270607,7.712260
ryzen7535hs,mpi,20000000,2,1,cyclic,1024,-,0,1,4.123917,0.000005,4.020259,3.966966,3.993613,0.079240,0.035697,0.042010,1270607,4.594988
ryzen7535hs,mpi,20000000,3,1,cyclic,1024,-,0,1,3.961076,0.000005,3.857227,0.016851,2.572745,3.862977,0.040609,0.040635,1270607,4.443016
ryzen7535hs,mpi,20000000,4,1,cyclic,1024,-,0,1,2.410859,0.000007,2.285971,2.149454,2.235861,0.084648,0.053136,0.047241,1270607,2.916949
ryzen7535hs,mpi,20000000,5,1,cyclic,1024,-,0,1,2.267397,0.000006,2.145003,0.021977,1.678288,0.027407,0.051008,0.043974,1270607,2.790589
ryzen7535hs,mpi,20000000,6,1,cyclic,1024,-,0,1,2.241846,0.000007,2.123663,0.010593,1.406099,2.136026,0.053596,0.041624,1270607,2.764483
ryzen7535hs,mpi,20000000,7,1,cyclic,1024,-,0,1,1.675558,0.000007,1.550626,0.023529,1.285651,0.078271,0.055295,0.043766,1270607,2.214923
ryzen7535hs,mpi,20000000,8,1,cyclic,1024,-,0,1,1.571629,0.000006,1.391307,1.273935,1.349109,0.046808,0.084590,0.058454,1270607,2.149053
ryzen7535hs,mpi,20000000,1,1,blockcyclic,1024,-,0,1,7.345049,0.000000,7.258350,7.258350,7.258350,0.041720,0.000001,0.044977,1270607,7.803665
ryzen7535hs,mpi,20000000,2,1,blockcyclic,1024,-,0,1,4.353038,0.000007,4.242826,4.200118,4.221472,0.075921,0.024709,0.052283,1270607,4.834051
ryzen7535hs,mpi,20000000,3,1,blockcyclic,1024,-,0,1,2.982966,0.000005,2.889911,2.839514,2.866899,0.025184,0.026216,0.041650,1270607,3.489186
ryzen7535hs,mpi,20000000,4,1,blockcyclic,1024,-,0,1,2.394563,0.000006,2.296956,2.156250,2.239914,0.025995,0.029047,0.042558,1270607,2.893958
ryzen7535hs,mpi,20000000,5,1,blockcyclic,1024,-,0,1,1.924876,0.000007,1.826012,1.714400,1.775317,0.135754,0.028378,0.046338,1270607,2.435877
ryzen7535hs,mpi,20000000,6,1,blockcyclic,1024,-,0,1,1.756513,0.000006,1.659155,1.532968,1.596406,0.079416,0.030437,0.041471,1270607,2.282353
ryzen7535hs,mpi,20000000,7,1,blockcyclic,1024,-,0,1,1.685954,0.000008,1.586492,1.432029,1.507046,0.067450,0.033175,0.043896,1270607,2.237474
ryzen7535hs,mpi,20000000,8,1,blockcyclic,1024,-,0,1,1.449336,0.000012,1.369960,1.308468,1.337895,0.071543,0.023924,0.042024,1270607,2.008987
ryzen7535hs,mpi,20000000,1,1,wblock,1024,-,0,1,7.180193,0.000000,7.116432,7.116432,7.116432,0.024035,0.000001,0.039724,1270607,7.638133
ryzen7535hs,mpi,20000000,2,1,wblock,1024,-,0,1,4.352014,0.000005,4.284097,4.006929,4.145513,0.024175,0.000001,0.043737,1270607,4.822914
ryzen7535hs,mpi,20000000,4,1,wblock,1024,-,0,1,2.382473,0.000006,2.316455,2.087558,2.167035,0.025215,0.000001,0.040796,1270607,2.878451
ryzen7535hs,mpi,20000000,8,1,wblock,1024,-,0,1,1.455712,0.000009,1.382072,1.200280,1.284779,0.025228,0.000001,0.048402,1270607,2.012055
ryzen7535hs,mpi,20000000,8,1,blockcyclic,16,-,0,1,1.462871,0.000008,1.359481,1.251622,1.296036,0.098803,0.045942,0.042609,1270607,2.014735
ryzen7535hs,mpi,20000000,8,1,blockcyclic,64,-,0,1,1.401850,0.000008,1.321994,1.254590,1.286966,0.058392,0.025963,0.040630,1270607,1.947448
ryzen7535hs,mpi,20000000,8,1,blockcyclic,256,-,0,1,1.465988,0.000006,1.363862,1.269490,1.301716,0.098561,0.031837,0.047113,1270607,2.012897
ryzen7535hs,mpi,20000000,8,1,blockcyclic,1024,-,0,1,1.451649,0.000007,1.358620,1.282197,1.335593,0.056677,0.027325,0.043421,1270607,2.008123
ryzen7535hs,mpi,20000000,8,1,blockcyclic,4096,-,0,1,1.415789,0.000009,1.326417,1.228103,1.286584,0.109004,0.023565,0.043568,1270607,1.966884
ryzen7535hs,mpi,20000000,8,1,blockcyclic,16384,-,0,1,1.424156,0.000008,1.322767,1.203110,1.271133,0.022594,0.034086,0.044702,1270607,1.978818
ryzen7535hs,hybrid,20000000,2,4,blockcyclic,1024,static,1,1,1.426035,0.000010,1.354211,1.301202,1.327707,0.066244,0.018720,0.039858,1270607,1.902482
ryzen7535hs,hybrid,20000000,2,4,blockcyclic,1024,static,16,1,1.462633,0.000011,1.387600,1.369056,1.378328,0.035962,0.018917,0.038687,1270607,1.941307
ryzen7535hs,hybrid,20000000,2,4,blockcyclic,1024,static,64,1,1.510474,0.000009,1.431343,1.428409,1.429876,0.017375,0.020143,0.041604,1270607,1.984358
ryzen7535hs,hybrid,20000000,2,4,blockcyclic,1024,static,256,1,1.516508,0.000008,1.436994,1.404384,1.420689,0.018215,0.020156,0.041136,1270607,1.990357
ryzen7535hs,hybrid,20000000,2,4,blockcyclic,1024,dynamic,1,1,1.519736,0.000010,1.435780,1.432873,1.434327,0.018988,0.020519,0.047345,1270607,1.993796
ryzen7535hs,hybrid,20000000,2,4,blockcyclic,1024,dynamic,16,1,1.381108,0.000008,1.303583,1.292552,1.298068,0.017121,0.019888,0.040507,1270607,1.860163
ryzen7535hs,hybrid,20000000,2,4,blockcyclic,1024,dynamic,64,1,1.427107,0.000009,1.350801,1.324737,1.337769,0.043611,0.018960,0.039790,1270607,1.892798
ryzen7535hs,hybrid,20000000,2,4,blockcyclic,1024,dynamic,256,1,1.532176,0.000008,1.427568,1.418365,1.422967,0.016039,0.032991,0.055570,1270607,2.003270
ryzen7535hs,hybrid,20000000,2,4,blockcyclic,1024,guided,1,1,1.400547,0.000009,1.318883,1.307755,1.313319,0.029864,0.022197,0.040722,1270607,1.865180
ryzen7535hs,hybrid,20000000,2,4,blockcyclic,1024,guided,16,1,1.399785,0.000013,1.317297,1.292494,1.304895,0.040101,0.025452,0.041725,1270607,1.868209
ryzen7535hs,hybrid,20000000,2,4,blockcyclic,1024,guided,64,1,1.441216,0.000012,1.364521,1.362270,1.363396,0.019397,0.019470,0.040067,1270607,1.912274
ryzen7535hs,hybrid,20000000,2,4,blockcyclic,1024,guided,256,1,1.522401,0.000009,1.447355,1.443093,1.445224,0.014701,0.020207,0.040129,1270607,1.992535
ryzen7535hs,mpi,20000000,1,1,block,1024,-,0,2,7.331410,0.000000,7.269731,7.269731,7.269731,0.020315,0.000001,0.041363,1270607,7.788198
ryzen7535hs,mpi,20000000,2,1,block,1024,-,0,2,4.849414,0.000005,4.792672,2.945734,3.869203,1.864208,0.000000,0.039467,1270607,5.319340
ryzen7535hs,mpi,20000000,4,1,block,1024,-,0,2,2.863728,0.000005,2.801464,1.285780,2.150184,1.535756,0.000000,0.042187,1270607,3.367274
ryzen7535hs,mpi,20000000,8,1,block,1024,-,0,2,1.698918,0.000007,1.617283,0.599489,1.211171,1.049866,0.000001,0.049556,1270607,2.255322
ryzen7535hs,mpi,20000000,1,1,cyclic,1024,-,0,2,7.211146,0.000000,7.147780,7.147780,7.147780,0.021360,0.000001,0.042005,1270607,7.664780
ryzen7535hs,mpi,20000000,2,1,cyclic,1024,-,0,2,4.770593,0.000005,4.675758,4.660907,4.668333,0.034463,0.035043,0.040175,1270607,5.246456
ryzen7535hs,mpi,20000000,3,1,cyclic,1024,-,0,2,4.025706,0.000006,3.925456,0.018068,2.618813,3.927174,0.040237,0.040222,1270607,4.507736
ryzen7535hs,mpi,20000000,4,1,cyclic,1024,-,0,2,2.449197,0.000005,2.341453,2.284986,2.324718,0.027805,0.047714,0.039860,1270607,2.943692
ryzen7535hs,mpi,20000000,5,1,cyclic,1024,-,0,2,2.315444,0.000007,2.200782,0.022869,1.733393,0.065325,0.049981,0.040988,1270607,2.830939
ryzen7535hs,mpi,20000000,6,1,cyclic,1024,-,0,2,2.325187,0.000006,2.207063,0.010680,1.464698,2.220521,0.052008,0.041972,1270607,2.845806
ryzen7535hs,mpi,20000000,7,1,cyclic,1024,-,0,2,1.752312,0.000006,1.623864,0.024723,1.370263,0.024814,0.056284,0.047345,1270607,2.296678
ryzen7535hs,mpi,20000000,8,1,cyclic,1024,-,0,2,1.499222,0.000013,1.368147,1.263115,1.300748,0.103036,0.059242,0.045203,1270607,2.077384
ryzen7535hs,mpi,20000000,1,1,blockcyclic,1024,-,0,2,7.271494,0.000000,7.216981,7.216981,7.216981,0.014591,0.000001,0.039921,1270607,7.729891
ryzen7535hs,mpi,20000000,2,1,blockcyclic,1024,-,0,2,4.501167,0.000005,4.414950,4.398252,4.406601,0.021493,0.023436,0.041284,1270607,4.971149
ryzen7535hs,mpi,20000000,3,1,blockcyclic,1024,-,0,2,2.861606,0.000006,2.774017,2.760795,2.767973,0.025763,0.025818,0.040913,1270607,3.347184
ryzen7535hs,mpi,20000000,4,1,blockcyclic,1024,-,0,2,2.501000,0.000005,2.412831,2.323414,2.373330,0.111519,0.027103,0.038959,1270607,2.999862
ryzen7535hs,mpi,20000000,5,1,blockcyclic,1024,-,0,2,1.984050,0.000006,1.893782,1.786584,1.842669,0.029508,0.027600,0.040789,1270607,2.497310
ryzen7535hs,mpi,20000000,6,1,blockcyclic,1024,-,0,2,1.913566,0.000006,1.818179,1.634992,1.741377,0.208066,0.028541,0.041960,1270607,2.434897
ryzen7535hs,mpi,20000000,7,1,blockcyclic,1024,-,0,2,1.581834,0.000006,1.487964,1.352021,1.433948,0.096604,0.029405,0.043413,1270607,2.126452
ryzen7535hs,mpi,20000000,8,1,blockcyclic,1024,-,0,2,1.464982,0.000008,1.367492,1.285614,1.320305,0.110352,0.027529,0.041478,1270607,2.015327
ryzen7535hs,mpi,20000000,1,1,wblock,1024,-,0,2,7.248980,0.000000,7.193658,7.193658,7.193658,0.014560,0.000001,0.040762,1270607,7.699497
ryzen7535hs,mpi,20000000,2,1,wblock,1024,-,0,2,4.667148,0.000005,4.607194,4.290466,4.448830,0.019244,0.000001,0.040704,1270607,5.131490
ryzen7535hs,mpi,20000000,4,1,wblock,1024,-,0,2,2.611712,0.000005,2.547828,2.230280,2.361332,0.024438,0.000000,0.039440,1270607,3.101713
ryzen7535hs,mpi,20000000,8,1,wblock,1024,-,0,2,1.558710,0.000010,1.489547,1.172591,1.338576,0.023908,0.000000,0.045246,1270607,2.112938
ryzen7535hs,mpi,20000000,8,1,blockcyclic,16,-,0,2,1.546143,0.000006,1.417424,1.271291,1.350835,0.078638,0.048707,0.048498,1270607,2.103835
ryzen7535hs,mpi,20000000,8,1,blockcyclic,64,-,0,2,1.464835,0.000015,1.368540,1.222846,1.296427,0.113613,0.032990,0.040737,1270607,2.028103
ryzen7535hs,mpi,20000000,8,1,blockcyclic,256,-,0,2,1.537238,0.000015,1.429447,1.308652,1.361077,0.050845,0.035271,0.047383,1270607,2.085086
ryzen7535hs,mpi,20000000,8,1,blockcyclic,1024,-,0,2,1.472876,0.000013,1.372825,1.266065,1.328208,0.048139,0.030883,0.047147,1270607,2.019071
ryzen7535hs,mpi,20000000,8,1,blockcyclic,4096,-,0,2,1.546566,0.000009,1.452010,1.323603,1.393976,0.080313,0.028562,0.040842,1270607,2.114844
ryzen7535hs,mpi,20000000,8,1,blockcyclic,16384,-,0,2,1.456081,0.000094,1.364251,1.251997,1.327446,0.068112,0.030611,0.043047,1270607,2.025047
ryzen7535hs,hybrid,20000000,2,4,blockcyclic,1024,static,1,2,1.441350,0.000008,1.368994,1.362952,1.365973,0.013217,0.019470,0.039661,1270607,1.901950
ryzen7535hs,hybrid,20000000,2,4,blockcyclic,1024,static,16,2,1.559658,0.000011,1.488302,1.437874,1.463088,0.013137,0.019390,0.038819,1270607,2.030401
ryzen7535hs,hybrid,20000000,2,4,blockcyclic,1024,static,64,2,1.553095,0.000008,1.482827,1.461778,1.472303,0.013000,0.018948,0.038312,1270607,2.026781
ryzen7535hs,hybrid,20000000,2,4,blockcyclic,1024,static,256,2,1.538928,0.000008,1.467580,1.460069,1.463825,0.013263,0.019000,0.039078,1270607,2.007988
ryzen7535hs,hybrid,20000000,2,4,blockcyclic,1024,dynamic,1,2,1.509648,0.000010,1.435284,1.428164,1.431724,0.013306,0.019167,0.041881,1270607,1.972373
ryzen7535hs,hybrid,20000000,2,4,blockcyclic,1024,dynamic,16,2,1.445406,0.000008,1.371447,1.312940,1.342193,0.013456,0.020549,0.039945,1270607,1.905173
ryzen7535hs,hybrid,20000000,2,4,blockcyclic,1024,dynamic,64,2,1.459844,0.000009,1.386889,1.377618,1.382254,0.014287,0.019334,0.039325,1270607,1.933724
ryzen7535hs,hybrid,20000000,2,4,blockcyclic,1024,dynamic,256,2,1.554245,0.000008,1.481158,1.456187,1.468673,0.013319,0.019441,0.040318,1270607,2.020867
ryzen7535hs,hybrid,20000000,2,4,blockcyclic,1024,guided,1,2,1.405421,0.000013,1.333603,1.315276,1.324439,0.013161,0.019561,0.039084,1270607,1.865575
ryzen7535hs,hybrid,20000000,2,4,blockcyclic,1024,guided,16,2,1.450472,0.000009,1.371087,1.369254,1.370170,0.015299,0.020141,0.045769,1270607,1.931065
ryzen7535hs,hybrid,20000000,2,4,blockcyclic,1024,guided,64,2,1.461151,0.000010,1.385434,1.327816,1.356625,0.073378,0.019891,0.040056,1270607,1.933041
ryzen7535hs,hybrid,20000000,2,4,blockcyclic,1024,guided,256,2,1.528992,0.000019,1.452116,1.443666,1.447891,0.026448,0.019716,0.039143,1270607,2.001512
ryzen7535hs,mpi,20000000,1,1,block,1024,-,0,3,7.181861,0.000000,7.125021,7.125021,7.125021,0.014697,0.000001,0.042143,1270607,7.636518
ryzen7535hs,mpi,20000000,2,1,block,1024,-,0,3,5.456208,0.000005,5.396960,3.584725,4.490843,1.831815,0.000001,0.039662,1270607,5.928118
ryzen7535hs,mpi,20000000,4,1,block,1024,-,0,3,2.942314,0.000006,2.877549,1.389594,2.249759,1.510843,0.000001,0.041871,1270607,3.446049
ryzen7535hs,mpi,20000000,8,1,block,1024,-,0,3,1.735342,0.000007,1.669686,0.587787,1.263565,1.107109,0.000001,0.040438,1270607,2.290742
ryzen7535hs,mpi,20000000,1,1,cyclic,1024,-,0,3,7.161159,0.000000,7.105750,7.105750,7.105750,0.014986,0.000001,0.040422,1270607,7.608237
ryzen7535hs,mpi,20000000,2,1,cyclic,1024,-,0,3,4.762726,0.000005,4.674723,4.663141,4.668932,0.016258,0.032160,0.039579,1270607,5.232952
ryzen7535hs,mpi,20000000,3,1,cyclic,1024,-,0,3,3.972901,0.000006,3.878059,0.013593,2.585287,3.878587,0.040250,0.040464,1270607,4.453872
ryzen7535hs,mpi,20000000,4,1,cyclic,1024,-,0,3,2.417976,0.000006,2.310490,2.252810,2.281087,0.077757,0.047844,0.039560,1270607,2.921312
ryzen7535hs,mpi,20000000,5,1,cyclic,1024,-,0,3,2.450571,0.000006,2.335647,0.021337,1.810195,0.048631,0.051732,0.042423,1270607,2.968049
ryzen7535hs,mpi,20000000,6,1,cyclic,1024,-,0,3,2.375427,0.000005,2.254401,0.011405,1.467352,2.267280,0.053063,0.043673,1270607,2.895893
ryzen7535hs,mpi,20000000,7,1,cyclic,1024,-,0,3,1.792706,0.000007,1.659865,0.019723,1.348047,0.122171,0.056840,0.044965,1270607,2.342363
ryzen7535hs,mpi,20000000,8,1,cyclic,1024,-,0,3,1.566603,0.000007,1.435770,1.373775,1.405549,0.077938,0.057550,0.048404,1270607,2.129249
ryzen7535hs,mpi,20000000,1,1,blockcyclic,1024,-,0,3,7.282749,0.000000,7.225334,7.225334,7.225334,0.015399,0.000001,0.042016,1270607,7.737632
ryzen7535hs,mpi,20000000,2,1,blockcyclic,1024,-,0,3,4.589230,0.000005,4.511976,4.468747,4.490361,0.057564,0.020484,0.042429,1270607,5.057390
ryzen7535hs,mpi,20000000,3,1,blockcyclic,1024,-,0,3,2.878094,0.000005,2.796576,2.768913,2.782778,0.028940,0.025829,0.040475,1270607,3.355857
ryzen7535hs,mpi,20000000,4,1,blockcyclic,1024,-,0,3,2.493541,0.000005,2.408555,2.332233,2.364181,0.071976,0.026968,0.040183,1270607,2.993199
ryzen7535hs,mpi,20000000,5,1,blockcyclic,1024,-,0,3,2.003875,0.000006,1.914056,1.769095,1.829250,0.142491,0.028062,0.044408,1270607,2.514390
ryzen7535hs,mpi,20000000,6,1,blockcyclic,1024,-,0,3,1.788601,0.000006,1.697707,1.596538,1.648197,0.072293,0.028196,0.041908,1270607,2.321416
ryzen7535hs,mpi,20000000,7,1,blockcyclic,1024,-,0,3,1.583539,0.000031,1.486624,1.324008,1.432825,0.049206,0.029456,0.044434,1270607,2.134822
ryzen7535hs,mpi,20000000,8,1,blockcyclic,1024,-,0,3,1.481933,0.000008,1.380225,1.273569,1.320279,0.100736,0.033787,0.044990,1270607,2.040223
ryzen7535hs,mpi,20000000,1,1,wblock,1024,-,0,3,7.277425,0.000000,7.221986,7.221986,7.221986,0.014771,0.000001,0.040667,1270607,7.733757
ryzen7535hs,mpi,20000000,2,1,wblock,1024,-,0,3,4.308585,0.000005,4.255119,3.975313,4.115216,0.014016,0.000000,0.039444,1270607,4.784373
ryzen7535hs,mpi,20000000,4,1,wblock,1024,-,0,3,2.510544,0.000004,2.452899,2.238084,2.336187,0.018093,0.000000,0.039547,1270607,3.005487
ryzen7535hs,mpi,20000000,8,1,wblock,1024,-,0,3,1.518641,0.000011,1.452821,1.239130,1.315677,0.024839,0.000001,0.040969,1270607,2.084739
ryzen7535hs,mpi,20000000,8,1,blockcyclic,16,-,0,3,1.473101,0.000010,1.364756,1.301782,1.328544,0.064864,0.047422,0.046184,1270607,2.035867
ryzen7535hs,mpi,20000000,8,1,blockcyclic,64,-,0,3,1.477917,0.000010,1.383780,1.227017,1.324901,0.129857,0.033022,0.040968,1270607,2.045729
ryzen7535hs,mpi,20000000,8,1,blockcyclic,256,-,0,3,1.517767,0.000018,1.419795,1.265038,1.361090,0.073719,0.034524,0.044089,1270607,2.068906
ryzen7535hs,mpi,20000000,8,1,blockcyclic,1024,-,0,3,1.529981,0.000005,1.428808,1.304496,1.389511,0.048836,0.030700,0.045221,1270607,2.101181
ryzen7535hs,mpi,20000000,8,1,blockcyclic,4096,-,0,3,1.529812,0.000007,1.431844,1.325723,1.368388,0.060290,0.031676,0.047617,1270607,2.073305
ryzen7535hs,mpi,20000000,8,1,blockcyclic,16384,-,0,3,1.514591,0.000007,1.414232,1.296101,1.346153,0.025068,0.031096,0.044188,1270607,2.084636
ryzen7535hs,hybrid,20000000,2,4,blockcyclic,1024,static,1,3,1.520343,0.000009,1.447804,1.397713,1.422759,0.063534,0.019387,0.039701,1270607,1.979637
ryzen7535hs,hybrid,20000000,2,4,blockcyclic,1024,static,16,3,1.499512,0.000008,1.423741,1.406927,1.415334,0.031158,0.019251,0.042168,1270607,1.965401
ryzen7535hs,hybrid,20000000,2,4,blockcyclic,1024,static,64,3,1.529578,0.000013,1.443553,1.380671,1.412112,0.015584,0.023463,0.046966,1270607,1.997199
ryzen7535hs,hybrid,20000000,2,4,blockcyclic,1024,static,256,3,1.518795,0.000008,1.441520,1.434557,1.438039,0.016861,0.019912,0.040494,1270607,2.000678
ryzen7535hs,hybrid,20000000,2,4,blockcyclic,1024,dynamic,1,3,1.482226,0.000009,1.409595,1.358151,1.383873,0.013671,0.019351,0.039601,1270607,1.942445
ryzen7535hs,hybrid,20000000,2,4,blockcyclic,1024,dynamic,16,3,1.490149,0.000010,1.416142,1.392324,1.404233,0.013686,0.019723,0.040588,1270607,1.955753
ryzen7535hs,hybrid,20000000,2,4,blockcyclic,1024,dynamic,64,3,1.501486,0.000009,1.424840,1.375540,1.400190,0.063878,0.019512,0.042547,1270607,1.967124
ryzen7535hs,hybrid,20000000,2,4,blockcyclic,1024,dynamic,256,3,1.577636,0.000009,1.501692,1.496595,1.499144,0.015579,0.019497,0.040860,1270607,2.036500
ryzen7535hs,hybrid,20000000,2,4,blockcyclic,1024,guided,1,3,1.507092,0.000009,1.431409,1.413870,1.422640,0.034083,0.020180,0.038949,1270607,1.969770
ryzen7535hs,hybrid,20000000,2,4,blockcyclic,1024,guided,16,3,1.423980,0.000013,1.351536,1.337960,1.344748,0.013866,0.018927,0.039638,1270607,1.898982
ryzen7535hs,hybrid,20000000,2,4,blockcyclic,1024,guided,64,3,1.518212,0.000010,1.444919,1.441819,1.443369,0.017966,0.019026,0.039391,1270607,1.990906
ryzen7535hs,hybrid,20000000,2,4,blockcyclic,1024,guided,256,3,1.573762,0.000009,1.500022,1.489767,1.494894,0.013872,0.020175,0.039683,1270607,2.046031
ryzen7535hs,mpi,200000,1,1,blockcyclic,1024,-,0,1,0.013278,0.000000,0.012162,0.012162,0.012162,0.000383,0.000000,0.000732,17984,0.473124
ryzen7535hs,hybrid,200000,1,1,blockcyclic,1024,dynamic,64,1,0.012980,0.000004,0.011965,0.011965,0.011965,0.000222,0.000000,0.000789,17984,0.475417
ryzen7535hs,mpi,400000,1,1,blockcyclic,1024,-,0,1,0.031874,0.000000,0.030135,0.030135,0.030135,0.000538,0.000000,0.001200,33860,0.492888
ryzen7535hs,hybrid,400000,1,1,blockcyclic,1024,dynamic,64,1,0.032518,0.000003,0.030938,0.030938,0.030938,0.000400,0.000000,0.001176,33860,0.494001
ryzen7535hs,mpi,600000,1,1,blockcyclic,1024,-,0,1,0.055927,0.000000,0.053706,0.053706,0.053706,0.000623,0.000000,0.001598,49098,0.517789
ryzen7535hs,hybrid,600000,1,1,blockcyclic,1024,dynamic,64,1,0.060901,0.000010,0.058606,0.058606,0.058606,0.000596,0.000000,0.001689,49098,0.572510
ryzen7535hs,mpi,800000,1,1,blockcyclic,1024,-,0,1,0.091245,0.000000,0.088199,0.088199,0.088199,0.000952,0.000000,0.002095,63951,0.555617
ryzen7535hs,hybrid,800000,1,1,blockcyclic,1024,dynamic,64,1,0.084468,0.000004,0.081371,0.081371,0.081371,0.000876,0.000000,0.002218,63951,0.552512
ryzen7535hs,mpi,1000000,1,1,blockcyclic,1024,-,0,1,0.113041,0.000000,0.108747,0.108747,0.108747,0.001179,0.000000,0.003114,78498,0.579697
ryzen7535hs,hybrid,1000000,1,1,blockcyclic,1024,dynamic,64,1,0.109502,0.000004,0.106000,0.106000,0.106000,0.000945,0.000000,0.002552,78498,0.579640
ryzen7535hs,mpi,1500000,1,1,blockcyclic,1024,-,0,1,0.194928,0.000000,0.189848,0.189848,0.189848,0.001385,0.000000,0.003695,114155,0.658098
ryzen7535hs,hybrid,1500000,1,1,blockcyclic,1024,dynamic,64,1,0.194641,0.000003,0.189110,0.189110,0.189110,0.001242,0.000000,0.004286,114155,0.658300
ryzen7535hs,mpi,2000000,1,1,blockcyclic,1024,-,0,1,0.294217,0.000000,0.286734,0.286734,0.286734,0.001912,0.000000,0.005571,148933,0.760846
ryzen7535hs,hybrid,2000000,1,1,blockcyclic,1024,dynamic,64,1,0.298166,0.000003,0.289468,0.289468,0.289468,0.001807,0.000000,0.006887,148933,0.755712
ryzen7535hs,mpi,2500000,1,1,blockcyclic,1024,-,0,1,0.391466,0.000000,0.381692,0.381692,0.381692,0.002674,0.000001,0.007099,183072,0.848982
ryzen7535hs,hybrid,2500000,1,1,blockcyclic,1024,dynamic,64,1,0.396051,0.000003,0.387048,0.387048,0.387048,0.002067,0.000000,0.006933,183072,0.857718
ryzen7535hs,mpi,3000000,1,1,blockcyclic,1024,-,0,1,0.520686,0.000000,0.511147,0.511147,0.511147,0.002597,0.000001,0.006941,216816,0.989205
ryzen7535hs,hybrid,3000000,1,1,blockcyclic,1024,dynamic,64,1,0.508191,0.000003,0.498898,0.498898,0.498898,0.002416,0.000000,0.006872,216816,0.964705
ryzen7535hs,mpi,3500000,1,1,blockcyclic,1024,-,0,1,0.705799,0.000000,0.690927,0.690927,0.690927,0.002925,0.000001,0.011947,250150,1.174248
ryzen7535hs,hybrid,3500000,1,1,blockcyclic,1024,dynamic,64,1,0.636178,0.000003,0.623947,0.623947,0.623947,0.002701,0.000000,0.009526,250150,1.093722
ryzen7535hs,mpi,4000000,1,1,blockcyclic,1024,-,0,1,0.771834,0.000000,0.759011,0.759011,0.759011,0.003278,0.000000,0.009544,283146,1.237737
ryzen7535hs,hybrid,4000000,1,1,blockcyclic,1024,dynamic,64,1,0.752702,0.000004,0.739762,0.739762,0.739762,0.003761,0.000001,0.009175,283146,1.216897
ryzen7535hs,mpi,4500000,1,1,blockcyclic,1024,-,0,1,0.888717,0.000000,0.875156,0.875156,0.875156,0.003999,0.000000,0.009561,315948,1.350437
ryzen7535hs,hybrid,4500000,1,1,blockcyclic,1024,dynamic,64,1,0.895320,0.000010,0.881859,0.881859,0.881859,0.003502,0.000000,0.009949,315948,1.353547
ryzen7535hs,mpi,5000000,1,1,blockcyclic,1024,-,0,1,1.028072,0.000000,1.011361,1.011361,1.011361,0.003975,0.000001,0.012736,348513,1.488885
ryzen7535hs,hybrid,5000000,1,1,blockcyclic,1024,dynamic,64,1,1.046847,0.000003,1.027725,1.027725,1.027725,0.004390,0.000001,0.014729,348513,1.516160
ryzen7535hs,mpi,5500000,1,1,blockcyclic,1024,-,0,1,1.202838,0.000000,1.185245,1.185245,1.185245,0.004460,0.000000,0.013132,380800,1.713379
ryzen7535hs,hybrid,5500000,1,1,blockcyclic,1024,dynamic,64,1,1.191885,0.000004,1.175510,1.175510,1.175510,0.004432,0.000001,0.011938,380800,1.663686
ryzen7535hs,mpi,6000000,1,1,blockcyclic,1024,-,0,1,1.344330,0.000000,1.325301,1.325301,1.325301,0.005510,0.000001,0.013517,412849,1.810442
ryzen7535hs,hybrid,6000000,1,1,blockcyclic,1024,dynamic,64,1,1.355925,0.000003,1.336524,1.336524,1.336524,0.005078,0.000001,0.014319,412849,1.818751
ryzen7535hs,mpi,6500000,1,1,blockcyclic,1024,-,0,1,1.507325,0.000000,1.486498,1.486498,1.486498,0.005250,0.000001,0.015576,444757,1.975179
ryzen7535hs,hybrid,6500000,1,1,blockcyclic,1024,dynamic,64,1,1.535526,0.000003,1.516230,1.516230,1.516230,0.005173,0.000001,0.014119,444757,2.007715
ryzen7535hs,mpi,7000000,1,1,blockcyclic,1024,-,0,1,1.676845,0.000000,1.652185,1.652185,1.652185,0.009704,0.000001,0.014955,476648,2.132444
ryzen7535hs,hybrid,7000000,1,1,blockcyclic,1024,dynamic,64,1,1.670489,0.000003,1.647893,1.647893,1.647893,0.005569,0.000001,0.017024,476648,2.131781
ryzen7535hs,mpi,7500000,1,1,blockcyclic,1024,-,0,1,1.834428,0.000000,1.808595,1.808595,1.808595,0.010044,0.000001,0.015788,508261,2.294829
ryzen7535hs,hybrid,7500000,1,1,blockcyclic,1024,dynamic,64,1,1.874813,0.000003,1.840676,1.840676,1.840676,0.008193,0.000001,0.025940,508261,2.351934
ryzen7535hs,mpi,8000000,1,1,blockcyclic,1024,-,0,1,2.028925,0.000000,1.998447,1.998447,1.998447,0.014522,0.000001,0.015955,539777,2.531778
ryzen7535hs,hybrid,8000000,1,1,blockcyclic,1024,dynamic,64,1,2.007633,0.000003,1.984544,1.984544,1.984544,0.006076,0.000001,0.017009,539777,2.477555
ryzen7535hs,mpi,8500000,1,1,blockcyclic,1024,-,0,1,2.152609,0.000000,2.120713,2.120713,2.120713,0.011612,0.000001,0.020283,571119,2.614236
ryzen7535hs,hybrid,8500000,1,1,blockcyclic,1024,dynamic,64,1,2.220306,0.000003,2.196539,2.196539,2.196539,0.006726,0.000001,0.017037,571119,2.681674
ryzen7535hs,mpi,9000000,1,1,blockcyclic,1024,-,0,1,2.382262,0.000000,2.349086,2.349086,2.349086,0.013636,0.000001,0.019540,602489,2.856538
ryzen7535hs,hybrid,9000000,1,1,blockcyclic,1024,dynamic,64,1,2.368916,0.000004,2.341750,2.341750,2.341750,0.007344,0.000001,0.019818,602489,2.833220
ryzen7535hs,mpi,9500000,1,1,blockcyclic,1024,-,0,1,2.556000,0.000000,2.517100,2.517100,2.517100,0.013692,0.000001,0.025207,633578,3.033134
ryzen7535hs,hybrid,9500000,1,1,blockcyclic,1024,dynamic,64,1,2.607711,0.000004,2.580595,2.580595,2.580595,0.007693,0.000000,0.019419,633578,3.062398
ryzen7535hs,mpi,10000000,1,1,blockcyclic,1024,-,0,1,2.730505,0.000000,2.697906,2.697906,2.697906,0.012462,0.000001,0.020136,664579,3.206810
ryzen7535hs,hybrid,10000000,1,1,blockcyclic,1024,dynamic,64,1,2.749567,0.000004,2.714454,2.714454,2.714454,0.010220,0.000001,0.024888,664579,3.205389
ryzen7535hs,mpi,11000000,1,1,blockcyclic,1024,-,0,1,3.169321,0.000000,3.132912,3.132912,3.132912,0.014766,0.000001,0.021642,726517,3.622714
ryzen7535hs,hybrid,11000000,1,1,blockcyclic,1024,dynamic,64,1,3.106317,0.000003,3.076543,3.076543,3.076543,0.008140,0.000001,0.021630,726517,3.565635
ryzen7535hs,mpi,12000000,1,1,blockcyclic,1024,-,0,1,3.528634,0.000000,3.477788,3.477788,3.477788,0.015249,0.000001,0.035596,788060,3.992006
ryzen7535hs,hybrid,12000000,1,1,blockcyclic,1024,dynamic,64,1,3.565648,0.000009,3.531088,3.531088,3.531088,0.009459,0.000001,0.025091,788060,4.075987
ryzen7535hs,mpi,13000000,1,1,blockcyclic,1024,-,0,1,3.955394,0.000000,3.913110,3.913110,3.913110,0.015278,0.000001,0.027005,849252,4.414837
ryzen7535hs,hybrid,13000000,1,1,blockcyclic,1024,dynamic,64,1,4.037136,0.000003,4.000240,4.000240,4.000240,0.010016,0.000001,0.026876,849252,4.492402
ryzen7535hs,mpi,14000000,1,1,blockcyclic,1024,-,0,1,4.399366,0.000000,4.354307,4.354307,4.354307,0.017535,0.000001,0.027522,910077,4.860795
ryzen7535hs,hybrid,14000000,1,1,blockcyclic,1024,dynamic,64,1,4.449164,0.000003,4.409228,4.409228,4.409228,0.010936,0.000001,0.028996,910077,4.903152
ryzen7535hs,mpi,15000000,1,1,blockcyclic,1024,-,0,1,4.829130,0.000000,4.780607,4.780607,4.780607,0.019018,0.000001,0.029504,970704,5.285980
ryzen7535hs,hybrid,15000000,1,1,blockcyclic,1024,dynamic,64,1,4.932667,0.000003,4.887670,4.887670,4.887670,0.011703,0.000001,0.033290,970704,5.390901
ryzen7535hs,mpi,16000000,1,1,blockcyclic,1024,-,0,1,5.315701,0.000000,5.262824,5.262824,5.262824,0.019792,0.000001,0.033084,1031130,5.779554
ryzen7535hs,hybrid,16000000,1,1,blockcyclic,1024,dynamic,64,1,5.344712,0.000012,5.299817,5.299817,5.299817,0.012648,0.000001,0.032234,1031130,5.802710
ryzen7535hs,mpi,17000000,1,1,blockcyclic,1024,-,0,1,5.901821,0.000000,5.845814,5.845814,5.845814,0.022052,0.000001,0.033955,1091314,6.368345
ryzen7535hs,hybrid,17000000,1,1,blockcyclic,1024,dynamic,64,1,5.775770,0.000003,5.728763,5.728763,5.728763,0.012896,0.000001,0.034107,1091314,6.240565
ryzen7535hs,mpi,18000000,1,1,blockcyclic,1024,-,0,1,6.314743,0.000000,6.257657,6.257657,6.257657,0.020502,0.000001,0.036582,1151367,6.781183
ryzen7535hs,hybrid,18000000,1,1,blockcyclic,1024,dynamic,64,1,6.298805,0.000004,6.246325,6.246325,6.246325,0.013852,0.000001,0.038624,1151367,6.761192
ryzen7535hs,mpi,20000000,1,1,blockcyclic,1024,-,0,1,7.309968,0.000000,7.245429,7.245429,7.245429,0.024269,0.000001,0.040269,1270607,7.772115
ryzen7535hs,hybrid,20000000,1,1,blockcyclic,1024,dynamic,64,1,7.406642,0.000003,7.345135,7.345135,7.345135,0.015554,0.000001,0.045948,1270607,7.864658
ryzen7535hs,serial,30000000,1,1,-,0,-,0,1,13.344756,,13.100822,,,,,,1857859,13.344756
ryzen7535hs,pthread,30000000,1,8,-,0,-,0,1,2.994354,,2.740632,,,,,,1857859,2.994354
ryzen7535hs,openmp,30000000,1,8,-,0,static,1,1,2.913534,,2.666575,,,,,,1857859,2.913534
ryzen7535hs,mpi,30000000,8,1,blockcyclic,1024,-,0,1,2.783178,0.000008,2.606107,2.351275,2.499446,0.128630,0.048112,0.090787,1857859,3.394421
ryzen7535hs,hybrid,30000000,4,2,blockcyclic,1024,dynamic,64,1,2.560631,0.000011,2.434683,2.352676,2.386252,0.061820,0.037567,0.060396,1857859,3.122055
ryzen7535hs,mpi,30000000,1,1,blockcyclic,1024,-,0,1,12.969044,0.000000,12.874765,12.874765,12.874765,0.032783,0.000001,0.061495,1857859,13.435860
ryzen7535hs,hybrid,30000000,1,1,blockcyclic,1024,dynamic,64,1,12.966382,0.000003,12.884763,12.884763,12.884763,0.021189,0.000001,0.060425,1857859,13.428306
ryzen7535hs,serial,40000000,1,1,-,0,-,0,1,19.686581,,19.436300,,,,,,2433654,19.686581
ryzen7535hs,pthread,40000000,1,8,-,0,-,0,1,4.188548,,3.893764,,,,,,2433654,4.188548
ryzen7535hs,openmp,40000000,1,8,-,0,static,1,1,4.070866,,3.757344,,,,,,2433654,4.070866
ryzen7535hs,mpi,40000000,8,1,blockcyclic,1024,-,0,1,3.905357,0.000014,3.701280,3.571102,3.643263,0.081680,0.056180,0.102633,2433654,4.486257
ryzen7535hs,hybrid,40000000,4,2,blockcyclic,1024,dynamic,64,1,4.206205,0.000008,3.986102,3.817764,3.879612,0.042346,0.066444,0.111305,2433654,4.711040
ryzen7535hs,mpi,40000000,1,1,blockcyclic,1024,-,0,1,19.515737,0.000000,19.387884,19.387884,19.387884,0.046301,0.000001,0.081551,2433654,20.004539
ryzen7535hs,hybrid,40000000,1,1,blockcyclic,1024,dynamic,64,1,19.599933,0.000003,19.489627,19.489627,19.489627,0.028440,0.000001,0.081863,2433654,20.063183
ryzen7535hs,serial,50000000,1,1,-,0,-,0,1,26.989347,,26.700496,,,,,,3001134,26.989347
ryzen7535hs,pthread,50000000,1,8,-,0,-,0,1,5.790914,,5.389548,,,,,,3001134,5.790914
ryzen7535hs,openmp,50000000,1,8,-,0,static,1,1,5.771193,,5.372256,,,,,,3001134,5.771193
ryzen7535hs,mpi,50000000,8,1,blockcyclic,1024,-,0,1,5.564194,0.000007,5.293871,5.021011,5.198954,0.125868,0.079786,0.119903,3001134,6.141406
ryzen7535hs,hybrid,50000000,4,2,blockcyclic,1024,dynamic,64,1,5.359651,0.000010,5.156455,5.051940,5.113466,0.043214,0.057748,0.103771,3001134,5.871283
ryzen7535hs,mpi,50000000,1,1,blockcyclic,1024,-,0,1,27.008302,0.000000,26.827187,26.827187,26.827187,0.066068,0.000001,0.115046,3001134,27.470934
ryzen7535hs,hybrid,50000000,1,1,blockcyclic,1024,dynamic,64,1,26.788773,0.000003,26.645293,26.645293,26.645293,0.036617,0.000001,0.106859,3001134,27.259526
ryzen7535hs,pthread,20000000,1,12,-,0,-,0,1,1.618294,,1.435838,,,,,,1270607,1.618294
ryzen7535hs,openmp,20000000,1,12,-,0,static,1,1,1.587317,,1.417356,,,,,,1270607,1.587317
ryzen7535hs,mpi,20000000,12,1,blockcyclic,1024,-,0,1,1.681409,0.000006,1.570767,1.141256,1.295965,0.024965,0.030789,0.054882,1270607,2.318193
ryzen7535hs,pthread,20000000,1,16,-,0,-,0,1,1.663968,,1.456713,,,,,,1270607,1.663968
ryzen7535hs,openmp,20000000,1,16,-,0,static,1,1,1.712128,,1.551359,,,,,,1270607,1.712128
ryzen7535hs,mpi,20000000,16,1,blockcyclic,1024,-,0,1,1.552106,0.000103,1.427484,1.070543,1.274782,0.171862,0.034891,0.050842,1270607,2.268210
ryzen7535hs,mpi,200000,1,1,blockcyclic,1024,-,0,2,0.016555,0.000000,0.011174,0.011174,0.011174,0.000288,0.000000,0.005093,17984,0.474896
ryzen7535hs,hybrid,200000,1,1,blockcyclic,1024,dynamic,64,2,0.013150,0.000003,0.012266,0.012266,0.012266,0.000228,0.000000,0.000652,17984,0.472031
ryzen7535hs,mpi,400000,1,1,blockcyclic,1024,-,0,2,0.031868,0.000000,0.030225,0.030225,0.030225,0.000468,0.000000,0.001174,33860,0.496904
ryzen7535hs,hybrid,400000,1,1,blockcyclic,1024,dynamic,64,2,0.032343,0.000003,0.030642,0.030642,0.030642,0.000454,0.000000,0.001244,33860,0.494912
ryzen7535hs,mpi,600000,1,1,blockcyclic,1024,-,0,2,0.055854,0.000000,0.053200,0.053200,0.053200,0.000645,0.000000,0.002008,49098,0.520874
ryzen7535hs,hybrid,600000,1,1,blockcyclic,1024,dynamic,64,2,0.054970,0.000003,0.052740,0.052740,0.052740,0.000585,0.000000,0.001642,49098,0.518620
ryzen7535hs,mpi,800000,1,1,blockcyclic,1024,-,0,2,0.082834,0.000000,0.079678,0.079678,0.079678,0.000903,0.000000,0.002252,63951,0.538746
ryzen7535hs,hybrid,800000,1,1,blockcyclic,1024,dynamic,64,2,0.082388,0.000004,0.079387,0.079387,0.079387,0.000781,0.000000,0.002216,63951,0.540064
ryzen7535hs,mpi,1000000,1,1,blockcyclic,1024,-,0,2,0.109513,0.000000,0.105742,0.105742,0.105742,0.000967,0.000000,0.002802,78498,0.567256
ryzen7535hs,hybrid,1000000,1,1,blockcyclic,1024,dynamic,64,2,0.111769,0.000003,0.107908,0.107908,0.107908,0.000949,0.000000,0.002909,78498,0.570677
ryzen7535hs,mpi,1500000,1,1,blockcyclic,1024,-,0,2,0.230072,0.000000,0.223745,0.223745,0.223745,0.001911,0.000001,0.004415,114155,0.705716
ryzen7535hs,hybrid,1500000,1,1,blockcyclic,1024,dynamic,64,2,0.195727,0.000003,0.189819,0.189819,0.189819,0.001699,0.000000,0.004206,114155,0.681431
ryzen7535hs,mpi,2000000,1,1,blockcyclic,1024,-,0,2,0.285959,0.000000,0.278021,0.278021,0.278021,0.001802,0.000001,0.006135,148933,0.749065
ryzen7535hs,hybrid,2000000,1,1,blockcyclic,1024,dynamic,64,2,0.304247,0.000003,0.296712,0.296712,0.296712,0.001649,0.000000,0.005882,148933,0.760153
ryzen7535hs,mpi,2500000,1,1,blockcyclic,1024,-,0,2,0.397754,0.000000,0.387186,0.387186,0.387186,0.002826,0.000000,0.007741,183072,0.855551
ryzen7535hs,hybrid,2500000,1,1,blockcyclic,1024,dynamic,64,2,0.391979,0.000003,0.383844,0.383844,0.383844,0.002089,0.000000,0.006043,183072,0.850978
ryzen7535hs,mpi,3000000,1,1,blockcyclic,1024,-,0,2,0.503274,0.000000,0.493576,0.493576,0.493576,0.002792,0.000000,0.006905,216816,0.974232
ryzen7535hs,hybrid,3000000,1,1,blockcyclic,1024,dynamic,64,2,0.509121,0.000004,0.499360,0.499360,0.499360,0.002528,0.000000,0.007228,216816,0.978714
ryzen7535hs,mpi,3500000,1,1,blockcyclic,1024,-,0,2,0.619385,0.000000,0.608452,0.608452,0.608452,0.002941,0.000001,0.007992,250150,1.085293
ryzen7535hs,hybrid,3500000,1,1,blockcyclic,1024,dynamic,64,2,0.627728,0.000003,0.616756,0.616756,0.616756,0.002932,0.000000,0.008036,250150,1.087776
ryzen7535hs,mpi,4000000,1,1,blockcyclic,1024,-,0,2,0.755187,0.000000,0.742653,0.742653,0.742653,0.003482,0.000000,0.009051,283146,1.216896
ryzen7535hs,hybrid,4000000,1,1,blockcyclic,1024,dynamic,64,2,0.786524,0.000004,0.771278,0.771278,0.771278,0.003277,0.000000,0.011965,283146,1.253281
ryzen7535hs,mpi,4500000,1,1,blockcyclic,1024,-,0,2,0.901169,0.000000,0.886632,0.886632,0.886632,0.003982,0.000001,0.010554,315948,1.370612
ryzen7535hs,hybrid,4500000,1,1,blockcyclic,1024,dynamic,64,2,0.889569,0.000003,0.875231,0.875231,0.875231,0.003672,0.000001,0.010663,315948,1.360365
ryzen7535hs,mpi,5000000,1,1,blockcyclic,1024,-,0,2,1.036441,0.000000,1.017769,1.017769,1.017769,0.004431,0.000001,0.014240,348513,1.503887
ryzen7535hs,hybrid,5000000,1,1,blockcyclic,1024,dynamic,64,2,1.025876,0.000004,1.010303,1.010303,1.010303,0.004243,0.000001,0.011326,348513,1.495408
ryzen7535hs,mpi,5500000,1,1,blockcyclic,1024,-,0,2,1.186588,0.000000,1.170381,1.170381,1.170381,0.004561,0.000001,0.011645,380800,1.652802
ryzen7535hs,hybrid,5500000,1,1,blockcyclic,1024,dynamic,64,2,1.210137,0.000004,1.172745,1.172745,1.172745,0.009944,0.000001,0.027445,380800,1.684797
ryzen7535hs,mpi,6000000,1,1,blockcyclic,1024,-,0,2,1.337791,0.000000,1.319462,1.319462,1.319462,0.005313,0.000001,0.013015,412849,1.860899
ryzen7535hs,hybrid,6000000,1,1,blockcyclic,1024,dynamic,64,2,1.337266,0.000003,1.319182,1.319182,1.319182,0.005277,0.000001,0.012803,412849,1.821264
ryzen7535hs,mpi,6500000,1,1,blockcyclic,1024,-,0,2,1.486309,0.000000,1.467347,1.467347,1.467347,0.005392,0.000001,0.013569,444757,1.953588
ryzen7535hs,hybrid,6500000,1,1,blockcyclic,1024,dynamic,64,2,1.491444,0.000003,1.472439,1.472439,1.472439,0.005045,0.000001,0.013956,444757,1.958806
ryzen7535hs,mpi,7000000,1,1,blockcyclic,1024,-,0,2,1.662638,0.000000,1.642389,1.642389,1.642389,0.005539,0.000001,0.014709,476648,2.128836
ryzen7535hs,hybrid,7000000,1,1,blockcyclic,1024,dynamic,64,2,1.657333,0.000003,1.637501,1.637501,1.637501,0.005341,0.000001,0.014487,476648,2.186642
ryzen7535hs,mpi,7500000,1,1,blockcyclic,1024,-,0,2,1.832602,0.000000,1.807908,1.807908,1.807908,0.007230,0.000001,0.017463,508261,2.302082
ryzen7535hs,hybrid,7500000,1,1,blockcyclic,1024,dynamic,64,2,1.823028,0.000003,1.800959,1.800959,1.800959,0.005859,0.000001,0.016206,508261,2.281597
ryzen7535hs,mpi,8000000,1,1,blockcyclic,1024,-,0,2,1.998498,0.000000,1.974463,1.974463,1.974463,0.006991,0.000001,0.017043,539777,2.455538
ryzen7535hs,hybrid,8000000,1,1,blockcyclic,1024,dynamic,64,2,2.029058,0.000003,2.005608,2.005608,2.005608,0.006088,0.000000,0.017358,539777,2.487270
ryzen7535hs,mpi,8500000,1,1,blockcyclic,1024,-,0,2,2.187553,0.000001,2.162131,2.162131,2.162131,0.006990,0.000001,0.018431,571119,2.648482
ryzen7535hs,hybrid,8500000,1,1,blockcyclic,1024,dynamic,64,2,2.174594,0.000004,2.148854,2.148854,2.148854,0.006886,0.000001,0.018849,571119,2.641048
ryzen7535hs,mpi,9000000,1,1,blockcyclic,1024,-,0,2,2.344201,0.000000,2.318846,2.318846,2.318846,0.007201,0.000001,0.018153,602489,2.808661
ryzen7535hs,hybrid,9000000,1,1,blockcyclic,1024,dynamic,64,2,2.373597,0.000009,2.348275,2.348275,2.348275,0.006890,0.000001,0.018423,602489,2.914582
ryzen7535hs,mpi,9500000,1,1,blockcyclic,1024,-,0,2,2.513428,0.000000,2.485980,2.485980,2.485980,0.007549,0.000001,0.019898,633578,2.979617
ryzen7535hs,hybrid,9500000,1,1,blockcyclic,1024,dynamic,64,2,2.532257,0.000003,2.503901,2.503901,2.503901,0.007583,0.000001,0.020768,633578,3.002305
ryzen7535hs,mpi,10000000,1,1,blockcyclic,1024,-,0,2,2.806523,0.000000,2.773773,2.773773,2.773773,0.008407,0.000000,0.024342,664579,3.282717
ryzen7535hs,hybrid,10000000,1,1,blockcyclic,1024,dynamic,64,2,2.707574,0.000003,2.680070,2.680070,2.680070,0.007675,0.000000,0.019824,664579,3.174067
ryzen7535hs,mpi,11000000,1,1,blockcyclic,1024,-,0,2,3.122143,0.000000,3.089937,3.089937,3.089937,0.008843,0.000001,0.023363,726517,3.588514
ryzen7535hs,hybrid,11000000,1,1,blockcyclic,1024,dynamic,64,2,3.196542,0.000003,3.164039,3.164039,3.164039,0.008796,0.000001,0.023703,726517,3.658076
ryzen7535hs,mpi,12000000,1,1,blockcyclic,1024,-,0,2,3.521840,0.000000,3.487019,3.487019,3.487019,0.009473,0.000001,0.025347,788060,3.977911
ryzen7535hs,hybrid,12000000,1,1,blockcyclic,1024,dynamic,64,2,3.592713,0.000003,3.559738,3.559738,3.559738,0.009344,0.000001,0.023627,788060,4.059943
ryzen7535hs,mpi,13000000,1,1,blockcyclic,1024,-,0,2,3.971633,0.000000,3.934762,3.934762,3.934762,0.010531,0.000001,0.026339,849252,4.428129
ryzen7535hs,hybrid,13000000,1,1,blockcyclic,1024,dynamic,64,2,3.972890,0.000003,3.934769,3.934769,3.934769,0.010274,0.000001,0.027843,849252,4.445334
ryzen7535hs,mpi,14000000,1,1,blockcyclic,1024,-,0,2,4.421283,0.000000,4.380631,4.380631,4.380631,0.011142,0.000001,0.029510,910077,4.877379
ryzen7535hs,hybrid,14000000,1,1,blockcyclic,1024,dynamic,64,2,4.387643,0.000003,4.346900,4.346900,4.346900,0.011267,0.000001,0.029472,910077,4.854224
ryzen7535hs,mpi,15000000,1,1,blockcyclic,1024,-,0,2,4.908901,0.000000,4.864570,4.864570,4.864570,0.012442,0.000001,0.031888,970704,5.367059
ryzen7535hs,hybrid,15000000,1,1,blockcyclic,1024,dynamic,64,2,4.858456,0.000003,4.796970,4.796970,4.796970,0.016710,0.000001,0.044771,970704,5.338060
ryzen7535hs,mpi,16000000,1,1,blockcyclic,1024,-,0,2,5.306092,0.000000,5.260073,5.260073,5.260073,0.013335,0.000001,0.032684,1031130,5.789935
ryzen7535hs,hybrid,16000000,1,1,blockcyclic,1024,dynamic,64,2,5.350927,0.000004,5.302620,5.302620,5.302620,0.012970,0.000001,0.035333,1031130,5.805939
ryzen7535hs,mpi,17000000,1,1,blockcyclic,1024,-,0,2,5.780213,0.000000,5.729270,5.729270,5.729270,0.014562,0.000001,0.036380,1091314,6.248694
ryzen7535hs,hybrid,17000000,1,1,blockcyclic,1024,dynamic,64,2,5.828471,0.000004,5.781207,5.781207,5.781207,0.013173,0.000001,0.034085,1091314,6.290512
ryzen7535hs,mpi,18000000,1,1,blockcyclic,1024,-,0,2,6.294871,0.000000,6.235732,6.235732,6.235732,0.015178,0.000001,0.043961,1151367,6.768363
ryzen7535hs,hybrid,18000000,1,1,blockcyclic,1024,dynamic,64,2,6.270198,0.000004,6.218234,6.218234,6.218234,0.013174,0.000001,0.038785,1151367,6.729651
ryzen7535hs,mpi,20000000,1,1,blockcyclic,1024,-,0,2,7.312947,0.000000,7.256453,7.256453,7.256453,0.016198,0.000001,0.040294,1270607,7.772838
ryzen7535hs,hybrid,20000000,1,1,blockcyclic,1024,dynamic,64,2,7.341326,0.000003,7.284540,7.284540,7.284540,0.015799,0.000001,0.040983,1270607,7.809965
ryzen7535hs,serial,30000000,1,1,-,0,-,0,2,13.075074,,12.885040,,,,,,1857859,13.075074
ryzen7535hs,pthread,30000000,1,8,-,0,-,0,2,2.761380,,2.523995,,,,,,1857859,2.761380
ryzen7535hs,openmp,30000000,1,8,-,0,static,1,2,2.825121,,2.573899,,,,,,1857859,2.825121
ryzen7535hs,mpi,30000000,8,1,blockcyclic,1024,-,0,2,2.547163,0.000011,2.413895,2.150182,2.285829,0.235624,0.042659,0.072015,1857859,3.115103
ryzen7535hs,hybrid,30000000,4,2,blockcyclic,1024,dynamic,64,2,2.552502,0.000010,2.430728,2.340999,2.376811,0.102698,0.039141,0.061351,1857859,3.059409
ryzen7535hs,mpi,30000000,1,1,blockcyclic,1024,-,0,2,12.969242,0.000000,12.886757,12.886757,12.886757,0.022169,0.000001,0.060315,1857859,13.429377
ryzen7535hs,hybrid,30000000,1,1,blockcyclic,1024,dynamic,64,2,12.986534,0.000004,12.898103,12.898103,12.898103,0.024662,0.000001,0.063764,1857859,13.451299
ryzen7535hs,serial,40000000,1,1,-,0,-,0,2,19.517863,,19.285526,,,,,,2433654,19.517863
ryzen7535hs,pthread,40000000,1,8,-,0,-,0,2,4.304982,,3.972603,,,,,,2433654,4.304982
ryzen7535hs,openmp,40000000,1,8,-,0,static,1,2,4.367474,,4.047887,,,,,,2433654,4.367474
ryzen7535hs,mpi,40000000,8,1,blockcyclic,1024,-,0,2,3.757389,0.000007,3.569773,3.375688,3.472286,0.100898,0.062231,0.080837,2433654,4.322163
ryzen7535hs,hybrid,40000000,4,2,blockcyclic,1024,dynamic,64,2,3.910463,0.000010,3.738222,3.525192,3.610370,0.244492,0.046141,0.094627,2433654,4.420465
ryzen7535hs,mpi,40000000,1,1,blockcyclic,1024,-,0,2,19.390691,0.000000,19.270152,19.270152,19.270152,0.039452,0.000001,0.081086,2433654,19.854635
ryzen7535hs,hybrid,40000000,1,1,blockcyclic,1024,dynamic,64,2,19.461989,0.000003,19.351905,19.351905,19.351905,0.029313,0.000001,0.080767,2433654,19.941035
ryzen7535hs,serial,50000000,1,1,-,0,-,0,2,26.789369,,26.500498,,,,,,3001134,26.789369
ryzen7535hs,pthread,50000000,1,8,-,0,-,0,2,5.621311,,5.223284,,,,,,3001134,5.621311
ryzen7535hs,openmp,50000000,1,8,-,0,static,1,2,5.553725,,5.065629,,,,,,3001134,5.553725
ryzen7535hs,mpi,50000000,8,1,blockcyclic,1024,-,0,2,5.099020,0.000006,4.841056,4.574993,4.717624,0.119796,0.082398,0.121530,3001134,5.680497
ryzen7535hs,hybrid,50000000,4,2,blockcyclic,1024,dynamic,64,2,5.139784,0.000011,4.941406,4.824900,4.879924,0.043301,0.054950,0.100117,3001134,5.657698
ryzen7535hs,mpi,50000000,1,1,blockcyclic,1024,-,0,2,26.736756,0.000000,26.583145,26.583145,26.583145,0.054072,0.000001,0.099538,3001134,27.202346
ryzen7535hs,hybrid,50000000,1,1,blockcyclic,1024,dynamic,64,2,26.662701,0.000003,26.526092,26.526092,26.526092,0.036484,0.000001,0.100121,3001134,27.126490
ryzen7535hs,pthread,20000000,1,12,-,0,-,0,2,1.610829,,1.442528,,,,,,1270607,1.610829
ryzen7535hs,openmp,20000000,1,12,-,0,static,1,2,1.573435,,1.406539,,,,,,1270607,1.573435
ryzen7535hs,mpi,20000000,12,1,blockcyclic,1024,-,0,2,1.899674,0.000006,1.799071,1.043743,1.345753,0.680495,0.027853,0.054341,1270607,2.553360
ryzen7535hs,pthread,20000000,1,16,-,0,-,0,2,1.619167,,1.449216,,,,,,1270607,1.619167
ryzen7535hs,openmp,20000000,1,16,-,0,static,1,2,1.665844,,1.494297,,,,,,1270607,1.665844
ryzen7535hs,mpi,20000000,16,1,blockcyclic,1024,-,0,2,1.567980,0.000027,1.469946,0.704292,1.215094,0.125862,0.029205,0.048569,1270607,2.275501
ryzen7535hs,mpi,200000,1,1,blockcyclic,1024,-,0,3,0.018035,0.000000,0.012371,0.012371,0.012371,0.000310,0.000000,0.005353,17984,0.472992
ryzen7535hs,hybrid,200000,1,1,blockcyclic,1024,dynamic,64,3,0.013383,0.000003,0.012023,0.012023,0.012023,0.000241,0.000000,0.001116,17984,0.478192
ryzen7535hs,mpi,400000,1,1,blockcyclic,1024,-,0,3,0.031962,0.000000,0.030144,0.030144,0.030144,0.000558,0.000000,0.001259,33860,0.489373
ryzen7535hs,hybrid,400000,1,1,blockcyclic,1024,dynamic,64,3,0.032935,0.000003,0.031183,0.031183,0.031183,0.000377,0.000000,0.001372,33860,0.497664
ryzen7535hs,mpi,600000,1,1,blockcyclic,1024,-,0,3,0.056057,0.000000,0.053750,0.053750,0.053750,0.000677,0.000000,0.001630,49098,0.528769
ryzen7535hs,hybrid,600000,1,1,blockcyclic,1024,dynamic,64,3,0.055099,0.000004,0.052705,0.052705,0.052705,0.000564,0.000000,0.001825,49098,0.561715
ryzen7535hs,mpi,800000,1,1,blockcyclic,1024,-,0,3,0.081017,0.000000,0.077929,0.077929,0.077929,0.000876,0.000000,0.002211,63951,0.545602
ryzen7535hs,hybrid,800000,1,1,blockcyclic,1024,dynamic,64,3,0.083391,0.000004,0.080560,0.080560,0.080560,0.000704,0.000000,0.002123,63951,0.550382
ryzen7535hs,mpi,1000000,1,1,blockcyclic,1024,-,0,3,0.112051,0.000000,0.108149,0.108149,0.108149,0.001323,0.000000,0.002579,78498,0.578754
ryzen7535hs,hybrid,1000000,1,1,blockcyclic,1024,dynamic,64,3,0.117090,0.000003,0.113551,0.113551,0.113551,0.000875,0.000000,0.002659,78498,0.579637
ryzen7535hs,mpi,1500000,1,1,blockcyclic,1024,-,0,3,0.194327,0.000000,0.188641,0.188641,0.188641,0.001664,0.000000,0.004021,114155,0.651515
ryzen7535hs,hybrid,1500000,1,1,blockcyclic,1024,dynamic,64,3,0.197815,0.000003,0.192295,0.192295,0.192295,0.001448,0.000000,0.004068,114155,0.662401
ryzen7535hs,mpi,2000000,1,1,blockcyclic,1024,-,0,3,0.288622,0.000000,0.280970,0.280970,0.280970,0.001897,0.000000,0.005755,148933,0.750200
ryzen7535hs,hybrid,2000000,1,1,blockcyclic,1024,dynamic,64,3,0.286684,0.000004,0.279652,0.279652,0.279652,0.001765,0.000000,0.005263,148933,0.742272
ryzen7535hs,mpi,2500000,1,1,blockcyclic,1024,-,0,3,0.393127,0.000000,0.384519,0.384519,0.384519,0.002652,0.000001,0.005956,183072,0.854113
ryzen7535hs,hybrid,2500000,1,1,blockcyclic,1024,dynamic,64,3,0.392987,0.000013,0.383724,0.383724,0.383724,0.002049,0.000000,0.007201,183072,0.860488
ryzen7535hs,mpi,3000000,1,1,blockcyclic,1024,-,0,3,0.509055,0.000000,0.499147,0.499147,0.499147,0.003003,0.000000,0.006905,216816,0.971864
ryzen7535hs,hybrid,3000000,1,1,blockcyclic,1024,dynamic,64,3,0.510848,0.000003,0.500773,0.500773,0.500773,0.002832,0.000001,0.007239,216816,0.969035
ryzen7535hs,mpi,3500000,1,1,blockcyclic,1024,-,0,3,0.665299,0.000000,0.654277,0.654277,0.654277,0.003028,0.000000,0.007993,250150,1.131982
ryzen7535hs,hybrid,3500000,1,1,blockcyclic,1024,dynamic,64,3,0.630215,0.000003,0.619470,0.619470,0.619470,0.002813,0.000000,0.007928,250150,1.090475
ryzen7535hs,mpi,4000000,1,1,blockcyclic,1024,-,0,3,0.764025,0.000000,0.750760,0.750760,0.750760,0.003905,0.000000,0.009359,283146,1.226258
ryzen7535hs,hybrid,4000000,1,1,blockcyclic,1024,dynamic,64,3,0.746344,0.000003,0.733850,0.733850,0.733850,0.003294,0.000000,0.009197,283146,1.214452
ryzen7535hs,mpi,4500000,1,1,blockcyclic,1024,-,0,3,0.882611,0.000000,0.868549,0.868549,0.868549,0.003872,0.000000,0.010189,315948,1.340710
ryzen7535hs,hybrid,4500000,1,1,blockcyclic,1024,dynamic,64,3,0.886436,0.000004,0.871455,0.871455,0.871455,0.004712,0.000001,0.010265,315948,1.344356
ryzen7535hs,mpi,5000000,1,1,blockcyclic,1024,-,0,3,1.019016,0.000000,1.003263,1.003263,1.003263,0.004308,0.000001,0.011444,348513,1.492629
ryzen7535hs,hybrid,5000000,1,1,blockcyclic,1024,dynamic,64,3,1.028344,0.000003,1.007861,1.007861,1.007861,0.004276,0.000000,0.016204,348513,1.497540
ryzen7535hs,mpi,5500000,1,1,blockcyclic,1024,-,0,3,1.180714,0.000000,1.163906,1.163906,1.163906,0.004701,0.000000,0.012107,380800,1.698129
ryzen7535hs,hybrid,5500000,1,1,blockcyclic,1024,dynamic,64,3,1.197718,0.000004,1.181055,1.181055,1.181055,0.004508,0.000000,0.012151,380800,1.667838
ryzen7535hs,mpi,6000000,1,1,blockcyclic,1024,-,0,3,1.324187,0.000000,1.305328,1.305328,1.305328,0.005222,0.000001,0.013636,412849,1.785908
ryzen7535hs,hybrid,6000000,1,1,blockcyclic,1024,dynamic,64,3,1.333997,0.000003,1.314609,1.314609,1.314609,0.004791,0.000001,0.014594,412849,1.801841
ryzen7535hs,mpi,6500000,1,1,blockcyclic,1024,-,0,3,1.497421,0.000000,1.476035,1.476035,1.476035,0.006686,0.000000,0.014700,444757,1.961474
ryzen7535hs,hybrid,6500000,1,1,blockcyclic,1024,dynamic,64,3,1.556448,0.000004,1.536066,1.536066,1.536066,0.005850,0.000001,0.014528,444757,2.028641
ryzen7535hs,mpi,7000000,1,1,blockcyclic,1024,-,0,3,1.667466,0.000000,1.647125,1.647125,1.647125,0.005564,0.000001,0.014777,476648,2.156778
ryzen7535hs,hybrid,7000000,1,1,blockcyclic,1024,dynamic,64,3,1.642019,0.000003,1.621450,1.621450,1.621450,0.005854,0.000001,0.014710,476648,2.110120
ryzen7535hs,mpi,7500000,1,1,blockcyclic,1024,-,0,3,1.815675,0.000000,1.793615,1.793615,1.793615,0.006059,0.000000,0.016001,508261,2.272695
ryzen7535hs,hybrid,7500000,1,1,blockcyclic,1024,dynamic,64,3,1.812739,0.000003,1.789716,1.789716,1.789716,0.005993,0.000000,0.017026,508261,2.285980
ryzen7535hs,mpi,8000000,1,1,blockcyclic,1024,-,0,3,1.994554,0.000000,1.970365,1.970365,1.970365,0.006649,0.000001,0.017539,539777,2.521861
ryzen7535hs,hybrid,8000000,1,1,blockcyclic,1024,dynamic,64,3,1.977875,0.000004,1.950878,1.950878,1.950878,0.010913,0.000001,0.016079,539777,2.447378
ryzen7535hs,mpi,8500000,1,1,blockcyclic,1024,-,0,3,2.161348,0.000000,2.136593,2.136593,2.136593,0.007336,0.000001,0.017418,571119,2.618325
ryzen7535hs,hybrid,8500000,1,1,blockcyclic,1024,dynamic,64,3,2.196857,0.000003,2.166635,2.166635,2.166635,0.007979,0.000001,0.022239,571119,2.663981
ryzen7535hs,mpi,9000000,1,1,blockcyclic,1024,-,0,3,2.375093,0.000000,2.349130,2.349130,2.349130,0.007542,0.000001,0.018421,602489,2.831787
ryzen7535hs,hybrid,9000000,1,1,blockcyclic,1024,dynamic,64,3,2.333559,0.000003,2.305743,2.305743,2.305743,0.007548,0.000001,0.020266,602489,2.792586
ryzen7535hs,mpi,9500000,1,1,blockcyclic,1024,-,0,3,2.508858,0.000000,2.481362,2.481362,2.481362,0.007553,0.000001,0.019942,633578,2.975389
ryzen7535hs,hybrid,9500000,1,1,blockcyclic,1024,dynamic,64,3,2.570705,0.000003,2.544619,2.544619,2.544619,0.007522,0.000001,0.018559,633578,3.039801
ryzen7535hs,mpi,10000000,1,1,blockcyclic,1024,-,0,3,2.720650,0.000000,2.693283,2.693283,2.693283,0.007813,0.000001,0.019554,664579,3.194384
ryzen7535hs,hybrid,10000000,1,1,blockcyclic,1024,dynamic,64,3,2.726133,0.000003,2.697584,2.697584,2.697584,0.007821,0.000001,0.020724,664579,3.188046
ryzen7535hs,mpi,11000000,1,1,blockcyclic,1024,-,0,3,3.150755,0.000000,3.119250,3.119250,3.119250,0.008951,0.000000,0.022553,726517,3.614238
ryzen7535hs,hybrid,11000000,1,1,blockcyclic,1024,dynamic,64,3,3.100456,0.000004,3.069074,3.069074,3.069074,0.009040,0.000001,0.022336,726517,3.580499
ryzen7535hs,mpi,12000000,1,1,blockcyclic,1024,-,0,3,3.511776,0.000000,3.478060,3.478060,3.478060,0.009751,0.000001,0.023965,788060,3.976089
ryzen7535hs,hybrid,12000000,1,1,blockcyclic,1024,dynamic,64,3,3.526048,0.000005,3.491605,3.491605,3.491605,0.009276,0.000001,0.025161,788060,4.003340
ryzen7535hs,mpi,13000000,1,1,blockcyclic,1024,-,0,3,3.918456,0.000000,3.880725,3.880725,3.880725,0.011076,0.000001,0.026654,849252,4.391582
ryzen7535hs,hybrid,13000000,1,1,blockcyclic,1024,dynamic,64,3,4.013352,0.000003,3.976178,3.976178,3.976178,0.010412,0.000001,0.026757,849252,4.479780
ryzen7535hs,mpi,14000000,1,1,blockcyclic,1024,-,0,3,4.328481,0.000000,4.288014,4.288014,4.288014,0.011022,0.000001,0.029443,910077,4.785487
ryzen7535hs,hybrid,14000000,1,1,blockcyclic,1024,dynamic,64,3,4.434628,0.000003,4.394484,4.394484,4.394484,0.011166,0.000001,0.028974,910077,4.890298
ryzen7535hs,mpi,15000000,1,1,blockcyclic,1024,-,0,3,4.803148,0.000000,4.760877,4.760877,4.760877,0.011546,0.000001,0.030724,970704,5.268492
ryzen7535hs,hybrid,15000000,1,1,blockcyclic,1024,dynamic,64,3,4.884891,0.000003,4.844014,4.844014,4.844014,0.011185,0.000001,0.029688,970704,5.351855
ryzen7535hs,mpi,16000000,1,1,blockcyclic,1024,-,0,3,5.265174,0.000000,5.217718,5.217718,5.217718,0.012478,0.000001,0.034977,1031130,5.728984
ryzen7535hs,hybrid,16000000,1,1,blockcyclic,1024,dynamic,64,3,5.385777,0.000011,5.341798,5.341798,5.341798,0.012250,0.000001,0.031716,1031130,5.857072
ryzen7535hs,mpi,17000000,1,1,blockcyclic,1024,-,0,3,5.829816,0.000000,5.777549,5.777549,5.777549,0.013666,0.000001,0.038599,1091314,6.296810
ryzen7535hs,hybrid,17000000,1,1,blockcyclic,1024,dynamic,64,3,5.747820,0.000004,5.698837,5.698837,5.698837,0.015134,0.000001,0.033844,1091314,6.214511
ryzen7535hs,mpi,18000000,1,1,blockcyclic,1024,-,0,3,6.353697,0.000000,6.302054,6.302054,6.302054,0.014266,0.000001,0.037376,1151367,6.820633
ryzen7535hs,hybrid,18000000,1,1,blockcyclic,1024,dynamic,64,3,6.242676,0.000003,6.193049,6.193049,6.193049,0.013545,0.000001,0.036078,1151367,6.710467
ryzen7535hs,mpi,20000000,1,1,blockcyclic,1024,-,0,3,7.235736,0.000000,7.178101,7.178101,7.178101,0.016309,0.000001,0.041325,1270607,7.698672
ryzen7535hs,hybrid,20000000,1,1,blockcyclic,1024,dynamic,64,3,7.346087,0.000003,7.289964,7.289964,7.289964,0.014774,0.000001,0.041345,1270607,7.814644
ryzen7535hs,serial,30000000,1,1,-,0,-,0,3,12.964561,,12.772256,,,,,,1857859,12.964561
ryzen7535hs,pthread,30000000,1,8,-,0,-,0,3,2.877220,,2.635530,,,,,,1857859,2.877220
ryzen7535hs,openmp,30000000,1,8,-,0,static,1,3,2.819311,,2.561811,,,,,,1857859,2.819311
ryzen7535hs,mpi,30000000,8,1,blockcyclic,1024,-,0,3,2.450549,0.000009,2.333412,2.218929,2.275818,0.062219,0.031234,0.062988,1857859,3.018614
ryzen7535hs,hybrid,30000000,4,2,blockcyclic,1024,dynamic,64,3,2.568332,0.000010,2.460667,2.378118,2.429473,0.019939,0.029090,0.058625,1857859,3.071552
ryzen7535hs,mpi,30000000,1,1,blockcyclic,1024,-,0,3,12.932655,0.000000,12.849567,12.849567,12.849567,0.022845,0.000001,0.060243,1857859,13.397344
ryzen7535hs,hybrid,30000000,1,1,blockcyclic,1024,dynamic,64,3,12.932749,0.000003,12.846152,12.846152,12.846152,0.023355,0.000001,0.063239,1857859,13.400102
ryzen7535hs,serial,40000000,1,1,-,0,-,0,3,19.670879,,19.424519,,,,,,2433654,19.670879
ryzen7535hs,pthread,40000000,1,8,-,0,-,0,3,4.147951,,3.825643,,,,,,2433654,4.147951
ryzen7535hs,openmp,40000000,1,8,-,0,static,1,3,4.054309,,3.730064,,,,,,2433654,4.054309
ryzen7535hs,mpi,40000000,8,1,blockcyclic,1024,-,0,3,4.102408,0.000008,3.848159,3.427436,3.607141,0.466195,0.072657,0.136112,2433654,4.667979
ryzen7535hs,hybrid,40000000,4,2,blockcyclic,1024,dynamic,64,3,3.938478,0.000011,3.788298,3.621483,3.697679,0.030053,0.039606,0.080510,2433654,4.458755
ryzen7535hs,mpi,40000000,1,1,blockcyclic,1024,-,0,3,19.551240,0.000001,19.411426,19.411426,19.411426,0.048113,0.000001,0.091699,2433654,20.065579
ryzen7535hs,hybrid,40000000,1,1,blockcyclic,1024,dynamic,64,3,19.476795,0.000003,19.366115,19.366115,19.366115,0.028990,0.000001,0.081685,2433654,19.969875
ryzen7535hs,serial,50000000,1,1,-,0,-,0,3,26.952621,,26.650455,,,,,,3001134,26.952621
ryzen7535hs,pthread,50000000,1,8,-,0,-,0,3,5.751349,,5.352421,,,,,,3001134,5.751349
ryzen7535hs,openmp,50000000,1,8,-,0,static,1,3,5.610605,,5.217179,,,,,,3001134,5.610605
ryzen7535hs,mpi,50000000,8,1,blockcyclic,1024,-,0,3,5.247549,0.000550,4.977612,4.743357,4.857676,0.283906,0.064543,0.155193,3001134,5.832311
ryzen7535hs,hybrid,50000000,4,2,blockcyclic,1024,dynamic,64,3,5.210733,0.000009,5.009563,4.896617,4.960015,0.151048,0.057352,0.105707,3001134,5.712864
ryzen7535hs,mpi,50000000,1,1,blockcyclic,1024,-,0,3,26.981959,0.000000,26.824217,26.824217,26.824217,0.056174,0.000001,0.101568,3001134,27.455721
ryzen7535hs,hybrid,50000000,1,1,blockcyclic,1024,dynamic,64,3,26.682932,0.000004,26.545748,26.545748,26.545748,0.037754,0.000001,0.099426,3001134,27.156049
ryzen7535hs,pthread,20000000,1,12,-,0,-,0,3,1.804916,,1.641030,,,,,,1270607,1.804916
ryzen7535hs,openmp,20000000,1,12,-,0,static,1,3,1.670933,,1.501141,,,,,,1270607,1.670933
ryzen7535hs,mpi,20000000,12,1,blockcyclic,1024,-,0,3,1.756248,0.000007,1.616908,1.131331,1.298715,0.242706,0.032463,0.057136,1270607,2.425733
ryzen7535hs,pthread,20000000,1,16,-,0,-,0,3,1.597047,,1.437941,,,,,,1270607,1.597047
ryzen7535hs,openmp,20000000,1,16,-,0,static,1,3,1.619194,,1.448376,,,,,,1270607,1.619194
ryzen7535hs,mpi,20000000,16,1,blockcyclic,1024,-,0,3,1.863470,0.000027,1.750000,0.991868,1.385782,0.279315,0.033692,0.054450,1270607,2.548456
